"Class","d_fpssm_0","d_fpssm_1","d_fpssm_2","d_fpssm_3","d_fpssm_4","d_fpssm_5","d_fpssm_6","d_fpssm_7","d_fpssm_8","d_fpssm_9","d_fpssm_10","d_fpssm_11","d_fpssm_12","d_fpssm_13","d_fpssm_14","d_fpssm_15","d_fpssm_16","d_fpssm_17","d_fpssm_18","d_fpssm_19"
1,0.000222302408598,0.000289959663389,0.000219080634561,0.000789334639226,0.000296403211464,0.000280294341276,0.00097619753341,0.000215858860523,0.000273850793201,0.000631467711381,0.000228745956674,0.000596028196966,0.000444604817197,0.000190084668222,9.66532211297e-06,0,9.98749951673e-05,0.000270629019163,0.000122427413431,0.000312512081653
1,0.000244230064721,0.0003088791995,0.000596208687407,0.000581842213012,0.00143664743954,0.000423810994663,0.000646491347791,0.000416627757465,0.00121396708641,0.00071114048257,0.000107748557965,0.000596208687407,0.000739873431361,0.000366345097081,0.000344795385488,0.000150847981151,0,0.000905087886907,0.000466910417849,0.000179580929942
1,0.00144647332617,0.000802005012531,0.00105979233799,0.00146079484425,0.00240601503759,0.000830648048693,0.00193340494092,0.000916577157179,0.00276405298962,0.00173290368779,0.00063014679556,0.00134622269961,0.0028499820981,0.00114572144647,0.00078768349445,0,0.000200501253133,0.00242033655567,0.0018761188686,0.00130325814536
1,0.00143661971831,0.000704225352113,0.000957746478873,0.00121126760563,0.00222535211268,0.000732394366197,0.00170422535211,0.000788732394366,0.00257746478873,0.00180281690141,0.000859154929577,0.0012676056338,0.00278873239437,0.00108450704225,0.000478873239437,5.6338028169e-05,0,0.00242253521127,0.00140845070423,0.00123943661972
1,0.00135963816976,0.000887926968007,0.00109603485113,0.00135963816976,0.00194234024252,0.000665945226005,0.00178972779489,0.00101279169788,0.00259441160965,0.00159549377064,0.000721440661506,0.00137351202864,0.00274702405727,0.00117927800438,0.000846305391382,0,0.000166486306501,0.00185909708926,0.00153999833514,0.00127639501651
1,8.73015873016e-05,0.00034126984127,0.000777777777778,0.000595238095238,0.00234920634921,0.00015873015873,6.34920634921e-05,0.000238095238095,0.00209523809524,0.000436507936508,7.93650793651e-06,0.000246031746032,0.00148412698413,0.000603174603175,0.000619047619048,0,1.5873015873e-05,0.00173015873016,0.000825396825397,0.000214285714286
1,0.000156930440582,0.00043940523363,0.000674800894504,0.0006198752403,0.00211071442583,0.000164776962611,0.000133390874495,0.000164776962611,0.0019145513751,0.000541410020009,0,0.000384479579426,0.00155361136176,0.000745419592766,0.000596335674212,9.41582643493e-05,7.84652202911e-05,0.00165561614814,0.000894503511319,0.000345246969281
1,0.000155813250737,0.000552428798066,0.000557150411725,0.000623253002946,0.000623253002946,0.00060908816197,0.000363564251719,0.000113318727808,0.00144953539322,0.000136926796102,8.49890458563e-05,0.000184142932689,0.000712963662461,0.000727128503437,0.00120873309662,0,0.000146370023419,0.00150147314346,0.000698798821485,0.000165256478054
1,0.000149877373058,0.000436006903443,0.000717594695249,0.000699427740939,0.000608592969389,0.000694886002362,0.000372422563357,0.000236170406031,0.00142610591334,0.000140793895903,0,0.000227086928876,0.000563175583613,0.000794804251067,0.00119901898447,0.000122626941593,0.000199836497411,0.00114905986011,0.000640385139431,0.000154419111636
1,0.00164299342803,0.000529997880008,0.000768496926012,0.00129849480602,0.00246449014204,0.00100699597202,0.00174899300403,0.000450498198007,0.00241149035404,0.00264998940004,0.00156349374603,0.00153699385202,0.00272948908204,0.00121899512402,0.000821496714013,0,0.00063599745601,0.00341848632605,0.00188149247403,0.000953996184015
1,0.00216469211643,0.00055579932719,0.00105309346204,0.00198917653942,0.00257422846278,0.00157964019307,0.00213543952026,0.000819072692701,0.00239871288577,0.00330554336697,0.00187216615475,0.00198917653942,0.00298376480913,0.00160889278924,0.00114085125055,0,0.00055579932719,0.00324703817464,0.00213543952026,0.0016381453854
1,0.000474964760679,0.000223693080836,0.00032175032175,0.000496414782129,0.000671079242508,0.000110314396029,0.000523993381136,0.000536250536251,0.000882515168229,0.000585279156708,0.000340136054422,0.00049335049335,0.000753815039529,0.000530121958693,0.0003432003432,0.000122571551143,0,0.000971379542808,0.000600600600601,0.0003861003861
1,0.000470435199919,0.000186279710035,0.00037255942007,0.000495693465687,0.000599883811977,6.31456644187e-05,0.000511479881791,0.000533580864338,0.000896668434745,0.000568310979768,0.000306256472431,0.000476749766361,0.000713546007931,0.000514637165012,0.000356773003966,0.000116819479175,0,0.000931398550176,0.000599883811977,0.000325200171756
1,0.000503524672709,0.000235828011269,0.00040154499216,0.000595943758206,0.000627812408378,0.000137035195737,0.000509898402743,0.000560888243018,0.000882761609749,0.000576822568103,0.000363302611955,0.000458908562469,0.000771221334149,0.000529019592846,0.000388797532092,0.000137035195737,0,0.000965620100195,0.000615064948309,0.000302752176629
1,0.000384974976627,0.000439971401859,0.000430805330987,0.000375808905754,0.00241984271022,0.000192487488313,0.000421639260115,0.000779116024125,0.00192487488313,0.00111826064639,0.000366642834882,0.000247483913546,0.00175988560744,0.000504133897963,8.24946378485e-05,0.000128324992209,0,0.00202570166273,0.000971603512438,0.00066912317366
1,0.000437598459653,0.000369527588152,0.000972441021452,0.00109885835424,0.00151700799347,0.000243110255363,0.000952992201023,0.000554291382228,0.00138086625046,0.00121555127682,0.000982165431667,0.00131279537896,0.00159480327518,0.00112803158488,0.000564015792442,0.00019448820429,0,0.0011377559951,0.0006029134333,0.000943267790808
1,0.000475232025048,0.000410004100041,0.000894554400089,0.00105296507511,0.00172388087517,0.000326139625033,0.0010343285251,0.000866599575087,0.00142569607514,0.00120205747512,0.00106228335011,0.00132319505013,0.00146296917515,0.0010063737001,0.00080137165008,0.000232956875023,0,0.00136978642514,0.00069887062507,0.000894554400089
1,0.000369192903292,0.000523023279664,0.000799917957133,0.00110757870988,0.00149728233002,0.000153830376372,0.0010768126346,0.000594810788637,0.0012819198031,0.00134345195365,0.00110757870988,0.00144600553789,0.00140498410419,0.0011178340683,0.000779407240283,0.000164085734796,0,0.0013639626705,0.000543533996513,0.00104604655933
1,0.000281718589706,0.000239195028996,0.000738846867342,0.000696323306632,0.000696323306632,0.000356134820949,0.000669746081188,0.000313611260239,0.00123849870569,0.000659115191011,0.000579383514679,0.000552806289235,0.000834524878941,0.000914256555273,0.00048370550308,0,1.59463352664e-05,0.00165310342262,0.000712269641898,0.000249825919173
1,0.000186487638534,0.000287723785166,0.000703324808184,0.000841858482523,0.000463554987212,0.000138533674339,0.000522165387894,0.000575447570332,0.00120950554135,0.000841858482523,0.00036231884058,0.000660699062234,0.000996376811594,0.000607416879795,0.000713981244672,0,0.000117220801364,0.00101236146633,0.000895140664962,0.00036231884058
1,0.00207857469164,0.00175879396985,0.000251256281407,0.00303791685701,0,0.000456829602558,0.00308359981727,0.000959342165372,0.00105070808588,0.00303791685701,0.00262677021471,0.00210141617177,0.00178163544998,0.00194152581087,0.00127912288716,0.000365463682047,0.000342622201919,4.56829602558e-05,0.00102786660576,0.0021242576519
1,0.000321561871949,0.000350272753374,0.000798162503589,0.000694803330462,0.000677576801608,0.000333046224519,0.000723514211886,0.000292850990525,0.00125179443009,0.000861326442722,0.000700545506747,0.000585701981051,0.00091874820557,0.00113695090439,0.000407694516222,4.01952339937e-05,0,0.00159632500718,0.000821131208728,0.000241171403962
1,0.00025730994152,0.000292397660819,0.000789473684211,0.000777777777778,0.000707602339181,0.000315789473684,0.000666666666667,0.000280701754386,0.00128070175439,0.000771929824561,0.000707602339181,0.000508771929825,0.000941520467836,0.00111695906433,0.000391812865497,0,1.75438596491e-05,0.00154385964912,0.000783625730994,0.000210526315789
1,0.000905469032959,0.000214019953245,0.000938395179612,0.00075730137302,0.00256823943894,0.000543281419775,0.0011194889862,0.000707912153041,0.0018603272859,0.00153106581937,0.000625596786408,0.00102071054624,0.00187679035922,0.00118534127951,0.000823153666326,0.000296335319878,0,0.00302920549208,0.00103717361957,0.000905469032959
1,0.00120618308003,0.000501029894784,0.0014103063705,0.00139174970773,0.00267215943885,0.000742266510791,0.00187422293975,0.00081649316187,0.00204123290467,0.00207834623021,0.000909276475719,0.00137319304496,0.00179999628867,0.00161442966097,0.00120618308003,0.000519586557553,0,0.00308040601978,0.00131752305665,0.00133607971942
1,0.00104717813051,0.000312316284539,0.00124926513815,0.00117577895356,0.00259038800705,0.000936948853616,0.00159832451499,0.000624632569077,0.00170855379189,0.00196575543798,0.00082671957672,0.00121252204586,0.00163506760729,0.0013778659612,0.00106554967666,0.000477660199882,0,0.00295781893004,0.00113903586126,0.00128600823045
1,0.000926424003347,0.000874125874126,0,0.000814356583587,0.00025028390413,0.000579015002092,0.00120285697209,0.000328731097962,0.000429591775746,0.00103475584245,0.000926424003347,0.000339937839938,0.000896539358078,0.000347409001255,0.00050056780826,5.97692905385e-05,1.1206741976e-05,0.000452005259698,0.00019425019425,0.000702289163828
1,0.000905205905206,0.000878010878011,3.4965034965e-05,0.000823620823621,0.00029526029526,0.000574980574981,0.00116938616939,0.00034188034188,0.000516705516706,0.00102952602953,0.000916860916861,0.00037296037296,0.000858585858586,0.00031857031857,0.0004662004662,6.21600621601e-05,0,0.000508935508936,0.00020202020202,0.000714840714841
1,0.000911566769452,0.00085904851936,0,0.000802778965691,0.000296352982661,0.000581452054589,0.00118916323422,0.000356373839909,0.000532685108075,0.00099034414459,0.000926571983764,0.000330114714863,0.000900312858718,0.000356373839909,0.000446405125781,7.50260715599e-05,1.5005214312e-05,0.000483918161561,0.00028134776835,0.000690239858351
1,0.000728491294529,0.00075763094631,0.000225832301304,0.000954323595833,0.00144241276317,0.000735776207474,0.00129671450426,0.0003861003861,0.00192321701756,0.000517228819116,0.000393385299046,0.000451664602608,0.00166096015153,0.000779485685146,0.000961608508778,0,7.28491294529e-06,0.00219275879653,0.00110730676768,0.000349675821374
1,0.0015447926559,0.000861031972143,0.000151946818613,0.00129154795821,0.00138018360241,0.000189933523267,0.00131687242798,0.00150680595125,0.00159544159544,0.00184868629313,0.00110161443495,0.000506489395378,0.00201329534663,0.00124089901868,0.00101297879076,0,0.000189933523267,0.00149414371637,0.00136752136752,0.00169673947452
1,0.00201759899434,0.00111879321182,0.000571967316153,0.00134506599623,0,0.00076052796983,0.00180389692018,0.00112507856694,0.000509113764928,0.00184160905091,0.001282212445,0.00125078566939,0.0010873664362,0.000546825895663,0.00186046511628,0.000923947203017,0.00112507856694,0.000157133878064,0.000301697045883,0.00194846008799
1,0.00153383934219,0.0007036685642,0.000249051233397,0.000960626185958,0,0.00052972802024,0.00144291587603,0.00079063883618,0.000426944971537,0.00128478810879,0.00083412397217,0.000845983554712,0.000798545224541,0.000300442757748,0.00143105629349,0.000585072738773,0.000814358001265,0.000205566097407,0.000189753320683,0.00147058823529
1,0.00200240795894,0.00114694886256,0.000544959128065,0.00131804068183,0,0.000760408085673,0.00183131613966,0.00108991825613,0.000576642798302,0.00185666307585,0.00126101007541,0.0012736835435,0.00107090805399,0.000576642798302,0.00184398960776,0.000944173373044,0.00122298967112,0.000171091819276,0.000297826500222,0.00200874469299
1,0.00125,0.000899822695035,0.00050975177305,0.00093085106383,5.76241134752e-05,0.000416666666667,0.00129432624113,0.00126329787234,0.00084219858156,0.00171542553191,0.00101507092199,0.000979609929078,0.000882092198582,0.000602836879433,0.000474290780142,0.000350177304965,0.000718085106383,0,0.000429964539007,0.00167996453901
1,0.00123451802172,0.00091129875785,0.00049829636513,0.000947212009391,4.93807208687e-05,0.000430959018491,0.00129736621192,0.00128389874259,0.000794580690342,0.00171934691752,0.00101454935603,0.000969657791604,0.000879874662752,0.000592568650425,0.000444426487819,0.000345665046081,0.000718265030818,0,0.000408513236278,0.00166996619665
1,0.0012318801627,0.00089143328137,0.000519629450447,0.000927269795194,7.61525918759e-05,0.000412119908975,0.00128115536921,0.00127219624075,0.000819760253723,0.00171567309932,0.000998942822842,0.00095862674479,0.000886953717142,0.000591302478095,0.000456915551255,0.000353885574011,0.000698812019567,0,0.000434517730115,0.00167087745704
1,0.000247845023964,0.000419149672881,0.000142146410803,0.000397280994296,0.00108978914949,2.18686785851e-05,0.000386346655003,0.000236910684672,0.000925774060102,0.000933063619631,0.000116632952454,0.000328030178776,0.000933063619631,0.000160370309624,0.00026971370255,0,0.000153080750096,0.000933063619631,0.000211397226323,0.00064512601826
1,0.000260295260295,0.00045843045843,0.000198135198135,0.000470085470085,0.00101787101787,0,0.00048951048951,0.00033411033411,0.000944055944056,0.00107614607615,0.00020979020979,0.00038073038073,0.000959595959596,0.00016317016317,0.00034188034188,8.54700854701e-05,0.00014763014763,0.000854700854701,0.000236985236985,0.000757575757576
1,0.000155,0.00055,2e-04,0.000455,0.00127,3.5e-05,0.00045,0.00017,0.001085,0.00108,0.00027,0.000415,0.001155,0.00018,0.00025,0,0.00018,0.000965,0.00016,0.000625
1,0.00141218005296,0.000772776306757,0.000235363342159,0.000741394527802,0,0.000356967735609,0.00100029420418,0.000913994312053,0.000215749730313,0.000992448759439,0.000611944689615,0.000415808571148,0.000415808571148,0.000592331077768,0.000690399137001,0.000266745121114,0.000490340296166,0.000247131509267,0.000251054231637,0.00111405315289
1,0.00037212139698,0.000481927710843,0.000585633673936,0.000567332621626,0.0015738904987,0.000555131920085,0.000646637181638,0.000195211224645,0.0016775964618,0.000542931218545,0.00037212139698,0.00035382034467,0.00128717401251,0.000762543846271,0.000762543846271,4.88028061614e-05,0,0.0018606069849,0.000969955772457,0.000244014030807
1,0.000407867307169,0.000563245328948,0.000602089834393,0.000608563918634,0.00170915823957,0.000608563918634,0.000699201098005,0.000239541116909,0.00178684725046,0.000705675182245,0.000485556318059,0.000433763644133,0.00129481684816,0.000861053204024,0.000848105035543,7.12149266486e-05,0,0.00189043259831,0.00102290531004,0.00033017829628
1,0.00018732465541,0.000553261191559,0.000104553296043,0.000675240036942,0.00104988934776,0,0.00060553783958,0.00018732465541,0.00127206510185,0.000344154599474,0.00040078763483,8.27713593671e-05,0.000967117988395,0.000788506107655,0.000544548416889,3.9207486016e-05,1.30691620053e-05,0.00174255493404,0.000653458100267,0.000217819366756
1,0.00019305019305,0.000514800514801,0.000105717962861,0.000721640007354,0.00105258319544,2.75785990072e-05,0.000592939878654,0.000211435925722,0.00114910829197,0.000399889685604,0.0003861003861,7.81393638536e-05,0.00100202243059,0.000882515168229,0.000625114910829,1.37892995036e-05,0,0.00171446957161,0.000657289943004,0.000197646626218
1,0.000180837772079,0.00124120470836,0.000468534227658,0.00138094298678,0.000764450581969,0.000312356151772,0.00150424146775,0.000616492404814,0.00146314197409,0.00132340369567,0.000937068455317,0.000361675544157,0.00120832511343,0.00101104754389,0.000986387847702,0,4.10994936542e-05,0.00166041954363,0.000723351088315,0.00106036693628
1,0.000265543448402,0.000732533650765,0.000329640142844,0.000750846992034,0.00160241736105,0.000439520190459,0.000787473674572,6.40966944419e-05,0.00211519091658,0.000567713579343,0.000613496932515,0.000567713579343,0.00196868418643,0.000869883710283,0.000586026920612,7.32533650765e-05,0,0.002280010988,0.000988920428532,0.000238073436498
1,0.000429125770372,0.000757817849806,0.000283040401735,0.000666514494408,0.00164346039717,0.000337822414974,0.000593471810089,0.000109564026478,0.0020178041543,0.000684775165487,0.000648253823328,0.00052042912577,0.00195389180552,0.000876512211824,0.000666514494408,0.000109564026478,0,0.00228258388496,0.000858251540744,0.000328692079434
1,0.0003874629554,0.000617846334286,0.000329867110678,0.000638790277821,0.00128281654153,0.000481710701308,0.000806341826102,0.000408406898935,0.00154461583572,0.000575958447216,0.000219911407119,0.000403170913051,0.00121474872504,0.00062308232017,0.000513126616611,0,1.57079576513e-05,0.00170693139811,0.000926769501429,0.000371754997749
1,0.000527648796961,0.000656629613996,0.000340040335819,0.00069766896487,0.00158880915529,0.000375216922283,0.000644904085174,0.000504197739318,0.00171192720792,0.000580413676657,0.000375216922283,0.000275549927302,0.00117841564655,0.000656629613996,0.000533511561371,0,0.000152431874678,0.00196988884199,0.000891140190423,0.000474883917265
1,0.000210406908665,0.000539739461358,7.31850117096e-05,0.00074099824356,0.000997145784543,0,0.0006174985363,0.000187536592506,0.00124414519906,0.000356776932084,0.000416239754098,3.2018442623e-05,0.000969701405152,0.000768442622951,0.000576331967213,0,2.74443793911e-05,0.00167410714286,0.000608350409836,0.000205832845433
1,0.00043974884218,0.000684672247952,0.000445315283221,0.000690238688992,0.00156416993231,0.00043974884218,0.000834966156038,0.000395217313858,0.0017144638404,0.000512112575704,0.000261622728892,0.000450881724261,0.00130811364446,0.000601175632348,0.000590042750267,0,0.000139161026006,0.00179239401496,0.000979693623085,0.000345119344496
1,0.00102863020744,0.00102863020744,0.000391859126644,0.000893928632657,0.00139599813867,0,0.00101638460973,0.00118782297764,0.00170213808136,0.00127354216159,0.000734735862457,0.000587788689966,0.00142048933408,0.000563297494551,0.00106536700056,0.000110210379369,0.000318385540398,0.00230217236903,0.000967402218902,0.000967402218902
1,0.00140823032389,0.00122568194857,0.000612840974287,0.00119960360924,0.00143430866322,0,0.00122568194857,0.00161685703854,0.00173420956553,0.00168205288687,0.00101705523392,0.000691075992281,0.00148646534189,0.000547645125958,0.0012908777969,0.000260783393314,0.000456370938299,0.00226881552183,0.00116048610025,0.00121264277891
1,0.000678280736827,0.000696130229901,0.000562259031843,0.000910324146794,0.00159752963016,0.00050871055262,0.00089247465372,0.000830001427959,0.0019902184778,0.00110666857061,0.000499785806083,0.000571183778381,0.00158860488362,0.000758603455662,0.00116021704984,0,0.000330215621876,0.00167785234899,0.00103527059832,0.000910324146794
1,0.000621394520599,0.000537923614847,0.000398805438593,0.000751238151769,0.00128916176662,0.000482276344345,0.000751238151769,0.000639943610766,0.00182708538146,0.00114076904528,0.000658492700933,0.000602845430432,0.00145610357812,0.00051937452468,0.00102947450428,0,9.27454508356e-05,0.00162304538962,0.000955278143607,0.000834709057521
1,0.000623086235135,0.000667592394787,0.000569678843552,0.000756604714092,0.00167343160293,0.000480666524247,0.000836715801467,0.000738802250231,0.00204728334401,0.0012550737022,0.000694296090579,0.000658691162857,0.00159332051556,0.000774407177953,0.00114825891903,0,0.000311543117567,0.00170013529873,0.00129957986185,0.000934629352702
1,0.00063051702396,0.00107421418897,0.000241308984478,0.000755063596594,0.00146342222845,0.000459265486588,0.0008251210437,0.000762847757383,0.00174365201688,0.000934099294755,0.000396992200271,0.000389208039481,0.00148677471082,0.000708358631856,0.000646085345539,0,0.000101194090265,0.00213286005636,0.000926315133965,0.00062273286317
1,0.000636781836347,0.000197621949211,0.000494054873028,0.00061482384199,0.00237146339053,0.000439159887136,0.000735592810953,0.000537970861741,0.00169076556547,0.00129552166705,0.000526991864563,0.000658739830704,0.00176761854572,0.000494054873028,0.000362306906887,0.000142726963319,0,0.00221775743004,0.000856361779915,0.000966151751699
1,0.000593386806351,0.000122769684073,0.000480847929285,0.000634310034376,0.0021996235063,0.000419463087248,0.000787772139466,0.000603617613357,0.00145277459486,0.00121746603372,0.00038877066623,0.000685464069406,0.00144254378785,0.00028646259617,0.0003376166312,0.000204616140121,0,0.00196431494516,0.000583155999345,0.000818464560485
1,0.00126866753661,0.00108742931709,0.000567879754483,0.00158281378377,0.000471219370741,0.000918273645546,0.00175196945532,0.00142574066019,0.000652457590257,0.00111159441303,0.000712870330095,0.00134116282442,0.001498235948,0.00095452128945,0.000785365617902,9.66603837417e-05,0,0.00101493402929,0.00123241989271,0.00095452128945
1,0.00539568345324,0.00633406318424,0.00320613074758,0.00320613074758,0,0.00273694088208,0.00641226149515,0.00383171723491,0.00172036284016,0.00539568345324,0.00359712230216,0.0107913669065,0.00336252736941,0.00406631216766,0.00344072568033,0.00258054426024,0.00422270878949,0.000156396621833,0.000390991554582,0.0057084766969
1,0.00553644828454,0.00687861756564,0.00301988088248,0.00343930878282,0,0.00318765204261,0.00721415988592,0.00352319436289,0.00176159718144,0.00595587618488,0.00411039342337,0.0109051254089,0.00427816458351,0.00444593574365,0.00360707994296,0.00285210972234,0.00452982132371,0.000251656740206,0.000335542320275,0.0064591896653
1,0.00147058823529,0.00258620689655,0.00344827586207,0.00410750507099,0.00177484787018,0.000912778904665,0.00258620689655,0.00557809330629,0.00304259634888,0.00451318458418,0.00152129817444,0.00456389452333,0.00172413793103,0.00507099391481,0.0025354969574,0.00101419878296,0.00405679513185,0,0.00162271805274,0.00456389452333
1,0.000466213251426,0.000587663762302,0.00079922271673,0.00142214630477,0,0.00104995925531,0.00224487557199,0.000427035667273,0.00016846361186,0.00110480787313,0.000838400300884,0.00168855387701,0.0007404563405,0.000767880649408,0.000474048768257,0.000219394471259,0.00033692722372,0.000238983263336,0.000752209615746,0.00102645270482
1,0.000522022838499,0.000587275693312,0.000783034257749,0.00139717877363,0,0.00105556088667,0.00223778907974,0.000406870741771,0.000188081757989,0.00108626811247,0.000813741483543,0.00170425103157,0.000694750983591,0.000721619806161,0.000445254774014,0.000226465790231,0.000364648306305,0.000218788983783,0.000721619806161,0.00102485366088
1,0.000474557176423,0.000551720944948,0.000787070438946,0.00133107500704,0,0.00106100181721,0.00221845834507,0.000374244277342,0.000208342175015,0.00106486000563,0.000767779496815,0.00173618479179,0.000679041163012,0.000675182974586,0.000470698987997,0.000204483986589,0.000316371450949,0.000196767609737,0.000679041163012,0.00100312899081
1,0.000159872102318,0.000479616306954,8.42961994041e-05,0.000619141050796,0.000648208705763,0.000212193881259,0.00076447932563,0.0003517186251,0.000895283772982,0.000497056899935,0.000165685633312,0.000258702129206,0.000752852263644,0.00036043892159,0.000389506576557,0,0.000136617978345,0.00076447932563,0.00041276070053,0.000441828355497
1,0.000164244066683,0.000524994427433,6.74573845306e-05,0.000580720092915,0.000636445758397,0.000305024695269,0.00073323244055,0.000384213798848,0.000912141156044,0.000524994427433,0.000152512347634,0.000261030748836,0.000747897089361,0.000378347939324,0.000343152782177,0,0.000181841645256,0.000824153263178,0.000384213798848,0.000478067551238
1,0.000163302632438,0.000466154787142,3.26605264877e-05,0.00057304378292,0.000644303113439,0.000246438518043,0.000736346415359,0.00035035837505,0.000869957660081,0.000593827754322,0.000160333493667,0.000210808852784,0.00075713038676,0.000341450958735,0.000335512681192,0,0.000154395216124,0.000795729190791,0.000368173207679,0.000504753591173
1,0.0010454617456,0.000665293838112,0.00121970536987,0.00153651195945,0.00144146998258,0.001124663393,0.00234436876287,0.000601932520196,0.00107714240456,0.00123554569935,0.000522730872802,0.00191667986694,0.00167907492476,0.000506890543323,0.000158403294789,0.000300966260098,0,0.000316806589577,0.000443529225408,0.00118802471091
1,0.00109100243871,0.00070594275446,0.00102682582467,0.00152419458349,0.00134770889488,0.00110704659222,0.00235849056604,0.000754075214992,0.000898472596586,0.00136375304839,0.000593633679887,0.00195738672828,0.00163650365807,0.000561545372866,0,0.000176485688615,9.62649210628e-05,0.000802207675523,0.000497368758824,0.00117122320626
1,0.00101423143795,0.000788846673965,0.00104642926138,0.00156159443622,0.00175478137678,0.0015454955245,0.00251143022732,0.00067615429197,0.00136840749565,0.0015454955245,0.000804945585678,0.0021411552579,0.00210895743448,0.000692253203683,0.000354176057698,0.000386373881126,0,0.000853242320819,0.000643956468543,0.00120741837852
1,0.00128183423223,0.000749752098097,0.00117299925025,0.00136648366266,0.00129392700801,0.00152368974774,0.00217669963964,0.000604638788788,0.000979514837836,0.00147531864464,0.000725566546545,0.00200740077877,0.00178973081481,0.000495803806806,0.000302319394394,0.000338597721721,0,0.000471618255254,0.000556267685685,0.00123346312913
1,0.00566356720203,0.00667793744717,0.00355029585799,0.00338123415046,0,0.00295857988166,0.00701606086221,0.00363482671175,0.00169061707523,0.00608622147084,0.0039729501268,0.0109044801352,0.00431107354184,0.0043956043956,0.00371935756551,0.0028740490279,0.00456466610313,0.000338123415046,0.000338123415046,0.00642434488588
1,0.000454248644352,0.000993668909519,0.00010646452602,0.000943985464043,0.000269710132584,0.00024841722738,0.000993668909519,0.000943985464043,0.00060329898078,0.00169633478125,0.000858813843227,0.000894302018567,0.0005323226301,0.000397467563808,0.0005323226301,0,0.000596201345712,5.6781080544e-05,2.8390540272e-05,0.00151179626948
1,0.000362669245648,0.00145067698259,0.000604448742747,0.00495647969052,0.000483558994197,0.00181334622824,0.00519825918762,0.00411025145068,0.00181334622824,0.00761605415861,0.00398936170213,0.00568181818182,0.00398936170213,0.00217601547389,0.00338491295938,0.000241779497099,0,0.00120889748549,0.00181334622824,0.00628626692456
1,0.000379939209726,0.00316616008105,0.000886524822695,0.00506585612969,0.000759878419453,0.00265957446809,0.00633232016211,0.00455927051672,0.00227963525836,0.00772543059777,0.00405268490375,0.00734549138804,0.00392603850051,0.00189969604863,0.0032928064843,0,0.000126646403242,0.0024062816616,0.00189969604863,0.00620567375887
1,0.00137362637363,0.00297619047619,0.0018315018315,0.00641025641026,0,0.00274725274725,0.00766941391941,0.00618131868132,0.00228937728938,0.00869963369963,0.00492216117216,0.00721153846154,0.00309065934066,0.0018315018315,0.00377747252747,0.0018315018315,0.00125915750916,0.00240384615385,0.00228937728938,0.00789835164835
1,0.000356810939989,0.000253086829527,0.00041074747743,0.000526918481147,0.00142724375996,0.00027383165162,0.000622344662772,0.000352661975571,0.000975006638343,0.000788303239511,0.000277980616038,0.000647238449283,0.00133596654275,0.000153511683484,0.000145213754647,0,9.54261816251e-05,0.00107043281997,0.000331917153478,0.000535216409984
1,0.000404050714744,0.000272202586775,0.000370025391398,0.000472101361438,0.00136951926471,0.000267949421357,0.000548658338969,0.000408303880163,0.000880405241601,0.000880405241601,0.000255189925102,0.000612455820244,0.00127169646009,0.000114835466296,0.000157367120479,0,8.08101429489e-05,0.00117812682089,0.000250936759683,0.000591189993152
1,0.000226843786295,0.000399245063879,0.000689605110337,0.00065331010453,0.0022775116144,0.000163327526132,0,0.000362950058072,0.00223214285714,0.000607941347271,2.72212543554e-05,0.000326655052265,0.00158790650407,0.00070775261324,0.000589793844367,9.0737514518e-05,4.5368757259e-05,0.00200529907085,0.00104348141696,0.000435540069686
1,0.000175427983788,0.000317585143065,0.000205674187889,0.000738007380074,0.00022079728994,0.000244994253221,0.00102534631904,0.000154255640917,0.000251043494041,0.000604924082028,0.000229871151171,0.000641219526949,0.000369003690037,0.000196600326659,1.20984816406e-05,0,0.000130058677636,0.00021474804912,0.000139132538866,0.000353880587986
1,0.00071380584481,0.000524857238831,0.00146960026873,0.00121766879409,0.00195246892845,0.00111269734632,0.00113369163588,0.000230937185086,0.00298118911656,0.000692811555257,0.000965737319449,0.000923748740343,0.00182650319113,0.00201545179711,0.000902754450789,0,0.000209942895532,0.00400990930467,0.00289721195835,0.000356902922405
1,0.000581145071029,0.000365906155833,0.00157124408093,0.00124838570814,0.00180800688765,0.000904003443823,0.000968575118381,0.000150667240637,0.00294877313818,0.000559621179509,0.000774860094705,0.000925527335342,0.0018725785622,0.00172191132157,0.000817907877744,2.15238915196e-05,0,0.00404649160568,0.00284115368059,0.000172191132157
1,0.000516988233348,0.000206795293339,0.0011580536427,0.0011580536427,0.00163368281738,0.000765142585355,0.000909899290692,0.000268833881341,0.00270901834274,0.000516988233348,0.000744463056021,0.000703103997353,0.00188183716939,0.00190251669872,0.000785822114689,0.000144756705337,0,0.00413590586678,0.00254358210807,0.000124077176003
1,0.00328282828283,0.0108585858586,0.0040404040404,0.0118686868687,0,0.00580808080808,0.0116161616162,0.0131313131313,0.00505050505051,0.00707070707071,0.00252525252525,0.0103535353535,0.00252525252525,0.0108585858586,0.00606060606061,0.00252525252525,0.00479797979798,0.00454545454545,0.00555555555556,0.0108585858586
1,0.00106837606838,0.000288461538462,9.61538461538e-05,0.00082264957265,0.00194444444444,0.000299145299145,0.000833333333333,0.000833333333333,0.00149572649573,0.00112179487179,0.000491452991453,0.000405982905983,0.00146367521368,0.000373931623932,0.000587606837607,5.34188034188e-05,0,0.00217948717949,0.000459401709402,0.00107905982906
1,0.00116497426624,0.000457875457875,0.000202856215514,0.000602772754671,0.000666527565262,0.000260815134233,0.000573793295312,0.000794037186442,0.000851996105161,0.000736078267724,0.000654935781518,0.000428895998516,0.00137362637363,0.000573793295312,0.00044048778226,0.000197060323643,0,0.00108962767191,0.000515834376594,0.00056799740344
1,0.00125313283208,0.000918489405332,0.000128161312372,0.00110361130098,0.000662166780588,0.000113921166553,0.0011961722488,0.00143825472773,0.000726247436774,0.0015664160401,0.000797448165869,0.000776087947141,0.000818808384598,0.000712007290955,0.00103241057188,9.25609478241e-05,0.000327523353839,0,0.000284802916382,0.00214314194577
1,0.000377026517532,0.000453828215547,0.000642341474313,0.000788962897798,0.00151508804267,0.00053761188611,0.000809908815439,0.000544593858657,0.00119391730552,0.000768016980157,0.00031418876461,0.000712161199782,0.000830854733079,0.000614413584126,0.000377026517532,0.000244369039141,0,0.000886710513454,0.000502702023376,0.000244369039141
1,0.000426460808974,0.000491514152716,0.000715586781161,0.000802324572816,0.00164801804146,0.000556567496458,0.000881834215168,0.000571023795068,0.00147454245815,0.000925203110995,0.000412004510365,0.000693902333247,0.00107699424639,0.000715586781161,0.000585480093677,0.000267441524272,0,0.00133720762136,0.000722814930465,0.000375863763842
1,0.00025693363975,0.000314030004139,0.000706567509314,0.000770800919251,0.00143454615527,0.000406811596272,0.000906404784675,0.000442496824015,0.00125612001656,0.000785075010349,0.000342578186334,0.000592374780536,0.000877856602481,0.000549552507244,0.000421085687369,0.000242659548653,0,0.00102059751345,0.000506730233952,0.000249796594202
1,0.00128104059913,0.000677473393772,0.000997733543555,0.00166288923926,0.00157666535278,0.000776014978321,0.00181070161608,0.0010962751281,0.00213096176587,0.00156434765471,0.000862238864801,0.00139189988175,0.00218023255814,0.00102236893969,0.000714426487978,0,0.000110859282617,0.00151507686244,0.00150275916437,0.00117018131652
1,0.000775545719366,0.000283736238792,0.000283736238792,0.000491809480574,0.000794461468619,0.000302651988045,0.00107819770741,0.000548556728332,0.000359399235804,0.000586388226838,0.000624219725343,0.000416146483562,0.00060530397609,0,0.000680966973102,1.89157492528e-05,0.000151325994023,0.000245904740287,0.00026482048954,0.000283736238792
1,0.0014606758669,0.000897707043196,0.000928137790423,0.00138459899883,0.00213015230589,0.000821630175129,0.00187149095446,0.0010194300321,0.00241924440455,0.00164326035026,0.000852060922356,0.00143024511967,0.00266269038236,0.00117158376824,0.000806414801515,0,0.000182584483362,0.00176498333917,0.00173455259194,0.00115636839463
1,0.00148670461303,0.000920340950925,0.00123184096508,0.00154334097924,0.00208138645824,0.000906181859372,0.00191147735961,0.00100529550024,0.00274686376122,0.00172740916943,0.000920340950925,0.00150086370458,0.0026335910288,0.00137343188061,0.000976977317135,0,0.000254863647948,0.00213802282446,0.0015575000708,0.00137343188061
1,0.000172090112641,0.00028942428035,0.000649249061327,0.000672715894869,0.00235450563204,0.00020337922403,9.38673341677e-05,0.000398936170213,0.00189299123905,0.000688360450563,3.12891113892e-05,0.000172090112641,0.00132978723404,0.000664893617021,0.000602315394243,0,0.000250312891114,0.00154098873592,0.000735294117647,0.000438047559449
1,0.000170502983802,0.000272804774084,0.000818414322251,0.00076726342711,0.00226768968457,0.000179028132992,0.000119352088662,0.000315430520034,0.00201193520887,0.000588235294118,0,0.000230179028133,0.00153452685422,0.00073316283035,0.000545609548167,5.96760443308e-05,0.000179028132992,0.0020716112532,0.00100596760443,0.000485933503836
1,0.000173578106015,0.000446343701181,0.000644718679484,0.000553796814428,0.00233090599506,0.000198374978303,3.30624963838e-05,0.000173578106015,0.00213253101675,0.000512468693949,0,0.000396749956605,0.00159526545052,0.000686046799964,0.000528999942141,0,6.61249927676e-05,0.00181017167701,0.000950546771034,0.000363687460222
1,0.000239507800483,0.00022412656559,0.000274664908811,0.000703142166557,0.000301032740057,0.000149417710393,0.000355965721819,0.000437266534828,0.000468029004614,2.85651505164e-05,0.000149417710393,0.000230718523401,0.000325203252033,0.000435069215557,0.000799824214458,8.34981322786e-05,0.000107668644254,0.000955833882663,0.000327400571303,0
1,0.000263294081331,0.000267833634457,0.000299610506342,0.000701360958027,0.000381322462617,0.000154344806297,0.000265563857894,0.000401750451686,0.000478922854834,9.07910625278e-06,0.000136186593792,0.000174772795366,0.000374513132927,0.00043352732357,0.000828468445566,0.000152075029734,0.000165693689113,0.000928338614347,0.000310959389158,0
1,0.000427721149907,0.000204824212632,0.000313260560495,0.000530133256223,0.000542181739319,9.63878647678e-05,0.000503024169257,0.000496999927709,0.000813272608979,0.000533145376997,0.000370490855201,0.000421696908359,0.000701824140341,0.000433745391455,0.000406636304489,0.000111448468638,0,0.000864478662136,0.000539169618545,0.000295187835851
1,0.000262270513301,0.000627575871113,0.000711877107531,0.000562008242788,0.00216373173473,0.000206069689022,0.000384038965905,0.000983514424878,0.00217309853878,0.0011895841139,0.000384038965905,0.000374672161858,0.00164855751218,0.000552641438741,0.000140502060697,0,6.55676283252e-05,0.00218246534283,0.000946047208692,0.000674409891345
1,0.000472222222222,0.000416666666667,0.000731481481481,0.00100925925926,0.00163888888889,0.00012962962963,0.00108333333333,0.000601851851852,0.00134259259259,0.0012037037037,0.000981481481481,0.00137962962963,0.00157407407407,0.00107407407407,0.000842592592593,0.00025,0,0.00125,0.000657407407407,0.000916666666667
1,0.000665236051502,0.00214592274678,0.000922746781116,0.00206008583691,0,0.00087982832618,0.00248927038627,0.00103004291845,0.00223175965665,0.00216738197425,0.00145922746781,0.000836909871245,0.000987124463519,0.00111587982833,0.001330472103,0,0.000386266094421,0.00285407725322,0.00115879828326,0.000815450643777
1,0.000210826210826,0.00017094017094,0.000700854700855,0.000712250712251,0.000558404558405,0.000353276353276,0.000632478632479,0.000205128205128,0.00123646723647,0.000712250712251,0.000603988603989,0.000490028490028,0.000820512820513,0.00107122507123,0.000450142450142,0,0,0.00153276353276,0.000752136752137,0.000136752136752
1,0.000982241081251,0.000216093037875,0.0014930064435,0.00129655822725,0.00288778877888,0.000766148043376,0.00166980983813,0.000648279113626,0.00216093037875,0.00198412698413,0.000825082508251,0.00129655822725,0.00166980983813,0.00153229608675,0.001100110011,0.000333961967625,0,0.00278956467075,0.00129655822725,0.00135549269213
1,0.00205826255197,0.00128984453257,0.000569452639379,0.00142020116086,0,0.000809583270442,0.00191418417333,0.00114576615393,0.000603757015245,0.00195534942437,0.00137903590982,0.00129670540774,0.00122123578084,0.000590035264898,0.00179068842021,0.00093307902356,0.00122123578084,0.00021268713037,0.000336182883489,0.0021543148044
1,0.000225143651438,0.000562859128596,0.000234932505849,0.000420920739646,0.00130681206378,9.78885441037e-05,0.000553070274186,0.000107677398514,0.00118934581086,0.000949518877806,0.000215354797028,0.000416026312441,0.0011306126844,0.000210460369823,0.000342609904363,0,0.00014193838895,0.00102293528588,0.000234932505849,0.000631381109469
1,0.000259012829054,0.000430155428132,7.20331536421e-05,0.000398481275467,0,0.000171142599079,0.000321339387524,0.000125163990371,0.000288643487999,0.00029732833631,0.000343306945018,6.18156850404e-05,0.00018033832082,0.000225806056098,0.000206392865755,7.56092676527e-05,2.80980386547e-05,0.000136914079263,0.000172675219369,0.000234490904409
1,0.00114359324886,0.000999000999001,0.000552079499448,0.00126189599874,0.0014985014985,0,0.00123560649876,0.00162994899837,0.00162994899837,0.00184026499816,0.00105157999895,0.000644092749356,0.00157736999842,0.000604658499395,0.00118302749882,0.000407487249593,0.000394342499606,0.00220831799779,0.00111730374888,0.00135390924865
1,0.00090823676793,0.000856039252532,0.000459338135505,0.000835160246372,0.00144065142499,0,0.000960434283328,0.00127361937572,0.00157636496503,0.00132581689112,0.000866478755611,0.000709886209416,0.00149284894039,0.000626370184779,0.000845599749452,0.000240108570832,0.000344503601629,0.00249504123604,0.000970873786408,0.000949994780248
1,0.000735113942661,0.00063144402767,0.0004995004995,0.000669142178576,0.00157389780031,0.000405255122236,0.000678566716303,0.000687991254029,0.00196972838482,0.00122518990444,0.000556047725859,0.000706840329482,0.00164929410212,0.000725689404935,0.00122518990444,0,0.000292160669519,0.00185663393211,0.00120634082898,0.000951878310369
1,0.0021207278092,0.00155724940579,0.00133185804442,0.00194656175723,0.000368822227686,0.000461027784608,0.00204901237603,0.0014445537251,0.000952790754856,0.00241783460372,0.00192607163347,0.00157773952955,0.00112695680682,0.00107573149742,0.00102450618802,0.000379067289566,0.000973280878617,0,0.000891320383575,0.00230513892304
1,0.00136654693113,0.00117132594097,0.000442500911031,0.00140559112916,0.000364412514967,0.000924046020095,0.00173095944609,0.00145765005987,0.000780883960643,0.00128845853506,0.000793898693321,0.00118434067364,0.00160081211932,0.00110625227758,0.000911031287417,0.00024727992087,0,0.00102816388151,0.001210370139,0.000924046020095
1,0.0039658784795,0.00237578569291,0.000673451062556,0.00110371146363,0,0.00177716252619,0.00276863214606,0.00101017659383,0.000636037114636,0.000972762645914,0.000729571984436,0.0043400179587,0.000804399880275,0.000748278958396,0.00467674348997,0.00194552529183,0.00263768332834,0.000318018557318,3.74139479198e-05,0.00136560909907
1,0.00095710740872,0.00184331797235,0.00272952853598,0.00304856433889,0.00141793690181,0.000425381070542,0.00216235377526,0.0043956043956,0.0018787663949,0.0032967032967,0.00127614321163,0.00340304856434,0.00141793690181,0.0032967032967,0.0029776674938,0.00127614321163,0.00372208436725,0,0.00141793690181,0.00333215171925
1,0.00265432098765,0.00253086419753,0.00191358024691,0.00425925925926,0,0.0033950617284,0.00462962962963,0.00802469135802,0.000802469135802,0.00518518518519,0.0037037037037,0.0058024691358,0.00154320987654,0.00283950617284,0.00604938271605,0.00327160493827,0.00450617283951,0.00265432098765,0.00234567901235,0.00672839506173
1,0.000538737968687,0.000457475816986,0.000623009829711,0.00126708762468,0,0.000872815703459,0.00205563146711,0.00033106802545,0.000123398082213,0.000848738028881,0.000604951573777,0.00138145657892,0.000550776805976,0.000598932155132,0.000412330177151,0.000258835001716,0.000343106862739,0.000204660233915,0.000535728259365,0.000821650644981
1,0.000504679483734,0.000441967831909,0.000606212634307,0.00122138407602,0,0.000815251473724,0.0020246904732,0.00031057198999,0.000134382111053,0.000830182819396,0.000606212634307,0.00143042291543,0.000525583367675,0.00056141859729,0.000382242449218,0.000262791683838,0.000313558259125,0.000203066301147,0.000507665752868,0.000818237742858
1,0.000487261589865,0.000546429068634,0.000776138103856,0.00133300849227,0,0.000978003619658,0.00218223583461,0.000379367952109,0.000142698037032,0.00104065153835,0.00074133370458,0.00171585688431,0.000643881386607,0.000671724906028,0.000442015870806,0.000257552554643,0.000375887512182,0.000191424196018,0.00064040094668,0.00100236669915
1,0.000942063118229,0.000734809232219,0.00105511069242,0.00133772962789,0.00128120584079,0.00128120584079,0.00248704663212,0.000678285445125,0.00141309467734,0.00152614225153,0.000791333019312,0.00203485633537,0.00165803108808,0.000697126707489,0.000131888836552,0.000357983984927,0,0.000527555346208,0.000621761658031,0.00124352331606
1,0.00107114839177,0.000603463882687,0.000980628809366,0.00144831331845,0.00144831331845,0.00141814012431,0.00250437511315,0.000497857703216,0.000995715406433,0.00137288033311,0.000678896868022,0.0018858246334,0.00176513185686,0.000512944300284,0.00021121235894,0.000241385553075,0,0.000663810270955,0.000543117494418,0.00107114839177
1,0.00108338575522,0.000698958551758,0.000943594044873,0.00129307332075,0.0014328650311,0.00138626779432,0.00228326460241,0.000675659933366,0.00109503506442,0.00129307332075,0.000617413387386,0.00189883739894,0.00175904568859,0.000629062696582,0.000489270986231,0.000128142401156,0,0.000896996808089,0.000710607860954,0.00125812539316
1,0.000408496732026,0.000995246583482,8.91265597148e-05,0.000943256090315,0.000460487225193,0.000282234105764,0.00103980986334,0.000995246583482,0.000868983957219,0.00169340463458,0.000883838383838,0.000891265597148,0.00068330362448,0.000453060011884,0.000549613784908,7.42721330957e-06,0.000557040998217,0.000326797385621,0,0.00158942364825
1,0.000310770863337,0.000886833927083,7.57977715455e-05,0.000992950807246,0.000265292200409,0.000212233760327,0.000977791252937,0.00100811036156,0.00068217994391,0.00162965208823,0.000856514818464,0.000856514818464,0.000606382172364,0.000409307966346,0.00051542484651,4.54786629273e-05,0.000545743955128,0.000242552868946,0,0.00154627453953
1,0.00168472419903,0.00155401283876,0.0016992476835,0.00262875068987,0,0.00233828100038,0.00495250820577,0.000653556801348,0.000755221192669,0.00140877799402,0.0016992476835,0.00303540825515,0.00140877799402,0.00107473785111,0.00116187875795,0.000668080285822,0.000740697708194,0.000145234844744,0.000798791646092,0.00153948935429
1,0.00184375979497,0.00188063499087,0.00184375979497,0.00304220366171,0,0.00271032689861,0.00551284178697,0.000848129505688,0.000940317495437,0.00184375979497,0.00217563655807,0.00361376919815,0.00186219739292,0.00136438224828,0.00116156867083,0.000608440732341,0.00071906632004,0.000221251175397,0.00101406788724,0.00193594778472
1,0,0.00215909090909,0.000909090909091,0.00397727272727,0.000681818181818,0.00170454545455,0.00556818181818,0.00340909090909,0.000909090909091,0.00647727272727,0.00340909090909,0.00670454545455,0.00454545454545,0.00125,0.0025,0.000227272727273,0.000113636363636,0.00204545454545,0.00125,0.00568181818182
1,0.000461009567046,0.000276605740228,0.000421494461299,0.000610288855423,0.00140059097036,0.000267824605617,0.000610288855423,0.000465400134351,0.00097031537445,0.000785911547631,0.000259043471007,0.000667366230391,0.00129082678773,0.000180013259513,0.000206356663344,0,6.5858509578e-05,0.00126009281659,0.000342464249806,0.000557602047761
1,0.000443795268195,0.00030591712662,0.000314534510468,0.000568747333997,0.0013873987996,0.000327460586241,0.000573056025921,0.000340386662013,0.000956529607177,0.000810034081753,0.000292991050847,0.000641995096709,0.00134431188036,0.000215434596211,0.000176656368893,0,6.89390707875e-05,0.00128829888534,0.000280064975074,0.000525660414755
1,0.000256670977423,0.000325774702114,0.00026983359165,0.000776594239382,0.000315902741443,0.000266542938093,0.000997068027681,0.00025996163098,0.000332356009227,0.00063838679,0.000194148559845,0.00064825875067,0.000398169080361,0.000200729866959,0,1.64532677835e-05,0.000121754181598,0.000296158820103,0.000134916795825,0.000335646662784
1,0.000272475247525,0.000304158415842,0.000310495049505,0.000849108910891,0.000259801980198,0.000253465346535,0.000975841584158,0.00024396039604,0.000253465346535,0.000703366336634,0.000231287128713,0.000690693069307,0.000399207920792,0.000209108910891,8.55445544554e-05,0,0.000107722772277,0.000285148514851,0.000145742574257,0.000424554455446
1,0.00071830712483,0.000368860415453,0.00139778683751,0.00122306348282,0.00196078431373,0.000815375655213,0.000873616773442,0.000291205591147,0.00285381479324,0.000737720830907,0.00077654824306,0.00077654824306,0.00207726655018,0.00203843913803,0.00114540865851,7.7654824306e-05,0,0.00425160163075,0.00271791885071,7.7654824306e-05
1,0.00213219616205,0.00876569533286,0.00355366027008,0.0108978914949,0,0.00497512437811,0.00995024875622,0.0125562662876,0.00331674958541,0.00805496327884,0.00213219616205,0.00852878464819,0.0016583747927,0.0106609808102,0.00568585643213,0.0016583747927,0.00473821369344,0.00402748163942,0.00450130300877,0.0101871594409
1,0.00176767676768,0.0111111111111,0.0040404040404,0.0113636363636,0,0.00656565656566,0.0111111111111,0.0128787878788,0.00454545454545,0.00656565656566,0.00151515151515,0.00984848484848,0.00227272727273,0.010101010101,0.00656565656566,0.0020202020202,0.00505050505051,0.00479797979798,0.00505050505051,0.00984848484848
1,0.00124014527416,0.000343254495527,0.000110727256621,0.00100761803526,0.00186021791124,0.000243599964567,0.000896890778634,0.000985472583931,0.00148374523873,0.00121799982284,0.000708654442378,0.000442909026486,0.00133979980512,0.000431836300824,0.00087474532731,0,2.21454513243e-05,0.00231419966339,0.000553636283107,0.00129550890247
1,0.00158087526509,0.00262193946404,0.000597647966069,0.00190861769809,0.000115673799884,0.00121457489879,0.00266049739734,0.00134952766532,0.00239059186428,0.00210140736457,0.00160015423173,0.00106034316561,0.00104106419896,0.000963948332369,0.00134952766532,0,0.000539811066127,0.00285328706381,0.000983227299017,0.00117601696549
1,0.00102003642987,0.00274438372799,0.00121432908318,0.00255009107468,0,0.00126290224651,0.00289010321797,0.00116575591985,0.00289010321797,0.00274438372799,0.00208864602307,0.00131147540984,0.00131147540984,0.00165148755313,0.0013357619915,0.000291438979964,0.000850030358227,0.00296296296296,0.0016029143898,0.00153005464481
1,0.00219610430193,0.00157112600257,0,0.00120655532794,8.68025415784e-05,0.000555536266102,0.00116315405715,0.00211798201451,0.000807263636679,0.00146696295268,0.00145828269852,0.000494774486997,0.000841984653311,0.000841984653311,0.00133675914031,0.000277768133051,0.000651019061838,0.00064233880768,0.000520815249471,0.00244783167251
-1,0.0019329355408,0.000630305067653,0.00302546432473,0.00525254223044,0.00197495587865,0.00273132195983,0.00609294898731,0.0016387931759,0.00147071182452,0.00546264391966,0.00428607446004,0.00281536263552,0.00432809479788,0.00256324060845,0.000798386419027,0.00172283385158,0.00147071182452,0,0.00100848810824,0.00369778973023
-1,0.0001887001887,0.0011766011766,0.00031635031635,0.0011433011433,0.0002109002109,0.00039405039405,0.001221001221,0.0002886002886,0.000999000999001,0.000899100899101,0.0010656010656,0.00106005106005,0.000715950715951,0.000904650904651,0.000643800643801,8.32500832501e-05,0,0.00140415140415,0.000810300810301,0.0003108003108
-1,0,0.00999000999001,0.0041625041625,0.0041625041625,0.001998001998,0.001998001998,0.00582750582751,0.004662004662,0.0044955044955,0.00999000999001,0.0048285048285,0.0104895104895,0.00632700632701,0.002997002997,0.0028305028305,0.0018315018315,0.001998001998,0,0.002997002997,0.00815850815851
-1,0.000167700018207,0.000862457236495,0.000359357181873,0.00100620010924,0.000282694316407,0.000316234320048,0.00100140868015,0.000220405738215,0.000872040094679,0.000752254367388,0.000886414381954,0.00084808294922,0.000589345778272,0.000800168658304,0.000574971490997,0,9.58285818328e-06,0.00145180301477,0.000862457236495,0.000253945741857
-1,0.000119318181818,0.00032196969697,0.000331439393939,0.000590909090909,0.000388257575758,0.000293560606061,0.000698863636364,0.000346590909091,0.000568181818182,0.000503787878788,0.000333333333333,0.000596590909091,0.0003125,0.000429924242424,0.000202651515152,1.13636363636e-05,0,0.000609848484848,0.000395833333333,0.000386363636364
-1,0.000734214390602,0.00208311989892,0.00169040057371,0.00172455008025,0.000409794078476,0.00109278420927,0.00309053034184,0.0012464569887,0.000870812416761,0.00310760509511,0.00247583922412,0.00187822285968,0.00174162483352,0.00134890550832,0.000290270805587,0.0014684287812,0.00092203667657,0,0.00104155994946,0.00211726940546
-1,0.000274099687948,0.00115965252593,0.000506030193135,0.00105422956903,0.000737960698322,0.000759045289702,0.0017008237047,0.000744988895449,0.000597396755784,0.00153917517079,0.00132130105985,0.00150403418515,0.00107531416041,0.0012018217087,0.000442776418993,0,7.02819712687e-05,0.00125101908858,0.0012018217087,0.000822299063844
-1,8.05636526095e-05,0.000402818263048,0.000194085163105,0.000476057947238,0.000732396841905,0.000296620720971,0.000457748026191,4.02818263048e-05,0.00120113082072,0.00023436698941,0.000201409131524,0.000322254610438,0.000780002636629,0.000450424057771,0.000289296752552,0,1.09859526286e-05,0.00176507638899,0.00069577699981,0.000128169447333
-1,0.00115511551155,0.000911933298593,0,0.000807712350182,0.000251867291992,6.07955532395e-05,0.000581900295293,0.000772972034046,0.00145909327775,0.000920618377627,0.00123328122286,0.000130276185513,0.000755601875977,0.000825082508251,0.000573215216258,0.000573215216258,0.000512419663019,0.000590585374327,0.000416883793643,0.000625325690464
-1,0.000178728781153,0.000706602158046,0.000216137130696,0.000806357756829,0.00034914459574,0.000270171413371,0.000827140173242,0.000207824164131,0.00101418192096,0.000631785458959,0.000727384574459,0.000735697541024,0.000677506775068,0.000714915124611,0.000457213161089,7.06602158046e-05,0,0.00150880343159,0.000648411392089,0.000178728781153
-1,0.00289969684987,0.00173742166625,0.000982541907809,0.00250428364307,0.000682986448111,0.00121020405718,0.00242040811436,0.00154570617204,0.00119822183879,0.00250428364307,0.00300753681537,0.00162958170076,0.00216878152821,0.00121020405718,0.000778844195214,0.000946595252645,0.000790826413602,0,0.00131804402267,0.00154570617204
-1,0.00018759018759,0.000533910533911,9.81240981241e-05,0.000582972582973,0.000632034632035,0.000271284271284,0.000759018759019,0.000392496392496,0.000914862914863,0.000554112554113,0.000239538239538,0.00027417027417,0.000796536796537,0.000337662337662,0.000392496392496,0,0.000152958152958,0.000718614718615,0.000378066378066,0.000496392496392
-1,0.000178933556006,0.00098910493459,0.000367807865124,0.00106366058293,0.000198815062229,0.000392659747903,0.00118294962026,0.000258459580898,0.000835023261362,0.000904608533142,0.000994075311146,0.00106366058293,0.000720704600581,0.000790289872361,0.000641178575689,4.97037655573e-05,0,0.00134200167005,0.000765437989582,0.000318104099567
-1,0.000118221941992,0.000296284620055,0.000259796366354,0.000502078370931,0.000185360328803,0.000115302881696,0.000561919107001,0.000141574424361,0.000443697165009,0.000496240250339,0.000249579655317,0.000573595348186,0.000354665825977,0.00048018541871,0.000326934753164,0,7.29765074027e-05,0.000998318621269,0.000553161926113,0.000379477838494
-1,0.000324340262421,0.00117204776648,0.000538109980834,0.00109833407047,0.000700280112045,0.000648680524842,0.00171015774731,0.000891935721657,0.000508624502433,0.0015553589857,0.00132684652808,0.00142267433289,0.00115730502727,0.00139318885449,0.000493881763232,0,7.37136960047e-05,0.00132684652808,0.00128261831048,0.000796107916851
-1,0.000348723671363,0.00206909378342,0.00104617101409,0.00232482447575,0.000906681545543,0.00137164644069,0.0026270516576,0.00141814293021,0.000976426279816,0.00346398846887,0.00225507974148,0.00253405867857,0.00172037011206,0.00106941925885,0.00123215697215,0.000325475426605,0.000325475426605,0,0.000627702608453,0.00209234202818
-1,0.00177954037014,0.00528777709986,0.00127110026439,0.00523693308928,0.000559284116331,0.00254220052878,0.00544030913158,0.00223713646532,0.00518608907871,0.00528777709986,0.00508440105756,0.0022879804759,0.00167785234899,0.0018812283913,0.00264388854993,0,0.00091519219036,0.00183038438072,0.00137278828554,0.0041692088672
-1,0.000196000196,0.001218001218,0.000581000581001,0.001043001043,0.000707000707001,0.000721000721001,0.00168000168,0.000735000735001,0.000539000539001,0.001442001442,0.001225001225,0.001547001547,0.001106001106,0.001239001239,0.000434000434,0,0,0.001428001428,0.00119000119,0.000763000763001
-1,0.000184607861116,0.000517146524849,0.000195610978666,0.000301974448316,0.000129592273366,0.000378996271166,0.000666299896082,0.00017971758665,0.000171159606333,0.000320312977566,9.16926462498e-05,0.000813008130081,0.00019438841005,3.91221957332e-05,0.000493917721132,0.000108808606883,2.56739409499e-05,5.99058622165e-05,0,0.000290971330766
-1,0.000217727208878,0.00110268296109,0.000568900126422,0.00107458912769,0.00047057170951,0.000737463126844,0.00171372383762,0.000814721168703,0.000498665542913,0.00158027812895,0.001201011378,0.00144683242028,0.000906026127265,0.00119398791965,0.00039331366765,0,3.51172917545e-05,0.00103947183593,0.00111672987779,0.000751510043545
-1,0.000182149362477,0.00352155434123,0.00179113539769,0.00227686703097,0.000607164541591,0.00248937462052,0.00258044930176,0.000425015179114,0.00218579234973,0.00285367334548,0.00151791135398,0.00455373406193,0.00333940497875,0.00106253794778,0.00151791135398,6.07164541591e-05,0,0.00109289617486,0.000910746812386,0.00194292653309
-1,0.00174781523096,0.00245526425302,0,0.00212234706617,0.00291302538494,0.000707449022056,0.00224719101124,0.00195588847274,0.00241364960466,0.00403662089055,0.00291302538494,0.00278818143987,0.00307948397836,0.00208073241781,0.00216396171452,0.00033291718685,0.000540990428631,0.00278818143987,0.00299625468165,0.00316271327507
-1,0.000127420998981,0.000370127663706,0.000303383330906,0.000616879439509,0.00042069155219,0.000297315664288,0.00067957866123,0.000394398330178,0.000554180217789,0.000572383217643,0.000353947219391,0.000620924550588,0.000402488552336,0.000442939663123,0.000210345776095,1.82029998544e-05,0,0.00067957866123,0.00038833066356,0.000438894552044
-1,0,0.000474122022542,0.000107884053034,0.000513868778923,0.000573488913494,0.000181699457741,0.000650143372228,0.000187377565795,0.000968117423275,0.000476961076569,0.000292422564801,0.000408823779917,0.000874428640377,0.000553615535304,0.000403145671862,8.51716208159e-06,5.6781080544e-05,0.00125202282599,0.000457087698379,0.000184538511768
-1,1.57160219605e-05,0.000633879552408,0.000571015464566,0.00071245966221,0.00112107623318,0.000738653032145,0.000901051925737,9.953480575e-05,0.00144587402037,0.000586731486526,0.000560538116592,0.000759607728092,0.0011158375592,0.00069674364025,0.000644356900381,0,3.66707179079e-05,0.00193307070114,0.000874858555802,0.000309081765224
-1,0.000314045693648,0.00105429625725,0.000437420787582,0.000908489328054,0.00195156966767,0.000807546069382,0.000964568916206,0.0003701252818,0.00213102434976,0.00100943258673,0.000628091387297,0.00124496685696,0.00206372884398,0.00103186442199,0.000897273410424,0,0.000100943258673,0.00228804719658,0.00165995580928,0.000347693446539
-1,0.000117666021921,0.000336879432624,0.000251450676983,0.000531914893617,0.000104771115409,0.000170857511283,0.000691489361702,4.99677627337e-05,0.000341715022566,0.000557704706641,0.000380399742102,0.000644745325596,0.000344938749194,0.000435203094778,0.00028691166989,3.86847195358e-05,0,0.000680206318504,0.000419084461638,0.0003110896196
-1,0.000222690443154,0.00135327269301,0.000693766380595,0.00107062713055,0.00154170306799,0.00142179282937,0.00171300340888,0.000154170306799,0.00200421398839,0.000907891806705,0.000967846926015,0.00128475255666,0.0017558284941,0.000676636346506,0.000471075937441,0.000325470647687,0,0.00227829453381,0.000959281908971,0.000445380886308
-1,0.0011320754717,0.00134770889488,0.000700808625337,0.00134770889488,0.00210242587601,0.000727762803235,0.00153638814016,0.00129380053908,0.0033423180593,0.00175202156334,0.00121293800539,0.000323450134771,0.00188679245283,0.000862533692722,0.00210242587601,0,0.000512129380054,0.00266846361186,0.00132075471698,0.00207547169811
-1,0.000119612022096,0.000902527075812,0.000358836066287,0.000761167413336,0.00182680179201,0.000869905615241,0.00100039145753,0.000282719324953,0.00208777347658,0.000967769996955,0.000587186290288,0.00129398460267,0.00208777347658,0.000946022356574,0.000782915053717,0,0.000108738201905,0.00224000695924,0.00138097516419,0.000250097864382
-1,3.95069532238e-05,0.000525442477876,0.000288400758534,0.000588653603034,0.000833596713021,0.000304203539823,0.000497787610619,7.90139064475e-05,0.00111409608091,0.000252844500632,0.00023309102402,0.000474083438685,0.000794089759798,0.000592604298357,0.000272597977244,0,2.37041719343e-05,0.00185682680152,0.000877054361568,0.000114570164349
-1,0.000277826622121,0.000509934939335,0.000418498329523,0.000573237207667,0.000625989097943,0.000422015122209,0.000798311939511,0.000147705292773,0.00104097063478,0.00072797608581,0.000611921927202,0.000791278354141,0.000851063829787,0.000699841744329,0.000302444170916,0.000133638122033,0,0.00144188500088,0.000942500439599,0.000298927378231
-1,0,0.000234460280122,0.000401657365128,0.000568854450133,0.000157588057131,1.7296250173e-05,0.000634195839675,0.000155666251557,0.000317097919838,0.000830220008302,0.000476607782544,0.000553480005535,0.000221007641099,0.000374752087081,0.000319019725412,8.455944529e-05,2.88270836216e-05,0.000409344587427,0.000326706947712,0.000442015282198
-1,0.000189725501695,0.00117284855593,0.000672663142372,0.0012935829661,0.00134532628474,0.00144881292203,0.00227670602034,0.00012935829661,0.00173340117457,0.000888260303388,0.0011038574644,0.00126771130678,0.00164716231017,0.000551928732202,0.00038807488983,0.000293212138983,0,0.00206973274576,0.000888260303388,0.000396698776271
-1,0.000628426010615,0.00108263490938,0.000245770568508,0.000936416976213,0,0.000485319097306,0.00104219165127,0.000706201506978,0.000575538673088,0.00117907652487,0.0011013010285,0.000846197400432,0.000556872553961,0.000522651335561,0.000541317454688,9.64416154904e-05,0.000307990965598,0.000441764819343,0.00019910527069,0.000939527996068
-1,0.000214182447748,0.00115123065665,0.000758562835776,0.00113338211934,0.0015082014029,0.00156174701483,0.00212397594017,9.8166955218e-05,0.00172238385064,0.000856729790994,0.000972745283524,0.00118692773127,0.00170453531333,0.000624698805933,0.000499759044746,0.000356970746247,0,0.0023024613133,0.000963821014868,0.000348046477591
-1,0.00119062198092,0.000693962526024,0.000224517287831,0.000449034575662,0.0015171925814,0.000496659454899,0.000326570600482,0.000979711801445,0.0015171925814,0.000551087888313,0.000340177708835,0.000170088854418,0.00156481746064,0.000360588371365,0.000653141200963,0,7.48390959437e-05,0.00197983426542,0.000476248792369,0.00059871276755
-1,7.62405771412e-06,0.000247781875709,0.000394544986706,0.000478409621561,0.000148669125425,1.90601442853e-06,0.000543214112131,0.000127702966711,0.000325928467278,0.00079099598784,0.000430759260848,0.000474597592704,0.000228721731424,0.000316398395136,0.000276372092137,4.95563751418e-05,0,0.00044028933299,0.000295432236422,0.000405981073277
-1,0.000973836265663,0.000876452639096,0.00113614230994,0.00137960137636,0.00159059923392,0.00137960137636,0.00246705187301,0.000795299616958,0.00131467895864,0.00168798286048,0.000616762968253,0.0022235928066,0.00194767253133,0.000730377199247,9.73836265663e-05,0,4.86918132831e-05,0.000584301759398,0.000714146594819,0.00128221774979
-1,0.000283446712018,0.000880709426628,0.000425170068027,0.00068837058633,0.00184240362812,0.000799724651765,0.000971817298348,0.000283446712018,0.00204486556527,0.000971817298348,0.000526401036605,0.00115403304179,0.00209548104956,0.000951571104632,0.000718739876903,9.11078717201e-05,0,0.00231818918043,0.0014880952381,0.000283446712018
-1,0,0.00047502490582,0.00104901333369,0.000996232788594,0.000567390859729,0.000362866247501,0.000725732495002,4.61829769547e-05,0.000804903312639,0.00161640419341,0.000732330063139,0.000963244947912,0.000534403019047,0.00062017140482,0.00054759815532,0.000171536771546,4.61829769547e-05,0.00121395253709,0.00115457442387,0.000567390859729
-1,0.000809189024454,0.00156583330706,0.00116649326902,0.000977332198367,0.000126107380434,0.00168143173913,0.00248011181521,0.000620027953803,0.00154481541032,0.00283741605977,0.00241705812499,0.00199670019021,0.00117700221739,0.00171295858423,0.000966823249997,0.000977332198367,0.00068308164402,0,0.000882751663041,0.00147125277174
-1,0.00037726061635,0.00313597887341,0.00110820306053,0.00160335761949,0.000495154558959,0.00212209096697,0.00193346065879,0.000471575770437,0.00115536063757,0.0022635636981,0.00117893942609,0.00403197283724,0.00238145764071,0.00089599396383,0.00190988187027,0.000235787885218,0,0.000542312136002,0.000424418193393,0.00169767277357
-1,4.02522474171e-05,0.000546759694083,0.000197906883134,0.000597075003354,0.00072789480746,0.000241513484503,0.000731249161412,0.000264993962163,0.00122098483832,0.000600429357306,0.000409231182074,0.000395813766269,0.000999597477526,0.000644035958674,0.000368978934657,0,0.000134174158057,0.00125788273179,0.000654099020529,0.000271702670066
-1,0,0.000910999670305,0.000642037862882,0.000902323482969,0.0011018757917,0.000963056794322,0.00128407572576,0.000407780804803,0.00167450415589,0.000989085356331,0.000850266358951,0.00117128529039,0.00150098040917,0.00131010428777,0.000702771174235,0.000182199934061,0.000104114248035,0.00246403720349,0.00130142810044,0.000433809366812
-1,0.00105490290098,0.000767202109806,0.0010389195237,0.00158235435147,0.00153440421961,0.00145448733317,0.00246144010229,0.000463517941341,0.00110285303285,0.00127867018301,0.000687285223368,0.00207783904739,0.00169423799249,0.000639335091505,0.000255734036602,0.000223767282027,0,0.000543434827779,0.000495484695916,0.00111883641013
-1,0.000133740126217,0.000317632799766,0.000735570694195,0.000601830567978,0.00230701717725,0.000167175157772,4.17937894429e-05,0.000167175157772,0.00201446065115,0.000660341873198,0,0.000259121494546,0.0016132402725,0.000610189325866,0.000493166715426,0,7.52288209972e-05,0.00186400300915,0.000877669578301,0.00040957913654
-1,0.00129827977929,0.0103862382343,0.00454397922752,0.00438169425511,0.002758844531,0.00357026939305,0.00681596884129,0.00535540408958,0.00486854917235,0.0105485232068,0.00535540408958,0.0115222330412,0.00827653359299,0.00357026939305,0.00470626419994,0.002758844531,0.002758844531,0,0.00308341447582,0.00876338851022
-1,0.000152423418607,0.000286647026037,0.000275272144052,0.000457270255821,0.000439070444644,0.000270722191257,0.000609693674428,0.000143323513019,0.000646093296782,0.000409495751482,0.000320771671994,0.000582393957663,0.000439070444644,0.000389020963907,0.000407220775084,0,5.45994335309e-05,0.00113293824577,0.000523244571338,0.000261622285669
-1,0.000202548249887,0.000660693100821,0.000212193404643,0.00101756382681,0.000405096499773,0.000380983612882,0.00124904754097,0.000617289904417,0.000901821969734,0.000978983207786,0.000544951243743,0.00063658021393,0.000790902690034,0.000569064130634,0.000482257737825,0,0.000327935261721,0.000679983410334,0.000390628767639,0.000790902690034
-1,0,0.000955844155844,0.000550649350649,0.00103896103896,0.00158961038961,0.000135064935065,0.00052987012987,0.000342857142857,0.0017974025974,0.000893506493506,0.000675324675325,0.000571428571429,0.00108051948052,0.00137142857143,0.000498701298701,0.000145454545455,6.23376623377e-05,0.00302337662338,0.00111168831169,0.000675324675325
-1,0.000122679906475,0.000380067161235,0.000327146417266,0.000488314137536,0.000262198231485,0.000303091533643,0.000890030694032,0.000245359812949,0.000457042788827,0.00073848492721,0.000228521394413,0.000988655716884,0.00050274706771,7.93811159542e-05,0.000161167720271,9.62195344899e-06,0,0.000199655534067,7.45701392297e-05,0.000603777578924
-1,0,0.00078544589976,0.00098711444159,0.00135860912391,0.00136922325769,0.000817288301102,0.00078544589976,0.000456407752563,0.00231388116416,0.00107202751183,0.000796060033541,0.000827902434882,0.00173010380623,0.00130553845501,0.000838516568663,1.06141337805e-05,0.000297195745855,0.00292950092343,0.00188931581294,0.000413951217441
-1,7.95984884666e-05,0.000569757601656,0.000322583347996,0.000657734878382,0.000837878825964,0.000263931830179,0.000506916689708,0.000100545459116,0.00113951520331,0.000284878800828,0.000301636377347,0.000435696989501,0.000791795490536,0.000557189419266,0.000343530318645,0,5.86515178175e-05,0.0018265758406,0.00071219700207,0.000104734853246
-1,0.00141009329941,0.00224766751484,0.000169635284139,0.00212044105174,0.000540712468193,0.000424088210348,0.00149491094148,0.0011026293469,0.00180237489398,0.000943596268024,0.00170695504665,0,0.00107082273113,0.00130407124682,0.00179177268872,0.000201441899915,0.000286259541985,0.00356234096692,0.00125106022053,0.00104961832061
-1,3.12707168499e-05,0.000444044179269,0.000268928164909,0.000459679537694,0.000922486147072,0.000450298322639,0.000750497204398,0.000228276233004,0.00116014359513,0.000422154677474,0.000243911591429,0.000540983401503,0.000891215430223,0.000781767921248,0.000444044179269,1.5635358425e-05,0,0.00143532590341,0.000944375648867,0.000171988942675
-1,0.00118191161357,0.0032887975334,0.00102774922919,0.00395683453237,0.00087358684481,0.000308324768756,0.00344295991778,0.00210688591984,0.00513874614594,0.00256937307297,0.00318602261048,0.000462487153135,0.00256937307297,0.00390544707091,0.00220966084275,0,0.000462487153135,0.00554984583762,0.00267214799589,0.00220966084275
-1,0.000438474387528,0.000814309576837,0.00073079064588,0.00135718262806,0.00037583518931,0.000508073496659,0.00114142538976,0.000563752783964,0.0011135857461,0.000549832962138,0.000668151447661,0.000695991091314,0.000981347438753,0.00120406458797,0.000445434298441,4.8719376392e-05,0,0.00116926503341,0.00125278396437,0.000257516703786
-1,0.000304856772412,0.000495851376814,0.000517889215784,0.000686845981216,0.000745613551802,0.000415045967259,0.000918243290396,0.000183648658079,0.00112392978745,0.000756632471287,0.000539927054753,0.000774997337094,0.000896205451427,0.000719902739671,0.000367297316159,0.000168956765433,0,0.00153162980838,0.00105047032421,0.000378316235643
-1,0.000200836820084,0.000765690376569,0.000234309623431,0.000845188284519,0.000301255230126,0.00034309623431,0.000941422594142,0.000192468619247,0.000916317991632,0.000615062761506,0.000769874476987,0.000782426778243,0.000523012552301,0.000665271966527,0.000468619246862,7.53138075314e-05,0,0.00145606694561,0.000740585774059,0.000242677824268
-1,0.000370930464804,0.000750420863412,0.000265357947899,0.000616315233829,0.000613461922561,0.000382343709875,0.000482209604246,0.000336690729592,0.001087111593,0.000231118212686,0.000430850001427,0.000185465232402,0.000576368876081,0.000661968214112,0.000636288412703,7.98927154963e-05,0,0.00174907980712,0.000758980797215,0.000131252318315
-1,0.000166271210814,0.000817874604544,0.000256147540984,0.000835849870578,0.000301085706068,0.000323554788611,0.000925726200748,0.000179752660339,0.000858318953121,0.000665084843256,0.000736985907391,0.000732492090883,0.000665084843256,0.000701035375324,0.000426912568306,8.98763301697e-06,0,0.0014290336497,0.000620146678171,0.000179752660339
-1,0.000291388697186,0.00123456790123,0.000559773023541,0.00109654167625,0.000797484855456,0.000697799248524,0.0017406640595,0.000866497967947,0.000705467372134,0.00154129284564,0.00134192163178,0.00142627099149,0.00139559849705,0.00144927536232,0.000452419292999,0,6.90131124914e-05,0.0016639828234,0.00134958975539,0.000881834215168
-1,0.000310631358236,0.00120369651316,0.00201910382853,0.00267919546478,0.00124252543294,0.00166964355052,0.00225207734721,0.000194144598897,0.000854236235148,0.00442649685486,0.00194144598897,0.00368874737905,0.00349460278015,0.0015143278714,0.000388289197795,0,0.000194144598897,0.00104838083405,0.0011260386736,0.00326162926147
-1,0,0.000508361204013,0.000150501672241,0.000555183946488,0.000682274247492,0.000214046822742,0.000792642140468,0.000260869565217,0.00105685618729,0.00057525083612,0.000391304347826,0.00047491638796,0.000983277591973,0.000665551839465,0.000535117056856,1.33779264214e-05,0.000123745819398,0.00119732441472,0.000615384615385,0.000257525083612
-1,0.000183679467085,0.000401033503135,0.000419401449843,0.000560222374608,0.000572467672414,0.000287764498433,0.000630632836991,0.000189802115987,0.000921458659875,0.000618387539185,0.000502057210031,0.000596958268025,0.000572467672414,0.000734717868339,0.000474505289969,0,0.000143882249216,0.00161025666144,0.000844925548589,0.000257151253918
-1,0.00168177566731,0.00108820778473,0.00064752859918,0.00100726670984,5.39607165983e-05,0.000179869055328,0.0012051226707,0.00223936973883,0.000449672638319,0.0022753435499,0.00142995898986,0.000539607165983,0.000701489315778,0.000395711921721,0.000530613713217,0,0.000107921433197,0.000134901791496,0.000305777394057,0.00185265126988
-1,8.26255081469e-06,0.000702316819248,0.000817992530654,0.0012393826222,0.00105760650428,0.000809729979839,0.000751892124137,0.000495753048881,0.00188386158575,0.000892355487986,0.000702316819248,0.000694054268434,0.00136332088442,0.00117328221569,0.000760154674951,0,0.000322239481773,0.00275969197211,0.00166903526457,0.000421390091549
-1,0.000929292929293,0.00333333333333,0.00153535353535,0.00381818181818,0,0.00121212121212,0.00371717171717,0.00161616161616,0.000989898989899,0.0039797979798,0.00375757575758,0.00290909090909,0.00187878787879,0.00167676767677,0.00121212121212,0.000727272727273,0.00139393939394,0.000646464646465,0.0019595959596,0.00282828282828
-1,0,0.000249626542967,0.000416699426056,0.00052480540923,0.00022014309301,2.1621196635e-05,0.00061129019577,0.000153313939775,0.000406871609403,0.000803915402154,0.00043635505936,0.000503184212595,0.000322352386194,0.00034790470949,0.000353801399481,6.48635899049e-05,4.71735199308e-05,0.000491390832613,0.000351835836151,0.00043635505936
-1,2.15081515895e-05,0.0010108831247,0.000634490471889,0.00103239127629,0.0018389469609,0.000268851894868,0.0004086548802,0.000301114122252,0.00189271733987,0.00103239127629,0.000655998623478,0.000731277154041,0.00118294833742,0.00131199724696,0.000333376349637,0.000193573364305,0,0.00340904202693,0.00118294833742,0.00059147416871
-1,0.000245941957698,0.00109307536755,0.00050554735749,0.00106574848336,0.000765152757283,0.000710498988905,0.00170109854074,0.000717330709952,0.000546537683773,0.00140733453572,0.00118871946221,0.00150981035142,0.000983767830792,0.00115456085697,0.000485052194349,0,3.41586052358e-05,0.00125020495163,0.00109990708859,0.000826638246707
-1,1.4776592695e-05,0.000320652061482,0.000224604208965,0.000546733929717,0.000141855289872,0,0.000604362641227,2.95531853901e-05,0.000317696742943,0.000471373306972,0.000316219083674,0.000560032863142,0.000240858460929,0.000369414817376,0.00026745632778,1.1821274156e-05,7.38829634752e-06,0.000638348804426,0.000400445662036,0.000330995676369
-1,0,0.00149769585253,0.00245775729647,0.00272657450077,0.00115207373272,0.00126728110599,0.00345622119816,0.00142089093702,0.00218894009217,0.00353302611367,0.000537634408602,0.00330261136713,0.00337941628264,0.00203533026114,0.00138248847926,3.84024577573e-05,0.00211213517665,0.00176651305684,0.00230414746544,0.0036866359447
-1,0.00125006377876,0.00175519159141,0,0.000974539517322,0.000367365681923,0.000316342670544,0.000790856676361,0.00105617633553,0.00132659829583,0.000846981988877,0.00128577988673,0.000214296647788,0.000908209602531,0.000744935966121,0.00128577988673,0.000438797897852,0.000397979488749,0.00179601000051,0.000596969233124,0.00104597173325
-1,0.00591813250041,0.0085484136117,0.00427420680585,0.00641131020878,0.00131514055565,0.00263028111129,0.00624691763932,0.00723327305606,0.00674009534769,0.00723327305606,0.00378102909748,0.00624691763932,0.00641131020878,0.00312345881966,0,0.00575373993096,0.0108499095841,0.00345224395857,0.00263028111129,0.00378102909748
-1,0,0.000249549640882,0.000384072494171,0.000528343380306,0.000140371672996,1.36472459858e-05,0.000616075675929,0.000179363804384,0.000315836264242,0.000809086726299,0.000469855183224,0.000528343380306,0.00025734806716,0.000382122887601,0.000327533903658,5.06897708043e-05,3.31433116797e-05,0.000405518166434,0.000337281936505,0.000438661478114
-1,0,0.00102166304039,0.000766247280295,0.000889225238861,0.00110680162709,0.000908144924794,0.00155141424652,0.000255415760098,0.00152303471762,0.00108788194116,0.000785166966228,0.00137167723016,0.00139059691609,0.00134329770126,0.000841926024028,0.000122977958566,0.000104058272633,0.00231766152682,0.00114464099896,0.000359474032731
-1,0.000148915441269,0.000338214731018,0.000393742522678,0.000519942049177,0.000484606181758,0.000292782901479,0.000656237537797,0.000146391450739,0.000653713547267,0.000545181954477,0.000429078390098,0.000704193357867,0.000434126371158,0.000477034210168,0.000413934446918,0,7.31957253696e-05,0.00118122756803,0.000600709746137,0.000315498816248
-1,0.000348189415042,0.00120527105207,0.000901721305621,0.00129455038926,0.00155346046711,0.00156238840083,0.00235697450182,0.000249982144133,0.00191950574959,0.00106242411256,0.00125883865438,0.00134811799157,0.00173201914149,0.000767802299836,0.000526748089422,0.000464252553389,0,0.00225876723091,0.00108920791372,0.000553531890579
-1,0.000381909547739,0.00249246231156,0.00118592964824,0.00164824120603,8.04020100503e-05,0.00217085427136,0.0025527638191,0.000381909547739,0.0011256281407,0.00152763819095,0.000904522613065,0.00426130653266,0.00209045226131,0.000301507537688,0.00122613065327,0.000221105527638,0,0.000522613065327,0.000502512562814,0.00132663316583
-1,0,0.000580337536859,0.000271869837087,0.00079469644687,0.000836522575653,0.000355522094653,0.00107179455006,0.000256185038794,0.00140117531422,0.000758098584186,0.000548967940272,0.000622163665642,0.00111362067884,0.00110839241274,0.000585565802957,9.4108789761e-05,8.36522575653e-05,0.00147437103959,0.000899261768827,0.000318924231968
-1,0.000431676859037,0.00053445706357,0.000544735084023,0.000328896654504,0.00226116449972,0.000164448327252,0.000277506552238,0.000729739452182,0.00202477002929,0.00130530859756,0.000267228531785,0.000400842797677,0.00172670743615,0.000390564777224,0.000102780204533,0.000123336245439,0,0.00223033043836,0.000996967983966,0.00091474382034
-1,0.000126006139936,0.000439112305836,0.000297832694393,0.000630030699678,0.000805675622012,0.000248193911994,0.000542208238511,7.25489896599e-05,0.00109587158065,0.000336016373161,0.000294014326516,0.000389473523437,0.000683487849953,0.000500206191865,0.000221465336856,0,0,0.00173735738396,0.000645304171185,0.000190918393842
-1,0.00017978974063,0.000946261792788,0.000331191627476,0.000984112264499,0.000307535082656,0.000340654245404,0.00101250011828,0.000208177594413,0.000969918337607,0.000719158962519,0.000823247759725,0.000856366922473,0.000633995401168,0.000818516450761,0.000586682311528,5.20443986033e-05,0,0.00143831792504,0.000794859905942,0.000246028066125
-1,0,0.00022361179381,0.000372686323016,0.000509673728233,0.000159147132531,2.01452066495e-05,0.00063457400946,0.000122885760562,0.000296134537748,0.000817895389971,0.000465354273604,0.000529818934883,0.00021152466982,0.000374700843681,0.000320308785728,3.82758926341e-05,1.81306859846e-05,0.000366642761021,0.000328366868387,0.000467368794269
-1,5.80930941834e-05,0.000428436569603,0.000268680560598,0.000515576210878,0.000773364316317,0.000261418923825,0.000428436569603,0.000105293733207,0.00111829206303,0.000225110739961,0.000228741558347,0.000406651659284,0.000740686950839,0.000497422118946,0.000283203834144,0,4.35698206376e-05,0.00176820855421,0.000711640403747,0.000127078643526
-1,0.00200616951054,0.00149923420411,0.000226503009254,0.00146687663136,0.00187673921954,0.000593222167095,0.00124037362211,0.00051772116401,0.00198459779537,0.000819725176349,0.000895226179434,0.00033436158509,0.0018335957892,0.000830511033932,0.00119723019177,0.000280432297172,0,0.0028151088293,0.000744224173264,0.00088444032185
-1,0.000423116615067,0.000123839009288,0.000495356037152,0.000526315789474,0.00224974200206,0.000371517027864,0.000815273477812,0.000608875128999,0.00162022703818,0.00105263157895,0.000381836945304,0.000825593395253,0.00138286893705,0.000423116615067,0.000268317853457,9.28792569659e-05,0,0.00217750257998,0.000887512899897,0.000835913312693
-1,0.00111317254174,0.000587507730365,0.000896722325294,0.00122139764997,0.00137600494743,0.00122139764997,0.0023964131107,0.000602968460111,0.00095856524428,0.00125231910946,0.000680272108844,0.00207173778602,0.00156153370439,0.000463821892393,3.09214594929e-05,0.000231910946197,0,0.000587507730365,0.000355596784168,0.00122139764997
-1,0.000162977047399,0.00301507537688,0.00152111910906,0.00222735298112,0.000461768300964,0.00247181855222,0.00258046991715,0.000543256824664,0.00192856172756,0.00220019013989,0.00152111910906,0.00445470596224,0.00290642401195,0.00103218796686,0.00141246774413,0.000217302729866,0,0.000814885236996,0.000869210919462,0.00187423604509
-1,0.000216062571721,0.000993887829916,0.000273679257513,0.000955476706054,0.000288083428961,0.000460933486338,0.0011091212015,0.0002496723051,0.000945873925089,0.00091226419171,0.000960278096537,0.000945873925089,0.000729811353368,0.000811434991574,0.000489741829234,5.76166857922e-05,0,0.00145962270674,0.000792229429643,0.000312090381374
-1,0,0.000405179504225,0.000274163377111,0.000490097364392,0.000858883499975,0.000354228788125,0.000650228186421,0.00017226194491,0.00104085034319,0.000468261343206,0.000252327355925,0.000490097364392,0.000723014923707,0.000521638283883,0.000317835419482,5.09507161002e-05,5.09507161002e-05,0.00125921055505,0.000749703394046,0.000245048682196
-1,2.26247268872e-05,0.000336138799467,0.000216550957349,0.000492895835757,5.97939210591e-05,0.000142212569005,0.000680357858537,2.10086749667e-05,0.000269880670726,0.00053168108185,0.000391084564765,0.000652884975889,0.00031351407258,0.00043956612238,0.000252104099601,0,0,0.000675509702776,0.000442798226221,0.000289273293772
-1,0,0.000445986635869,0.000332556508827,0.00053105923115,0.000832680250784,0.000407317274377,0.000765653357532,0.000159833360832,0.00105696254743,0.000513013529121,0.000309354891932,0.000538793103448,0.000755341527801,0.000644489358192,0.000319666721663,4.3825276357e-05,9.02285101468e-05,0.00124773139746,0.000861037782544,0.000293887147335
-1,0.000433314793496,0.000594999417935,0.00107681959876,0.00118999883587,0,0.000633803727801,0.000892499126903,0.000287798631501,0.000407445253586,0.000756684042374,0.000565896185536,0.000941004514235,0.000769618812329,0.000989509901566,0.000604700495402,0.000381575713676,0.00023929324417,0.000995977286544,0.0011253249861,0.000407445253586
-1,0.000282000440626,0.000482284844479,0.000219511706623,0.000304432293857,0,0.000729836367642,0.000926115083418,0.000105750165235,0.000120170642312,0.000392557431553,0.000460654128863,0.000467063229786,0.00016423321116,0.000130585431312,2.64375413087e-05,0.000113761541389,6.80966973102e-05,7.69092110797e-05,7.77103486951e-05,0.000171443449699
-1,0.000138266688789,0.000394688547999,0.000294130956152,0.000540497056176,0.000271505497986,0.000351951571464,0.00094524136336,0.000261449738802,0.00035446551126,0.000749154059259,0.000251393979617,0.00101311773786,0.000457537042903,7.29042540889e-05,0.000198601243897,3.77090969425e-05,2.01115183694e-05,0.000168433966343,0,0.000633512828635
-1,7.87327181684e-06,0.000309682024796,0.000456649765376,0.000816195845012,7.08594463515e-05,0.000157465436337,0.000375292623269,0.000181085251787,0.000579997690507,0.000346423959941,0.000259817969956,0.000146967740581,0.000530133635667,0.000527509211728,0.000346423959941,5.77373266568e-05,0,0.00138307141582,0.000829317964707,0.000207329491177
-1,0.000421356421356,0.000536796536797,0.000548340548341,0.000738816738817,0.00025974025974,0.000444444444444,0.000955266955267,0.000121212121212,0.00046176046176,0.000943722943723,0.000770562770563,0.000784992784993,0.000496392496392,0.000776334776335,0.000334776334776,8.36940836941e-05,0,0.000539682539683,0.000519480519481,0.000542568542569
-1,0.000191849428491,0.000787592390646,0.000116119390929,0.00103497718002,0.000353406841956,0.000353406841956,0.0011409992326,0.000620986308009,0.00087341976655,0.000959247142453,0.000600791631326,0.000610888969668,0.000908760450745,0.000555353608789,0.000520012924593,0,0.000262530796882,0.000701765014742,0.000444282887031,0.000787592390646
-1,0,0.000237196562532,0.000431095339841,0.000523338447492,0.000237196562532,4.32977852242e-05,0.000602403968336,0.000182603702902,0.000372737455408,0.000817010382056,0.000453685488653,0.000534633521898,0.000288024397361,0.000382150017413,0.000329439670184,8.28305456462e-05,6.21229092347e-05,0.000446155439049,0.000391562579418,0.000416035240632
-1,8.04044540145e-05,0.00051576515624,0.000270629625707,0.000403983354317,0.000207874929891,0.000400061185828,0.000776589360726,0.000180419750472,0.000305929142104,0.000521648408972,0.000139236981342,0.000855032730496,0.000352995163966,4.11827691294e-05,0.000292201552394,4.11827691294e-05,0,0.000152964571052,1.56886739541e-05,0.000433399617981
-1,0,0.000383965596683,0.000340083814205,0.000976369660136,0.00088860609518,0.000329113368585,0.000822783421463,0.000372995151063,0.00112995589881,0.00105316277947,0.000109704456195,0.000713078965268,0.000614344954692,0.000537551835356,0.000603374509073,5.48522280975e-05,0.000153586238673,0.000263290694868,0.000778901638985,0.000526581389736
-1,3.08194902456e-05,0.000611253223205,0.000405789954901,0.000662619040281,0.00110950164884,0.000667755621989,0.000924584707369,9.75950524445e-05,0.00147419895008,0.000554750824421,0.000452019190269,0.000698575112234,0.0010838187403,0.000667755621989,0.000431472863439,1.02731634152e-05,0,0.00191594497694,0.000914311543954,0.000169507196351
-1,0.00778855975485,0.00408580183861,0.00255362614913,0.00421348314607,0.00153217568948,0.00434116445352,0.00932073544433,0.00485188968335,0.00255362614913,0.00727783452503,0.00561797752809,0.00625638406537,0.00306435137896,0.0038304392237,0.000638406537283,0.00217058222676,0.0029366700715,0,0.000127681307457,0.00510725229826
-1,0,0.0010164175637,0.00073569271277,0.00107449856734,0.000997057229149,0.00102609773097,0.00149074576009,0.000493688530938,0.00178115077829,0.00113257957097,0.000919615890963,0.00135522341826,0.00142298458917,0.0014133044219,0.00073569271277,0.000183923178193,0.000183923178193,0.00227483930922,0.00135522341826,0.000503368698211
-1,0.000147227083053,0.000479539641944,0.000357551487414,0.000694070534392,0.000908601426841,0.000365964463589,0.000584701844124,6.73038093956e-05,0.00116519720016,0.000441681249159,0.000353344999327,0.000462713689595,0.000862330057881,0.000580495356037,0.000357551487414,3.36519046978e-05,0,0.00192657154395,0.000887568986405,0.000180878987751
-1,0,0.000584073159335,0.000628573971475,0.000806577220034,0.000762076407894,0.000700887791202,0.000789889415482,0.000311505684979,0.00117370892019,0.000917829250384,0.000884453641279,0.000895578844314,0.00112364550653,0.000862203235209,0.000244754466769,9.45642257971e-05,0.000144627639454,0.00190240971898,0.000689762588167,0.000400507309258
-1,0,0.00112397437338,0.00112397437338,0.00158605272689,0.00116144018583,0.000824247873815,0.00103655414434,0.00058696439499,0.0023853233924,0.00128632622732,0.000911668102856,0.00102406554019,0.00184831341401,0.00154858691444,0.00119890599828,0.000162351853933,0.000561987186692,0.00298477639154,0.00181084760156,0.000549498582543
-1,6.62345649808e-05,0.000264938259923,0.000204110598206,0.000424441906204,0.00021627613055,8.51587264039e-05,0.000516359261687,0.000124358775066,0.000437959164363,0.000460938503234,0.000186538162599,0.000492028197001,0.000304138308585,0.000427145357836,0.000291972776242,0,4.1903500294e-05,0.000984056394001,0.000513655810055,0.00032576592164
-1,0.00101830191276,0.00134856199257,0.000192651713224,0.00126599697262,0.00236686390533,0.000467868446402,0.00145864868584,0.00085317187285,0.00288977569836,0.00145864868584,0.000825650199532,0.000412825099766,0.00145864868584,0.00060547681299,0.00156873537911,0,0.000357781753131,0.00272464565846,0.00143112701252,0.0017063437457
-1,0.000309534980711,0.000518063809822,0.000505030758002,0.000641877802106,0.000697268272339,0.000404024606402,0.000788499635075,0.000211787092065,0.00104264414555,0.000690751746429,0.00055716296528,0.000707043061203,0.000827598790533,0.000729850901887,0.000368183713898,0.000127072255239,0,0.00148250964446,0.000866697945991,0.000303018454801
-1,8.87601275306e-05,0.000422498207045,0.000209473900972,0.000440250232552,0.000837895603888,0.000255629167288,0.000401195776438,4.97056714171e-05,0.00110062558138,0.000241427546883,0.000191721875466,0.000330187674414,0.000731383450852,0.000479304688665,0.000259179572389,0,5.32560765183e-05,0.0017503497149,0.000713631425346,0.000124264178543
-1,0,0.001214257736,0.00219349784567,0.00254602428515,0.00109674892284,0.00129259694477,0.00317273795535,0.00144927536232,0.00191931061496,0.00332941637289,0.000430865648257,0.0030160595378,0.00329024676851,0.00231100665883,0.00133176654916,0.000156678417548,0.00207598903251,0.00137093615354,0.00219349784567,0.00356443399922
-1,8.02551042246e-05,0.00109146941745,0.000160510208449,0.000861404785344,0.000679493215769,0.000395925180842,0.00130548302872,0.000438727903095,0.00136433677182,0.00078114968112,0.00068484355605,0.000556435389291,0.00102726533408,0.000888156486753,0.000647391174079,0,0.000181911569576,0.00130548302872,0.000738346958867,0.000518983007319
-1,0,0.00155497402056,0.00201008836804,0.00284446467175,0.00151704782493,0.00102400728183,0.00371676717109,0.00174460499867,0.00212386695491,0.00329957901923,0.000644745325596,0.00333750521485,0.00318580043236,0.00216179315053,0.00155497402056,0.00022755717374,0.00189630978117,0.00132741684682,0.00257898130239,0.00360298858422
-1,0.00120433560819,0.00146527498996,4.0144520273e-05,0.0017061421116,0.000220794861501,0,0.00154556403051,0.00210758731433,0.000521878763549,0.00196708149338,0.0010437575271,0.000301083902047,0.0019269369731,0.00106382978723,0.00196708149338,0.000100361300682,0.000582095543958,0.000582095543958,0.000120433560819,0.00200722601365
-1,0.00151828847481,0.0013630089717,0.000793650793651,0.00132850241546,3.45065562457e-05,0.000629744651484,0.00180296756384,0.00188923395445,0.00101794340925,0.00242408557626,0.00145790200138,0.00160455486542,0.000914423740511,0.000871290545204,0.000552104899931,0.000474465148378,0.000992063492063,0,0.000638371290545,0.00235507246377
-1,0,0.000587763825808,0.000153174815211,0.000641196900882,0.000630510285867,0.000249354350343,0.000758749666043,0.000274289785377,0.00107934811648,0.000651883515896,0.000416777985573,0.000466648855642,0.000954670941313,0.00069819218096,0.000520081930715,7.1244100098e-06,0.000103303945142,0.00116840324161,0.000609137055838,0.000281414195387
-1,0.000274565102437,0.000538961127005,0.000484726045042,0.000701666372893,0.000806746844196,0.000366086803249,0.000850812848291,0.000220330020474,0.000972841782707,0.000711835450761,0.000542350819628,0.000783018995837,0.000847423155668,0.000759291147479,0.000318631106531,0.000125418627039,0,0.00141011213103,0.000864371618782,0.000325410491777
-1,0.000324862302683,0.000550050944316,0.000620191668759,0.000815847373784,0.000749398266417,0.000420844346658,0.000922904268986,0.000276871280696,0.00106318571787,0.000834305459163,0.000653416222442,0.000874913246999,0.000882296481151,0.000786314437176,0.000295329366076,0.00013658983181,0,0.00137328155225,0.00091921265191,0.000376544941746
-1,0.00116086235489,0.00178275290216,0.000124378109453,0.00215588723051,0.0028192371476,0.00016583747927,0.00190713101161,0.00174129353234,0.0028192371476,0.00364842454395,0.00261194029851,0.00228026533997,0.0028192371476,0.00199004975124,0.00136815920398,0.00016583747927,0,0.00327529021559,0.00265339966833,0.00294361525705
-1,0.0052775142315,0.00148244781784,0.00189753320683,0.00278700189753,0.000118595825427,0.00154174573055,0.00337998102467,0.00260910815939,0.000830170777989,0.00462523719165,0.00201612903226,0.00201612903226,0.00148244781784,0.00254981024668,0.00332068311195,0.00112666034156,0.00225332068311,0,0.00154174573055,0.00628557874763
-1,0.000289559269604,0.000547337643764,0.000547337643764,0.000738023016431,0.000670930014937,0.000399026798357,0.000914583546677,0.000240122321135,0.000988738969381,0.000755679069455,0.000625024277073,0.000819240860344,0.000798053596715,0.000685054857357,0.000353121060493,0.000173029319642,0,0.00137364092532,0.000826303281554,0.000402558008962
-1,5.7384917157e-05,0.00105901256208,0.000135637076917,0.000886857810609,0.000579065982221,0.000427778473353,0.00124160093485,0.000401694420099,0.00126246817746,0.00073035349109,0.000678185384583,0.000547765118317,0.00114248153249,0.000912941863862,0.00056863236092,0,6.78185384583e-05,0.00137202120112,0.000667751763282,0.000453862526606
-1,0,0.00131578947368,0.00173130193906,0.00228531855956,0.000796398891967,0.00107340720222,0.0034972299169,0.000969529085873,0.00169667590028,0.00283933518006,0.00031163434903,0.00287396121884,0.00301246537396,0.00148891966759,0.00121191135734,3.46260387812e-05,0.00148891966759,0.00100415512465,0.00190443213296,0.00315096952909
-1,0.000782472613459,0.0105633802817,0.00352112676056,0.00508607198748,0.00254303599374,0.00195618153365,0.00704225352113,0.0060641627543,0.00469483568075,0.0119327073552,0.0060641627543,0.00899843505477,0.00743348982786,0.00430359937402,0.00449921752739,0.00234741784038,0.00293427230047,0,0.00430359937402,0.0103677621283
-1,0.01055645017,0.00411522633745,0.00662014671677,0.00715691536948,0.0048309178744,0.00572553229558,0.013598139202,0.00590445517982,0.00357845768474,0.0100196815173,0.00554660941134,0.0107353730542,0.00608337806405,0.00375738056897,0.00286276614779,0.00805152979066,0.00876722132761,0,0.00393630345321,0.0144927536232
-1,0.000263028687662,0.0019464122887,0.000981973767272,0.00159570737182,0,0.00192887704286,0.00249000490987,0.000385775408571,0.000701409833766,0.00133267868416,0.000596198358701,0.00392789506909,0.00164831310935,0.000192887704286,0.00106964999649,0.000245493441818,0.000122746720909,0.000280563933506,0.000175352458441,0.00105211475065
-1,7.24637681159e-05,0.00036231884058,0.000298913043478,0.00103260869565,0.000733695652174,0.000144927536232,0.000643115942029,0.000380434782609,0.00122282608696,0.000842391304348,0,0.000471014492754,0.000452898550725,0.000244565217391,0.000335144927536,7.24637681159e-05,9.05797101449e-05,0.00018115942029,0.000570652173913,0.00036231884058
-1,0.000188383045526,0.000763997906855,0.000523286237572,0.000962846677132,0.00168498168498,0.000680272108844,0.00123495552067,0.000355834641549,0.00193615907902,0.00115122972266,0.000659340659341,0.00110936682365,0.00212454212454,0.00102564102564,0.000837257980115,0,5.23286237572e-05,0.00198848770277,0.00167451596023,0.000554683411826
-1,2.62516801075e-05,0.000992313508065,0.00010500672043,0.000882056451613,0.000603788642473,0.000393775201613,0.00117607526882,0.000304519489247,0.00126533098118,0.000834803427419,0.000771799395161,0.00055653561828,0.00109732022849,0.000966061827957,0.000619539650538,0,0.000147009408602,0.00129683299731,0.000693044354839,0.000446278561828
-1,0.00333131435494,0.00416414294367,0.00295275590551,0.00393700787402,0.00174136886735,0.00196850393701,0.00469412477286,0.000378558449425,0.00136281041793,0.00545124167171,0.0045427013931,0.00264990914597,0.00461841308298,0.00105996365839,0.00333131435494,0.000681405208964,0.00211992731678,0,0,0.00439127801333
-1,0.000187955049066,0.00102386039886,0.00031160968661,0.00100902184236,0.000217632162077,0.000464941437164,0.00106837606838,0.000247309275087,0.000979344729345,0.000806228236784,0.000870528648306,0.000989237100348,0.000727089268756,0.00076665875277,0.000563865147198,7.41927825261e-05,0,0.001409662868,0.000900205761317,0.00022752453308
-1,0,0.00119918699187,0.000352303523035,0.00107046070461,0.000670731707317,0.000392953929539,0.00136178861789,0.000447154471545,0.00120596205962,0.00126693766938,0.000941734417344,0.000806233062331,0.00130758807588,0.00118563685637,0.000582655826558,8.13008130081e-05,0.000277777777778,0.00111111111111,0.000806233062331,0.000643631436314
-1,0,0.00137088733799,0.000943597778094,0.00158453211793,0.00275957840763,0.000640934339838,0.00206523287281,0.00090799031477,0.00226107392109,0.00204742914115,0.00156672838627,0.0019762142145,0.00192280301951,0.00208303660447,0.00147770972796,1.78037316622e-05,0.000480700754878,0.00331149408916,0.00213644779946,0.000961401509756
-1,0.00300957275642,0.00130800662106,0.000370408954636,0.00113437742357,9.26022386591e-05,0.000347258394972,0.00109965158408,0.00178259309419,0,0.00175944253452,0.000937597666424,0.000347258394972,0.00115752798324,0.000381984234469,0.000231505596648,0.000405134794134,0.000717667349608,4.63011193296e-05,3.47258394972e-05,0.00201409869084
-1,7.22978672129e-05,0.00197614170382,0.00106036871912,0.00236173032896,0.00113266658634,0.000939872273768,0.00262682250874,0.00127726232076,0.00098807085191,0.00320520544644,0.00192794312568,0.00248222677431,0.00137365947705,0.000915772984697,0.00134956018797,0,0.000168695023497,0.000168695023497,0.000626581515845,0.00204843957103
-1,0,0.00153609831029,0.00102048489145,0.00122458186974,0.00145016274049,0.00113864629994,0.00192280837442,0.000741194289581,0.00220209897629,0.0013749691169,0.00120309797729,0.00181538891216,0.00167574361123,0.00158980804142,0.00103122683768,0.000236322816968,0.000375968117904,0.00243842179326,0.00161129193387,0.000666000666001
-1,0.00424499696786,0.00717606630281,0.00313321204771,0.00373964018597,0,0.00151607034566,0.00505356781888,0.00828785122296,0.00252678390944,0.00535678188801,0.00394178289873,0.00192035577117,0.00242571255306,0.00384071154235,0.00626642409541,0.00161714170204,0.00282999797857,0.00101071356378,0.00121285627653,0.00535678188801
