acc_0,acc_1,acc_2,acc_3,acc_4,acc_5,acc_6,acc_7,acc_8,acc_9,acc_10,acc_11,acc_12,acc_13,acc_14,acc_15,acc_16,acc_17
0.00864076,-0.00699128,-0.06025885,-0.15400482,-0.21072977,0.01369911,0.02217597,0.00870881,-0.02548783,0.05833361,0.00267605,0.01926416,0.19974226,-0.04686512,0.13671213,0.0206162,0.05798658,-0.05387734
-0.10069014,-0.0901426,-0.02679107,-0.11251723,-0.04871836,-0.05479585,0.10552081,0.02535802,0.10165024,-0.00871592,-0.03319868,-0.00636511,0.05084635,0.00120509,0.07576405,0.02002525,0.04124549,0.01031397
-0.0095625,-0.02739754,-0.01836618,-0.06384922,-0.01835704,-0.01864398,-0.01032749,0.02003034,0.03336758,0.02454687,-0.09933357,0.0865257,0.05035817,-0.02072324,0.03427089,0.01284587,0.11973509,-0.12084027
-0.00267087,-0.02033631,0.04456186,-0.12481817,-0.1401645,-0.03049208,0.00129689,-0.07406459,0.01327204,0.05159206,-0.03030744,0.0022206,0.16905782,0.01442833,0.09596453,0.00164614,0.02304741,0.01686914
-0.03091901,-0.00894899,0.01254952,-0.01854404,-0.01447188,-0.01109687,0.05664898,0.01288445,-0.01416298,-0.03389258,0.0861834,-0.02729805,0.01692108,-0.02477071,-0.03721508,-0.00604417,0.00573925,-0.03981534
-0.02060666,0.00431329,0.09204604,-0.04433586,-0.03219362,0.01802395,0.00187386,0.00552106,0.04407558,-0.02688083,-0.05884217,0.01847838,-0.02210819,-0.04242834,0.07355289,0.06852409,-0.08594504,0.09003365
-0.07862835,-0.10480231,0.000306,-0.07655727,-0.06537391,0.01424778,0.08409276,0.00041512,0.09852303,-0.0275458,0.00276916,-0.00395073,0.08687107,-0.02634159,0.06911433,0.01750067,0.00663296,-0.00808107
-0.00759576,0.00323428,-0.12695499,-0.10013608,-0.12183734,0.02954215,-0.04080764,-0.07550562,0.03395199,0.10064544,0.05853216,0.05639489,0.03765262,0.09138112,0.16603326,-0.08962377,0.00737469,-0.08162328
-0.04596273,-0.10284052,-0.00122404,-0.07697355,-0.13189024,0.07633658,0.01345416,0.03068552,0.11499468,-0.01281998,0.01940831,0.05278765,0.08796785,-0.00073753,0.13608079,-0.04769079,-0.04800392,0.00610825
-0.08959266,-0.08150028,-0.04609745,-0.02339451,-0.13370087,-0.03022327,0.04727455,-0.05620555,0.1087093,0.04953999,-0.01417557,0.07167793,0.07200669,0.10012901,0.05156003,-0.06171284,0.05071931,-0.03956164
-0.05858292,-0.14419136,-0.0659851,-0.10582939,-0.0839272,0.08209148,-0.00027901,-0.06061095,0.1304247,0.11313863,0.00286132,0.12176873,0.111316,0.03030432,0.10030074,-0.05209986,0.02313939,-0.05820357
0.0298314,-0.04525502,-0.07067788,-0.24890039,-0.21712936,0.10386896,-0.0254072,0.05008478,0.04437131,-0.00172568,0.09517403,-0.00299547,0.28267555,0.07488921,0.22271376,-0.06508944,-0.09951484,0.05441898
0.00282625,-0.12019903,-0.07818102,-0.07097119,-0.07885013,0.06863792,0.06473771,0.02797688,0.03134947,0.03983675,0.10370622,-0.04190531,0.05544599,0.05831053,0.07433424,-0.07845867,-0.03931456,0.00838594
0.04343381,-0.04839445,0.00687039,-0.12808907,-0.05423026,0.11006716,0.04264869,0.02224358,-0.03501555,0.00633966,0.03023016,0.00516789,0.10691875,-0.04483419,0.06312559,0.02700904,-0.04027574,-0.00543461
0.06305182,-0.09382204,-0.05997382,-0.0533085,-0.09108272,0.11811733,-0.03767472,-0.1328484,0.03498456,0.17628597,0.04147508,0.07508758,0.07896352,-0.00897659,0.08246156,-0.05635529,-0.04308715,0.05708667
0.01639021,-0.02923609,-0.1112249,-0.13909947,-0.07031218,0.04492773,-0.01940223,-0.03925596,0.02294057,0.03115819,-0.04270077,0.12613316,0.12809606,-0.07874286,0.09330899,0.10280221,0.15508671,-0.16783517
-0.05821517,-0.15321381,-0.05871946,-0.0767489,-0.06991226,0.07202077,0.06659273,-0.01260911,0.1435533,-0.02874553,-0.02789118,0.10395058,0.10484465,-0.03063472,0.03042569,0.03989361,0.10607869,-0.15069528
-0.06274794,-0.04589335,-0.04883389,-0.08914689,-0.17189028,0.01817782,0.022232,0.08722241,0.07249968,-0.00015276,0.07437026,-0.05456041,0.10049461,-0.00542265,0.11410615,0.00494182,-0.0736407,0.05523
-0.05400592,-0.16149788,0.00180685,-0.1581515,-0.10728498,-0.00652901,0.09934959,-0.01377009,0.11600977,0.00328285,0.01999704,0.05749448,0.13564531,0.02980293,0.09672065,0.06766694,0.08918096,-0.07465346
0.01695938,-0.05157772,-0.05655507,-0.09906255,-0.09194454,-0.02107178,0.00025972,0.04167332,0.02671945,-0.11153916,-0.0243036,0.04798934,0.08559655,-0.00328489,0.08694191,0.09341775,0.06681909,-0.11276032
-0.07840024,-0.00520697,0.01972602,-0.0150661,-0.01852078,0.00263165,0.04966382,0.02629957,-0.0049529,0.06472316,-0.02863475,0.02609276,-0.00541082,0.01969283,0.03190005,0.00452676,-0.01780106,0.04601855
0.01531536,0.02600206,-0.02748365,-0.09804796,-0.06562506,-0.06307193,-0.05519198,0.06724993,8.82e-06,-0.04948217,-0.0196071,0.06503967,0.08380977,0.03784713,0.08515175,-0.01155009,0.03350784,-0.04475832
0.04255269,-0.10955528,-0.01166018,-0.18625961,-0.18600298,-0.01640012,0.00804086,0.11684762,-0.00360036,-0.0681796,-0.168636,0.03287176,0.1357654,0.05598509,0.20150576,-0.06268296,-0.01506352,0.04474136
-0.00575677,-0.02219494,0.05009053,-0.08161061,-0.07853776,-0.07139885,-0.00060451,-0.071355,0.04893954,0.05380543,-0.06741773,0.06110017,0.09405033,-0.02387541,0.07981108,0.08180001,0.00076041,0.03807631
0.23522397,0.23226098,0.02605889,-0.06680144,0.01773808,-0.08319473,-0.30447971,-0.09723059,-0.2161743,0.01910482,0.03768808,0.02195313,0.06547942,0.08454018,0.01149888,0.0014765,0.10503055,-0.08668771
-0.15049986,-0.08777312,0.01620027,0.05092752,0.00180761,-0.09724393,0.12996119,-0.02039002,0.07965054,0.06859713,0.20321915,-0.25641328,-0.06201674,-0.02347409,0.00652198,0.08818002,0.08542301,0.00086835
0.06587338,0.01391724,0.02316338,-0.11142696,-0.08477752,-0.04810604,-0.03274781,0.00607884,-0.02012157,-0.03422483,-0.08839891,0.08426539,0.0803042,0.12209215,0.11177377,-0.08749734,0.03988162,-0.03307176
-0.00817713,0.00706167,0.04341409,-0.11546017,-0.11276873,0.02279763,-0.01710006,0.04423003,-0.0093742,0.01043805,-0.02063133,0.00697744,0.10435794,0.02328695,0.11933995,-0.02375823,0.04944381,-0.03770229
-0.03275306,-0.01394321,0.0416409,-0.11767425,-0.09549362,0.0367922,-0.02329359,0.03571179,0.07201181,-0.03712615,-0.14418145,0.10503559,0.10155988,0.02522369,0.10751137,-0.00587934,-0.01529897,0.0032073
-0.01714842,-0.04016285,0.00152588,-0.01984249,-0.0031961,-0.02260926,-0.00576874,0.02752213,0.02170483,-0.01113675,-0.06567287,0.03893418,0.10021175,-0.04139412,-0.11721531,0.05749006,0.05161005,-0.078063
-0.03341695,-0.09329,-0.01448977,-0.27523077,-0.2736683,-0.02293765,0.08796441,0.07560805,0.06381596,-0.05778487,-0.02048857,0.02857067,0.29229987,-0.0605382,0.26103124,0.03464236,0.23150589,-0.15373725
-0.08888166,0.0139284,0.01834824,-0.28096596,-0.14517571,-0.0366121,-0.0426522,0.1700246,0.08580505,-0.10354926,-0.05682763,0.06363062,0.16743311,-0.00224222,0.24805051,-0.0394088,0.17908748,-0.07997088
-0.09446552,-0.09844491,-0.00142197,-0.11253617,-0.10329099,0.00696747,0.07704122,0.01491103,0.13717044,-0.0336046,-0.0285542,0.01538051,0.0827829,0.09161461,0.14376947,-0.09709161,-0.02663359,0.06591118
-0.00048304,-0.00920231,0.0115356,-0.17671463,-0.0697408,-0.04229232,0.01594721,0.03829978,-0.0034167,-0.03926459,-0.02345087,0.03138047,0.13312505,0.01197486,0.11700234,-0.02437196,0.03102746,-0.03198608
-0.06283032,-0.19659439,-0.01490781,-0.19317636,-0.14978621,-0.10011965,0.202663,0.07904753,0.09019081,-0.06465267,-0.11755946,0.08734019,0.23325448,0.07346431,0.10973802,-0.05960978,0.10125102,-0.14706265
-0.04040013,-0.00123019,0.01198812,-0.05602432,-0.0335291,0.05871136,0.05465234,-0.02307805,-0.0147463,0.02184076,-0.00819659,-0.00139199,0.08449532,0.02971028,0.02751691,-0.04080564,-0.00742969,0.00919272
0.03405609,0.02068314,-0.00027731,-0.13824356,-0.12573177,-0.01766738,-0.01513742,-0.04790457,-0.0420015,0.05573949,-0.03104385,0.02523601,0.10598644,-0.02985266,0.12684769,0.05767309,0.03484692,0.02647461
-0.04381016,0.04239997,-0.02042885,-0.14967204,-0.13992458,-0.00995229,0.00299757,0.01630105,-0.01426818,0.00888149,-0.10091519,0.09333566,0.09150344,0.05000552,0.18517539,-0.04406089,-0.06361486,0.12400299
-0.36687171,-0.30259762,-0.11512388,0.0742124,-0.02876345,-0.04953468,0.35371795,0.1196683,0.26965251,-0.16825247,-0.01115009,0.05034533,0.00490745,-0.10908227,0.03691871,-0.0482986,0.10980599,-0.14707066
0.08051567,0.05112927,0.03428758,-0.16360395,-0.1127324,-0.0089238,-0.04475904,-0.12773308,-0.11754392,0.15833393,0.0379353,-0.0344708,0.13677896,-0.04272089,0.10496561,0.06259045,0.0579261,-0.01178304
-0.03650818,-0.020296,0.03222337,-0.02991039,0.02774837,0.05926574,0.03324854,0.02970246,0.06198684,0.00174776,-0.05336544,0.0822538,0.01250769,-0.02204181,0.02205688,0.00988936,0.01769788,-0.00683717
-0.07062501,-0.10070578,0.08221885,-0.11591834,-0.13868345,0.01197201,0.10260681,0.02975459,0.06000225,-0.00099026,-0.07033614,0.0422486,0.18214087,0.11956607,0.12052873,-0.10194561,-0.00847461,-0.03554134
-0.03652394,-0.02304945,-0.01195127,-0.03173071,-0.03595986,0.02496368,-0.00114426,0.03191819,0.04312079,-0.02823115,0.00615703,0.02367868,0.03140638,-0.08047315,0.06059126,0.02017442,0.01456288,-0.0044539
-0.03127243,-0.03919538,0.03695915,-0.06138215,-0.01332323,-0.05243784,0.07106135,0.00737011,0.00282858,0.03744834,-0.06474854,-0.00980615,0.03635816,0.07877171,0.01126358,-0.00432764,-0.01089302,0.0371163
0.01342504,-0.03167828,-0.03939647,-0.09233013,-0.0400711,0.00026346,0.00665118,-0.02116369,0.01837629,0.04645321,-0.03616012,0.04896575,0.02825581,0.01368432,0.08756034,0.01286788,-0.02340107,-0.01365021
0.05405502,-0.03647011,0.00501047,-0.0539494,-0.01254688,-0.00267497,0.0384825,-0.04574489,-0.06809367,0.09902686,0.03690337,-0.05143317,0.04587102,-0.03687517,0.04553315,0.02192622,-0.01889203,-0.01135824
-0.04987714,-0.02806991,-0.01967688,-0.09607581,-0.0823645,0.01638535,0.01240848,0.04937841,0.07246979,-0.03514805,-0.00997261,0.03723195,0.12901241,-0.00636136,0.06364624,0.01697606,0.00073466,-0.03086897
-0.01819581,-0.00521805,-0.05297713,-0.10150307,-0.04229584,-0.01307392,-0.0064727,0.0296008,0.03280516,-0.00491381,-0.00056988,0.01809126,0.0590285,0.01868112,0.09310987,-0.04609317,-0.06866826,0.07558159
0.13597318,0.00342821,-0.01281907,0.25265448,-0.00961558,0.1006152,0.00483383,-0.1598596,-0.09226667,0.10866453,0.11714137,-0.17055212,-0.07652057,-0.17282982,-0.11325723,0.09814954,-0.12674757,0.05694562
-0.04539504,-0.0624096,-0.02346103,0.00344307,-0.05274324,-0.04333812,0.09045492,0.00162396,0.02939689,-0.02608207,0.00574158,0.0078829,0.04632607,-0.01838451,-0.00291227,0.01896688,0.02447557,-0.00515217
-0.18946477,-0.17480258,0.05864376,0.07150548,0.07597451,0.00252988,0.18157739,0.17610542,0.13527689,-0.13772188,-0.00166125,-0.07721428,-0.06159343,0.07043551,-0.06390839,-0.05849862,-0.03530954,0.01596126
-0.17893379,-0.09850951,0.06184477,-0.01355364,-0.00330446,0.08116183,0.18275011,0.16668362,0.04679059,-0.16102357,0.02329315,-0.06198172,-0.01631237,0.03111489,0.01781043,-0.03163763,-0.12057605,0.08518316
0.04352848,-0.00247331,-0.00499524,0.08400268,-0.01883186,-0.02459734,0.00851171,-0.0212435,-0.03274397,0.04668765,0.01565591,0.00051605,-0.09418196,0.02565072,0.00979862,-0.06679245,-0.06679925,0.12433757
-0.14108475,-0.08949152,-0.10416527,-0.06599205,-0.04452116,-0.07885547,0.20086445,0.1118184,0.02369993,-0.06508756,0.09022579,-0.07387367,0.02195021,0.08411786,0.0682529,-0.11750588,0.02620605,-0.00484573
-0.18855236,-0.17706586,-0.04464842,0.11916898,0.07756179,-0.00256485,0.19266889,0.18657247,0.15288897,-0.14327443,0.1332838,-0.05677525,-0.06030968,0.00448697,-0.0755323,-0.02760435,0.05743652,-0.04688302
-0.21380539,-0.18267305,0.05971584,0.01343182,0.05798229,-0.01301943,0.18788118,0.1482285,0.18228334,-0.1915948,0.08180753,-0.02110113,-0.05869681,0.01783754,-0.04604487,-0.0622013,-0.00494565,0.0131377
-0.10175613,-0.05509995,-0.07573599,-0.10110136,-0.02173688,-0.04218466,0.08994248,0.13633798,0.02400149,-0.12609275,0.02060212,0.06039319,0.04962687,0.10704279,0.0607733,-0.11184614,0.00984438,0.01802843
-0.05131856,0.06683203,0.00459722,-0.12690378,-0.21095342,0.09675756,-0.00542201,-0.03255737,-0.04440308,0.05713951,0.09135505,-0.07850498,0.17840866,0.02069967,0.16854234,-0.03252062,-0.08892028,0.04172835
-0.03665222,-0.04769577,-0.00678621,-0.17228304,-0.1494601,-0.02144388,0.04939629,-0.09417159,0.00053354,0.06273057,0.06372835,-0.04780614,0.14881785,0.05113996,0.18199045,-0.07024144,-0.05153012,0.06155707
-0.05276448,-0.07514606,0.01757631,-0.18825766,-0.11834316,-0.02735277,0.08545383,-0.11110208,0.02097857,0.10592672,0.13989506,-0.09631828,0.10511354,0.10839666,0.20614413,-0.0903937,0.01088304,0.02567176
-0.01014392,-0.03481466,-0.02316552,-0.17942704,-0.18943389,-0.01645394,0.05398382,0.02438315,0.00103002,-0.00718097,0.10939036,-0.08304134,0.20539561,0.10758737,0.16326718,-0.11656142,-0.07417047,0.0459945
-0.03496551,-0.04708035,0.01995145,-0.15860331,-0.12838794,-0.02283845,0.06661015,-0.04061711,-0.02695611,0.04695042,0.05671238,-0.05543299,0.13279518,0.10889869,0.16421627,-0.12014731,0.01015059,-0.0244832
0.00015586,0.00010916,-0.04239445,-0.11586304,-0.16335692,-0.01316371,0.04188172,-0.02193887,-0.0323423,0.0347016,0.07073083,-0.07517104,0.14954229,0.09423954,0.14673677,-0.12344846,-0.06445121,0.0629549
-0.00949526,-0.10343298,-0.01439651,-0.11350735,-0.12660835,-0.0409562,0.08067868,0.06768449,0.01869795,-0.05311663,0.06311805,-0.05099852,0.07164059,0.08844283,0.17305878,-0.10204323,-0.0056464,0.01791726
0.02043976,-0.01650223,-0.0287002,-0.18530305,-0.1948287,-0.03158759,0.00701282,-0.01586037,-0.01863055,0.01138931,0.07435567,-0.04834671,0.18339794,0.11932557,0.20578528,-0.10532134,0.00357676,-0.01884228
-0.03502388,0.00019599,-0.01296744,-0.08039151,-0.08499863,0.00148764,0.02777692,-0.00645944,-0.03822628,0.02283515,0.08307395,-0.08119737,0.04440034,0.01895334,0.13219306,-0.04144661,4.736e-05,0.02240141
-0.03335992,-0.00637629,0.04553485,-0.32005492,-0.2939547,0.07415445,0.02929541,0.01543493,-0.02381719,0.01509767,0.07511921,-0.04302563,0.31196935,0.0817558,0.31556692,-0.05749027,-0.06753219,0.04777624
0.01923637,0.00402309,-0.03409661,-0.13245753,-0.14443424,-0.01388346,0.03431806,0.00933864,-0.02307372,-0.02774323,0.05042274,-0.04671577,0.13647629,0.04538782,0.17601098,-0.03050086,-0.08109152,0.04465612
-0.00298143,-0.03053972,-0.03290485,0.01222755,0.10888236,-0.03430159,-0.01337761,0.05974761,0.03574042,-0.04098453,-0.13813717,0.11144247,-0.07546384,0.06908422,-0.06289571,-0.03034479,0.1043772,-0.04576466
0.03342787,-0.05228601,0.0059215,-0.05309045,0.0136135,-0.10083076,0.01932194,-0.01842998,0.01432847,0.02404406,0.00682415,-0.02811884,-0.00581856,0.03243731,0.02945356,-0.00226226,0.11864521,-0.01285691
-0.09512488,0.12658741,0.02080898,0.11925667,0.13331633,0.03346804,-0.07959462,0.06192758,0.02260652,-0.10412711,0.05546329,-0.05168079,-0.03317903,-0.0462386,-0.20594462,0.12034742,-0.09782769,0.10755192
-0.03086549,-0.00575888,-0.0230825,-0.03715414,-0.08726883,0.02036754,0.00218872,-0.03427772,0.02078426,0.04315233,-0.00644,0.0353231,0.04952387,-0.01163151,0.06802653,0.02112439,0.01449033,-0.02343741
-0.05086753,-0.0174276,-0.03765757,-0.10812369,-0.03281249,0.03067205,0.03193003,0.01621811,0.01143821,0.02975146,0.04287372,0.01360686,0.07113616,0.017361,0.0479083,-0.0149332,-0.01128882,0.0168103
0.01642253,0.02746976,0.0163067,-0.03712703,-0.03935393,-0.01222057,-0.04543501,-0.0664773,-0.02804549,0.05269598,0.03914311,-0.00728476,0.05184731,0.01218367,0.06296775,0.00435447,-0.00989023,-0.00034108
-0.03045291,-0.02810709,0.07413073,-0.04659512,-0.09927608,0.06325499,-0.01329081,-0.10255089,0.03195802,0.16023123,-0.02354141,0.05398299,0.08795948,-0.11400657,0.08257046,0.08315785,0.00664191,-0.01577291
0.00044816,-0.03660505,0.08919948,-0.02308595,-0.00550078,0.03943672,0.05635985,-0.11118934,-0.01540453,0.10305733,0.04482255,-0.03787049,0.04739626,-0.08198899,0.01386473,0.04750142,-0.07205203,0.02652892
-0.0317718,-0.10320663,0.09845639,-0.07311254,-0.08311588,0.02621727,0.08847621,-0.08756473,0.04343448,0.0730634,0.02135384,-0.04397086,0.03651846,0.05234053,0.12990606,-0.02205517,-0.09214389,0.0330295
-0.05644348,-0.02408796,0.1574146,-0.00848216,-0.01100113,0.06791809,0.05230267,-0.04441966,-0.00123513,-0.00682904,-0.01777404,-0.01632907,-0.00567214,0.03003041,0.05248153,-0.06657549,-0.10522643,0.07008181
-0.05141045,-0.09305364,-0.05136321,-0.06315782,0.0040145,-0.02690008,0.07413819,0.03678715,0.03801448,-0.03156195,-0.00409491,0.03563042,0.02656551,0.03914729,0.01681407,-0.05226677,0.03032824,0.01737451
-0.10230884,-0.05898775,-0.03548772,-0.09391496,0.00880786,-0.03896598,0.11056466,-0.01117796,0.08291269,-0.00503029,0.01962712,0.02504588,0.03035499,0.00285402,0.0384148,-0.05893032,0.02974995,0.05785611
0.02028832,0.05524985,0.06247024,-0.07840233,-0.11648708,-0.02191548,-0.05276977,-0.03008731,-0.06699838,0.05215128,0.00783958,0.01029667,0.0811152,0.0238123,0.12118459,-0.0471374,0.05897007,-0.01572793
0.01441594,0.01811562,0.07035129,-0.04824534,-0.04010422,-0.01489272,0.00272776,-0.02703914,-0.05274721,0.05249847,-0.00557748,0.01302033,0.02624238,0.0204513,0.04665716,-0.01023308,-0.00325442,0.03455826
0.046101,-0.02868122,-0.00396641,-0.0860775,-0.05901775,-0.08643409,0.00087853,-0.02545843,-0.010813,0.02234417,-0.03571104,0.04490609,0.07142918,-0.00254652,0.08686285,0.03910741,0.02286456,-0.01901738
-0.0163296,-0.0191021,0.00239585,-0.11531095,-0.07069955,-0.03194894,0.05575209,-0.03218604,-0.03068378,0.12925757,-0.03038439,0.02280794,0.10632959,0.01214654,0.08841363,-0.01075184,0.09046517,-0.09652098
-0.02426119,-0.00446787,-0.00471318,-0.16002124,-0.14047185,-0.02963621,0.02703511,-0.04306017,0.01518427,0.0456525,-0.00912747,-0.00153473,0.14281951,0.02390618,0.13794141,-0.01080248,0.0623492,-0.05270652
0.07895848,0.0811899,-0.03040662,0.00967533,-0.12869083,0.0291987,-0.09695774,-0.11867874,-0.07539693,0.07463211,-0.03811249,0.0534383,0.05645302,-0.05729908,0.06687924,0.08229564,-0.10318801,0.1281849
-0.000803,-0.15845447,0.00192257,-0.01976257,-0.07571914,0.00047568,0.0731211,-0.05154024,0.0937915,0.03367451,-0.07445127,0.05479116,0.02083431,0.03083807,0.05469048,0.00532404,-0.04665205,0.03373674
0.00992634,-0.10857581,-0.04949694,-0.10961499,-0.125356,-0.05246541,0.09965661,0.03013862,-0.00410333,0.01393532,0.05549946,-0.04892638,0.09945051,-0.01046481,0.11722741,0.04924208,-0.02538545,0.02486788
0.03067402,-0.10880844,-0.08394047,0.03769873,-0.01453292,-0.11999621,0.0543352,-0.03123683,0.04214021,0.01083776,-0.07287694,0.11549938,-0.00858564,0.03478828,0.00991141,0.00967542,0.0252499,-0.03355263
-0.51223376,-0.3023456,0.01576163,0.12591311,0.10177236,0.0553757,0.45173519,0.09121053,0.39412444,-0.12704091,0.31393131,-0.26071042,-0.08965267,-0.11710894,-0.04047843,0.00344416,-0.11730521,0.04338626
-0.38073119,-0.3531281,0.00615432,0.07303203,-0.00877129,0.05725492,0.37105766,0.16701298,0.39232067,-0.20951953,0.05682861,-0.11748494,0.03427782,-0.1727665,-0.10515805,0.16476378,-0.03877846,-0.05422407
-0.55621593,-0.35939933,-0.09613158,0.2187134,0.13922115,0.00252865,0.37148619,0.31744779,0.51331363,-0.28435919,0.26879456,-0.18635045,-0.1601973,-0.18812911,-0.19914304,0.11550285,-0.10623556,0.08886953
-0.29764235,-0.35116853,-0.02038148,0.20836717,0.05609598,-0.02880883,0.39055185,-0.07415154,0.3214777,0.09221697,0.26374847,-0.29693775,-0.17166197,-0.22449622,-0.08284497,0.18404752,-0.06452822,0.05307125
-0.38910186,-0.44708191,0.00667423,0.22561153,0.06544366,0.01780867,0.41653406,0.06207709,0.46711014,-0.06034735,0.15333656,-0.17813848,-0.10338204,-0.23877559,-0.14430145,0.19043013,-0.06823466,-0.02308709
-0.0269293,-0.08316114,0.01817749,0.17869051,0.12200932,-0.08756039,0.02528446,-0.08064039,0.12883085,0.04283542,0.02993061,-0.07321809,-0.16574047,-0.08729651,-0.0783284,0.09041565,-0.03504399,0.06177472
-0.59532616,-0.45374002,-0.08650911,0.51545788,0.34539043,0.03148737,0.52338912,0.08754662,0.51135455,-0.12922385,0.32018163,-0.24204665,-0.42886825,-0.25217755,-0.34935315,0.18795968,-0.15916483,0.08727664
-0.44662629,-0.32702614,-0.00333229,0.3844937,0.1207988,-0.00014616,0.3353949,0.0517793,0.40550775,-0.07519146,0.16425273,-0.13916241,-0.20859909,-0.18498688,-0.21496319,0.08994872,-0.17777207,0.14505656
-0.04564923,-0.04383401,-0.04439912,0.02029707,0.00081954,0.00028008,0.03787445,0.04944855,0.05319738,-0.04676216,0.04757013,-0.03757412,0.01820939,-0.00816638,-0.02573182,0.000985,0.00458953,0.00526711
-0.1065253,-0.04338905,-0.02263556,0.05864403,0.04555403,0.00410105,0.06377478,0.04929499,0.09497482,-0.01664717,0.01678889,0.00811777,-0.03028352,-0.03352078,-0.05454512,0.04477576,-0.09275365,0.10505127
0.01924121,-0.06159776,0.01150428,0.07221265,-0.0441556,-0.00812597,0.04946322,0.00453601,0.06904067,-0.0265517,-0.0038481,-0.00666931,0.02757127,0.00314525,0.02457268,-0.01246139,-0.0445729,0.04844651
-0.00787184,0.00123503,-0.00090811,0.05404638,-0.00330454,0.0449261,0.00124691,0.02344425,0.00856866,-0.00864434,0.00588595,0.02794441,-0.00972143,-0.00464288,-0.01021117,-0.01324868,-0.05350268,0.06582231
0.03904069,-0.04963443,-0.0069907,0.09777441,-0.05046632,-0.02207877,0.02699313,0.02841329,0.04973788,-0.009977,0.0220862,-0.02143912,0.03307984,0.01777595,-0.00179344,-0.00756297,-0.00291045,0.02465278
-0.02411817,-0.03315351,-0.02305902,-0.0365727,-0.08606191,-0.02371998,0.00937703,0.04266594,0.05738742,-0.04500319,0.02853869,0.01427088,0.1000273,0.04974293,0.05516909,-0.0310115,0.03076066,-0.00920149
-0.04477694,-0.04869086,-0.01866814,-0.05377426,-0.08631454,0.01173806,0.04016037,0.02937172,0.03574616,0.00273694,-0.02652514,0.04459395,0.04516663,0.04428829,0.09850064,-0.03834095,-0.03419371,0.04077837
-0.05530617,-0.0359906,-0.05497655,0.02458417,-0.00226852,0.02536858,0.04893837,0.05114897,0.03182134,-0.03557369,0.03403312,-0.00385938,-0.00442604,0.00725804,0.00251866,-0.00749841,-0.05951553,0.04679598
0.01902668,-0.03662465,-0.01219175,0.07539655,-0.03422565,0.01514548,0.03985202,0.0020472,0.02005685,-0.00126176,-0.02493148,-0.01031506,0.01483834,-0.04070265,-0.02282634,0.02533438,-0.05886518,0.04485554
0.06113514,-0.01222101,-0.01599868,0.09008886,0.00211752,-0.01308477,-0.00726099,-0.00791914,-0.00970664,-0.0002219,-0.00057045,-0.00813725,-0.02819192,-0.03323172,-0.03263288,0.00470408,-0.02992883,0.04255758
-0.04660437,-0.00136213,-0.01670679,0.04939451,-0.01030927,0.01453365,-0.02303091,0.02545191,0.07056289,-0.00218088,-0.00387153,0.06382226,0.01685469,-0.04841746,-0.05312236,0.06572722,-0.04885004,0.04817413
-0.07030381,-0.06988227,-0.01716789,-0.03592478,-0.04665948,0.00342633,0.05843848,0.05575946,0.08116008,-0.04826976,0.00725677,0.01018191,0.03027581,0.0266744,0.05478792,-0.01090828,-0.07663464,0.07280316
-0.04775144,-0.04855781,-0.00882899,0.14728035,0.00201917,0.00980876,0.03433822,-0.05117759,0.04855929,0.04910957,0.08475284,-0.06188498,-0.01277854,-0.1457185,-0.09222208,0.06352955,0.04252308,-0.06508346
-0.16780423,-0.09905285,-0.06357374,0.12836955,0.06511327,-0.05180232,0.12300654,-0.01091973,0.11409657,0.01975085,0.22000959,-0.17103014,-0.05905166,-0.05385548,-0.11960971,0.05036009,0.02877127,-0.05052557
-0.1699272,-0.14018065,-0.11993809,0.10700402,0.06261294,0.01390542,0.12432269,-0.03341623,0.15741076,-0.02423635,0.20260306,-0.14748597,-0.10440462,-0.12758724,-0.11411442,0.12198962,0.06628175,-0.08179695
-0.02131464,-0.07781742,-0.00754746,0.14332833,-0.04989885,-0.04265404,0.03816323,-0.05858864,0.03624112,0.0624171,0.07907047,-0.1170614,-0.04559115,-0.04221454,-0.02925541,-0.01239771,0.02397559,-0.04435044
0.1858819,0.03875939,-0.05719397,0.01400583,-0.0313589,-0.02649191,-0.0538726,-0.1023933,-0.15776189,0.14666727,0.04761899,-0.0183783,0.02695054,0.06951637,-0.01288665,-0.06893995,0.02275628,0.0436707
0.03615183,0.00911934,-0.07626177,0.08610038,0.00483351,0.00214088,-0.03149656,-0.08807146,-0.04078692,0.10306903,0.15187359,-0.13650583,-0.11884684,-0.02693584,0.06118961,-0.08697003,-0.00434042,-0.02422849
-0.16965342,-0.15656263,-0.06748314,0.13627194,0.09616383,-7.43e-06,0.16614507,-0.04792878,0.1277593,0.09821498,0.17884057,-0.15079089,-0.11883706,-0.10342904,-0.11984207,0.0713235,0.06774629,-0.07336661
-0.16291611,-0.18405298,-0.04259565,0.18976357,0.11490861,0.04092958,0.14833403,-0.00935245,0.16510205,0.02040842,0.16700215,-0.15066307,-0.13868428,-0.08862696,-0.17020046,0.05013129,-0.09969206,0.065641
-0.14747982,-0.09228621,0.00596886,0.01470379,-0.02959303,-0.04587394,0.07517745,-0.07859331,0.12483914,0.07217528,0.06797681,-0.0210213,0.09295116,0.03961557,-0.01212234,-0.06659669,0.10726757,-0.14057444
0.00855301,-0.1400655,-0.03464511,0.2227008,-0.00740595,0.05689713,0.12005837,-0.11313629,0.01115764,0.12200137,0.12081615,-0.08165534,-0.05326252,-0.16660181,-0.09908328,0.08901114,-0.06607499,0.05190462
-0.18428883,-0.28395779,-0.02694841,0.17772235,0.08506837,0.00824389,0.2117586,0.03869652,0.24098234,-0.05605597,-0.1069462,0.08608766,-0.16601896,-0.05256246,-0.12521672,0.0422758,0.12275728,-0.08900375
-0.02310215,-0.09910941,-0.00734614,-0.06226403,-0.00218008,-0.07491652,0.13324156,-0.04641784,0.02967035,0.02150641,0.02620691,0.01352323,0.02689781,-0.03973717,0.05154666,-0.01543708,-0.07608711,0.09553092
0.02950033,-0.00080313,0.02593803,-0.10885292,-0.05904902,0.03938315,-0.02172636,-0.09381217,0.0015351,0.08873673,0.0170208,-0.03494748,0.09157163,-0.05187583,0.07205359,0.01161574,0.06593658,-0.06036984
-0.0501195,-0.01751351,0.02648325,-0.01458861,0.01648955,0.08632808,0.07511296,-0.07921494,0.02031755,0.04684072,0.01220092,-0.04488973,-0.00609167,-0.03507796,0.03864564,0.00545591,0.02613365,-0.05736138
0.03948267,0.08411931,0.01024417,0.03934059,-0.02561752,-0.00015907,-0.0654734,-0.07149946,-0.03768186,0.04636087,-0.06058223,0.05634625,0.00151243,-0.13332712,0.01352369,0.09606068,0.07093612,-0.0501174
0.06186689,-0.05901083,-0.04190366,-0.14271422,-0.08101257,-0.09456999,-0.0112583,0.02003869,-0.01128456,0.02823035,-0.06873751,0.04770972,0.15650756,0.0446676,0.09479554,-0.04496589,0.07588465,-0.12141445
-0.02616842,-0.08374534,-0.04392588,-0.00551398,-0.04022962,-0.08333964,0.04279149,-0.02784739,0.05040402,0.05441784,-0.02097525,0.01708625,0.03766544,0.03460117,0.0275443,-0.03944312,0.02580843,-0.049744
-0.04864113,0.0034929,-0.06577004,-0.14441535,-0.15881724,0.04715362,0.02525579,0.07017052,0.01960526,-0.02340825,0.06726276,-0.03453235,0.12154955,-0.06108408,0.16917146,0.04144828,0.08247284,-0.0540197
-0.06776047,-0.10255688,-0.02602737,-0.18433308,-0.1763842,0.00328267,0.13652955,0.01228958,0.082701,-0.01360649,0.05256299,-0.08456078,0.12156895,0.01027499,0.2004028,-0.00295583,-0.01549191,0.05250884
-0.10368412,-0.10991351,0.01751653,-0.10889563,-0.09463388,0.03775117,0.13852294,0.02289451,0.04806256,-0.00396061,0.09173608,-0.12272008,0.00038786,0.02586271,0.16260801,-0.01510766,-0.01090366,0.04457591
0.03556063,0.01084003,0.04856124,-0.12023192,-0.1854128,0.04959973,-0.0431134,0.03518743,0.03589892,-0.01136895,0.00060959,-0.01567049,0.14185616,0.02983896,0.1831577,-0.01166725,-0.07759124,0.02867797
0.04220408,-0.03659454,0.02017583,-0.28957651,-0.15697224,0.08253152,0.02304891,0.03977983,-0.00485871,-0.04507531,0.07411314,-0.06608961,0.16567014,0.05447362,0.22326067,-0.03729479,-0.03514711,0.01846819
-0.00316898,0.02974589,-0.00672895,-0.2196987,-0.15413779,0.0463011,-0.00836507,0.1103986,-0.03012256,-0.10061904,0.03940668,-0.05278292,0.13621986,0.05795798,0.19868745,-0.03950421,-0.06899212,0.08688278
-0.09748183,-0.07108988,0.07583497,-0.18603557,-0.20293104,0.07314624,0.12997669,0.00749685,0.05437226,0.00132493,0.04879787,-0.0710515,0.17481112,0.02990652,0.24338922,-0.04832522,-0.05143872,0.03649716
-0.07562652,-0.04348867,-0.02765487,-0.08604773,-0.1452521,-0.02332467,0.07265646,0.08280148,0.04905703,-0.02305436,-0.01597247,-0.04708483,0.13171489,-0.05898312,0.07316182,0.07897868,0.08322675,-0.0553549
0.03463157,-0.01166388,-0.03601605,-0.01119527,0.01599679,0.04621002,-0.00669167,-0.00988779,-0.01305384,0.03516574,-0.0076895,0.01446112,0.03221084,-0.06821929,-0.04597936,0.0485068,-0.05977425,0.04593903
0.0381857,0.03008189,-0.0013862,-0.05333358,-0.04353354,-0.01277013,-0.02419064,-0.07483913,-0.01999309,0.0573638,-0.04690839,0.04406507,0.06843877,-0.02611532,0.01615713,0.07107192,-0.04123872,0.08548141
0.00010842,-0.0384393,-0.0428765,-0.07043536,-0.05266856,-0.00106396,-0.00196843,-0.03863615,0.0204435,0.06226821,-0.02077213,0.0130251,0.08255311,-0.04749332,0.05922315,-0.01178014,0.02851956,0.00088385
0.03849972,0.0151794,0.06886988,-0.08152004,-0.13736469,0.02344402,-0.01226193,-0.04360537,-0.04234085,0.04529252,-0.09690117,0.08403299,0.0682037,-0.01973121,0.15905887,-0.02921309,-0.06132315,0.04925385
0.12538497,0.01632383,0.15350726,-0.06377523,-0.1445986,0.02423447,-0.04085039,-0.08674851,-0.07467577,0.03157605,-0.10404872,0.035019,0.07851854,-0.0657796,0.15105591,-0.02273953,-0.05223065,0.05091751
0.03195506,-0.02319791,0.0820262,-0.16742011,-0.15284658,0.0340521,-0.00045125,-0.04436512,-0.01733616,0.05469672,-0.06614678,0.03959635,0.15316072,-0.03416221,0.17885053,-0.01058647,0.02642488,-0.04053886
-0.00572223,-0.05761345,0.04729588,-0.16597285,-0.17725518,-0.0631807,0.01932852,-0.0089117,0.03814732,0.00681667,-0.08691082,0.08274611,0.16508153,0.02606544,0.14668843,-0.04576097,0.05772453,-0.06993384
0.00599197,0.00014452,0.01290784,-0.13551954,-0.14057317,0.05769663,-0.02556256,-0.02292836,0.02401311,0.0620655,-0.10110173,0.06583873,0.11605249,-0.06797543,0.13062669,0.02693357,0.02344962,-0.02737808
-0.04770863,0.0514479,-0.01256616,-0.082422,-0.08505716,0.02791472,0.01023766,-0.00229615,-0.02576089,0.03256451,0.02230238,-0.0151152,0.07505261,-0.01192134,0.0873701,0.00544013,-0.00184461,0.00784811
-0.03192562,-0.0092771,0.0347539,-0.13276491,-0.17033273,0.06446375,0.04661717,-0.02450759,0.00629306,0.02678787,0.01670021,-0.02478981,0.13639722,-0.04152373,0.14814969,0.02467451,-0.02658535,0.03481439
-0.0548554,-0.03244876,0.01293077,-0.05658507,-0.01232139,0.04583535,0.0666357,-0.01427292,0.03525324,0.01176102,-0.01137583,0.05407459,0.08795585,-0.06086869,-0.01731366,0.00950064,0.02953487,-0.05938748
-0.01923871,-0.06153929,0.03294783,-0.06042961,-0.13793498,0.03930744,0.05828101,-0.05128927,0.04710676,0.03656684,-0.03070072,0.01984783,0.14780315,-0.07984848,0.1036369,0.02435177,-0.03919077,-0.00275873
0.00076358,-0.03170527,0.0244685,-0.12670257,-0.1482274,-0.05562733,-0.00534816,-0.00933967,0.06306285,0.02714134,-0.12099613,0.11082214,0.15141248,0.01563924,0.13773775,0.01449606,0.02478549,-0.03587995
0.02772227,-0.01725126,-0.06729829,-0.12838977,-0.07586273,0.01138576,0.04454641,-0.09542443,-0.03731726,0.11037389,0.03825943,-0.02621467,0.0480699,0.07978972,0.12102252,-0.06457308,0.01502869,0.0166884
-0.02617982,-0.0720007,-0.0987037,-0.20015461,-0.0752665,-0.0346471,0.08899127,-0.10280445,0.00167228,0.13846283,0.04183148,-0.0246628,0.09660769,0.10332355,0.14311103,-0.07961512,0.06668557,0.00467435
-0.0486441,-0.07828282,-0.05346095,-0.09860586,-0.08932222,0.01869745,0.09519622,-0.08159531,0.00625638,0.13418035,0.03088249,-0.02477695,0.04924832,-0.04085079,0.13014318,0.0383376,0.02098701,0.01880353
-0.06447013,0.0064409,0.00134673,-0.14371094,-0.11977513,-0.00380903,-0.00018593,-0.0382099,0.08954713,0.0034275,-0.02926299,0.005444,0.1393051,0.03538583,0.12327349,0.01018832,0.04265109,-0.01692529
0.00904879,-0.06270808,-0.05325155,-0.03394056,-0.0534803,-0.02221933,0.03220283,0.00627574,0.05847901,0.01981332,-0.07107905,0.03965932,0.06425079,-0.04834933,0.02223526,0.06112185,0.04431427,0.00031542
-0.06016287,-0.04178463,0.08145939,-0.07181126,-0.09941444,-0.04770358,0.04143132,0.00557159,0.05794926,-0.04665348,-0.08929485,0.05133228,0.07701989,-0.05681381,0.0846292,0.03284057,0.02389458,-0.05340925
0.07342686,0.08821214,-0.00960989,-0.13486134,-0.11643906,0.02934044,-0.12220043,-0.01896205,-0.02888841,-0.01632013,-0.05945854,0.05660871,0.15078212,-0.02417256,0.11332993,0.01689805,-0.00947801,-0.04421583
0.04375871,-0.02070018,-0.00184853,-0.06347421,-0.11980373,-0.00356638,-0.06535604,0.0164913,0.02663194,-0.03547337,-0.04846437,0.04121787,0.09467376,-0.05965917,0.07384097,0.02560577,0.01692173,-0.00665864
-0.06472137,-0.06383886,0.029614,-0.08151745,-0.11391816,-0.00723357,-0.00679301,0.07950387,0.13532947,-0.09169206,-0.01197328,0.02495843,0.11895007,-0.02632261,0.06113899,-0.01336199,0.03809896,-0.03349674
0.22561424,0.15255786,0.06464532,0.0071814,0.04047315,-0.02164228,-0.11639978,-0.05020353,-0.25394199,0.05196149,-0.15220732,0.10916533,-0.05522374,0.0425402,0.02304938,-0.06994471,-0.10450038,0.08514093
-0.04295908,0.06621145,-0.00638462,-0.00827919,-0.06676967,0.04648753,0.00718316,-0.04003795,0.0036775,0.0178011,0.09227158,-0.11493177,0.04712655,0.03426054,0.04207251,-0.10461707,-0.00237363,-0.01031436
-0.06771829,-0.00915602,0.10309205,-0.05203822,-0.03926897,0.01668377,0.04641443,-0.03878922,0.03896122,0.03618319,0.0333849,-0.07229883,0.03132878,0.02931109,0.05060639,-0.04931477,0.00083757,-0.00823285
-0.08510125,-0.09422595,0.03877394,-0.0202608,-0.04339569,0.03773751,0.11620948,-0.0034044,0.06785193,-0.00966492,-0.00375917,-0.01491904,0.0378281,-0.04407961,0.01954634,0.03182072,-0.0135241,0.0156734
-0.08003138,-0.05316074,0.00472254,-0.03567146,-0.05319405,0.03296413,0.08838042,-0.03340239,0.05008674,0.05024835,0.00311994,-0.00084968,0.02637098,-0.04461514,0.04843235,0.02564368,-0.04827801,0.04274143
-0.02832167,0.06206945,0.12063012,-0.17628025,-0.11525263,-0.11040675,-0.02108819,-0.02684639,-0.02212537,-0.00071711,-0.07477462,0.05481007,0.14634295,0.16827929,0.15746278,-0.02594838,0.02387117,-0.01818544
-0.080291,-0.04546348,0.03429154,-0.13833571,-0.01543223,-0.02172742,0.12181754,-0.108991,-0.00794968,0.06585797,4.784e-05,0.03947143,0.00259862,0.01718108,0.08898936,0.01731515,0.08976432,-0.00903174
-0.06075766,-0.0171684,0.02960122,-0.11726203,-0.01207466,-0.11812753,0.08288789,0.10876337,0.02904558,-0.11004132,-0.04178913,0.0114836,0.01238791,0.10402281,0.04738416,-0.00153515,0.02921085,0.03366379
-0.03565419,-0.02182885,-0.03484596,-0.11805658,-0.11028856,0.01220895,0.03787601,0.01986048,0.00806143,0.01518334,0.04087891,-0.03771684,0.13078263,-0.06410677,0.09436094,0.04024694,0.01610744,0.01084016
0.00597223,-0.00382109,0.03436376,-0.14043334,-0.04859312,-0.04200426,-0.00681446,-0.01492764,-0.00148938,0.01260822,-0.03711606,0.06345407,0.06197979,0.00130864,0.10425882,-0.01368523,0.10626191,-0.03501203
-0.07754422,-0.0430225,-0.00266645,-0.07055552,-0.14183702,-0.02674906,0.07689718,0.0182382,0.05951547,0.00609822,0.05000462,-0.05315856,0.08710659,-0.08763355,0.10544783,0.12035896,-0.07615503,0.06926166
-0.12821085,-0.07703409,-0.01770629,-0.04119762,-0.05407384,-0.04019916,0.13431348,-0.01052195,0.04532756,0.02938515,0.04820937,-0.02088492,0.04068318,-0.02129649,0.06035257,0.04174384,0.01526792,-0.0428791
-0.11729309,-0.08336258,-0.01614242,0.03053919,-0.02992675,-0.02128911,0.11040873,-0.04173695,0.05952105,0.05664915,0.04751544,-0.0874368,-0.00784851,-0.01206064,-0.00601311,0.03103982,-0.05250889,0.01696255
-0.05819034,-0.05933491,-0.02612984,0.03424056,0.02038534,0.03035856,0.06611904,0.06796689,0.05000924,-0.01064584,-0.00819218,-0.00955048,0.01203521,-0.04070471,-0.03123841,-0.00211487,-0.02612228,0.00430055
-0.05569793,-0.05798721,-0.00031071,-0.1623377,-0.19306119,0.08120268,0.10620942,0.04726488,0.02664549,0.01294586,-0.07691297,0.07877871,0.13446691,-0.0065483,0.23035766,0.01174107,0.04651882,-0.07786532
-0.04112714,-0.07200841,0.06960252,-0.04087532,-0.14374139,0.04227644,0.08219414,-0.06491786,0.02251683,0.09878682,-0.0921983,0.02041898,0.00334971,-0.01249543,0.18726248,-0.02618083,0.00184233,0.03911592
0.00846747,-0.03245076,0.04862495,-0.05134357,-0.09584346,0.04377886,0.05846091,-0.08839098,-0.02279222,0.07593376,0.03128257,-0.09195381,0.10413915,-0.04423474,0.07253911,0.05536649,-0.04994159,0.01138972
-0.03290151,0.03432431,-0.00362862,-0.13923041,-0.08051346,-0.00684835,0.00869568,-0.05967039,-0.00819418,0.07642686,0.01812503,-0.00474633,0.08217214,0.03421698,0.11684896,-0.01975246,0.03050726,-0.00138886
0.04334316,-0.0502255,0.02478346,-0.04503318,-0.06438425,0.00512633,0.01423885,-0.05351164,0.0016441,0.04502261,-0.06575762,-0.00046751,0.02970207,0.00855524,0.06925181,-2.176e-05,-0.01969048,0.00013647
0.0545732,0.04271489,0.03495051,-0.06747916,-0.04279502,0.02485141,-0.03084274,-0.03772314,-0.0493904,0.01704399,-0.05898676,0.02548255,0.09529996,-3.19e-06,0.04083046,0.00576525,-0.04969242,0.02927718
-0.0868494,-0.07127134,0.00167713,-0.1592558,-0.10140966,-0.00215463,0.11220228,-0.03844448,0.0682588,0.04654205,-0.00921252,0.00406407,0.11207669,0.01360533,0.12739433,0.014391,-0.00544885,0.01071542
-0.0510797,-0.06447382,0.01040654,-0.12481924,-0.09370653,-0.01967676,0.05816647,-0.02249433,0.05708506,0.02015871,-0.04676054,0.01682571,0.09871,-0.00760053,0.11575089,0.01356947,0.01137356,-0.03649353
0.04822392,0.09932842,0.05215233,0.07377574,-0.0413626,-0.01366168,-0.10729539,-0.04599177,-0.02210193,0.07951199,-0.11025114,0.08363272,-0.00211585,-0.13563397,-0.06354113,0.16759243,0.08046302,0.0009363
-0.09066819,-0.08024675,0.12963611,-0.12528809,-0.11862646,0.03004794,0.13484244,-0.10665895,0.02507803,0.04037037,-0.04826594,-0.02761483,0.10386752,-0.09171004,0.16910651,0.06292086,0.02222157,-0.05772933
-0.06456828,-0.03231179,-0.02212476,-0.08244052,-0.06398387,0.05671607,0.07722085,0.05192249,0.03969118,-0.03391015,0.01080477,-0.04802025,0.02331261,-0.01721074,0.12773324,0.03394905,0.04726209,-0.12577216
-0.16585347,-0.09515081,-0.11093133,-0.02084628,-0.16996941,-0.05430274,0.11214632,0.08975135,0.12103551,-0.08067808,-0.01889841,-0.09104932,0.07592062,0.01957631,0.10313875,-0.0448414,0.05328177,-0.03867277
0.02401,0.06810618,-0.10330929,-0.03857541,-0.08139002,-0.10458611,-0.06395038,0.08502829,-0.03580007,-0.00517409,-0.04384584,-0.00181467,0.05469388,0.13114704,0.04559532,-0.110414,0.01259454,-0.02979036
-0.09116881,-0.00942208,-0.13642723,-0.02282245,-0.01620978,-0.19177911,0.03349881,0.07299239,-0.00190365,0.00748308,0.02977693,-0.03675113,0.02996761,0.03803299,0.03189801,-0.12633663,0.01992766,-0.05199181
0.09206856,-0.01823974,0.0265006,-0.02916837,0.02480781,0.04254998,-0.01364473,-0.08279489,-0.03269483,0.01299399,0.07173479,-0.0495765,0.06349217,0.00749037,-0.03441313,-0.04867771,-0.04448172,-0.06930038
0.08541869,0.02357938,-0.12613932,-0.13877013,-0.11970172,-0.01840057,-0.10063746,0.09525538,0.003479,-0.0634102,0.08379552,-0.06873804,0.07264073,0.14610523,0.16373281,-0.11074332,0.04911126,-0.09666993
-0.00681257,0.19996236,-0.00541404,-0.11207424,-0.05183188,-0.10615664,-0.06966382,-0.13067912,-0.15608458,0.12128115,-0.03786921,0.02816713,0.04763699,0.10619086,0.15025324,-0.0480295,0.04454047,-0.04934303
-0.01857091,0.07122773,-0.06550105,-0.11366234,-0.07467208,0.02548556,-0.03335637,0.07115695,-0.09368999,-0.03200201,0.03293187,-0.01290974,0.07984438,0.02370309,0.15500943,-0.01526259,-0.00445668,-0.04123105
-0.09177225,0.15074324,-0.0154558,-0.10098106,-0.04347774,-0.07687805,-0.04127335,-0.08655422,0.00752508,0.02931012,0.05105011,-0.02201604,0.02802802,0.07345282,0.09504118,-0.04145628,-0.06783329,0.0915723
-0.12793305,-0.09455905,0.09231616,0.09277384,0.01658489,0.07435254,0.07028403,0.01903026,0.14318537,0.01021088,0.00321156,-0.00777934,0.0005845,-0.11706779,-0.07543668,0.05868412,-0.09522369,0.07869208
-0.07041894,-0.06240344,0.08341065,-0.00242583,-0.10333973,0.05037285,0.05996644,-0.02326295,0.06927262,0.05305561,-0.01512965,-0.04186959,0.08222696,-0.07158747,0.07028585,0.0416302,-0.03296256,0.0032958
-0.13374078,-0.07871171,0.05627995,0.03326115,-0.08873273,0.11054286,0.06620459,0.00053044,0.11009631,0.02485232,-0.00451147,0.03671381,0.07451238,-0.11868946,-0.00968515,0.13662383,-0.08990399,0.04155021
-0.14775113,-0.10324467,0.02463895,0.01118504,-0.03050367,0.10643485,0.11824501,0.09772798,0.14455331,-0.10734025,0.05346534,-0.05322579,0.05967568,-0.06560788,-0.04574512,0.08084098,-0.07346103,0.02642623
-0.10253226,-0.1140459,0.08627985,0.02397556,-0.01900405,0.05032666,0.07032556,0.01739921,0.14946411,-0.03127546,-0.05122446,0.04050225,0.03446856,-0.12284004,-0.04151784,0.13088567,0.03034684,-0.06713019
-0.15602506,-0.10048816,0.05155429,0.02497254,-0.00941919,0.05387251,0.14225657,0.03069878,0.13834804,-0.03091747,0.01501561,-0.03956377,0.01768779,-0.03910121,-0.02904025,0.07563848,-0.05017816,0.01108096
-0.08710923,-0.08154406,0.00996004,0.00742234,-0.01333871,0.05714555,0.04636221,0.01268031,0.10091547,-0.01910845,-0.03836978,0.03103024,0.04788692,-0.02461152,-0.0349514,0.05258317,-0.07262682,0.0350497
-0.13340794,-0.0887189,0.05568862,-0.02115809,-0.07792048,0.06769667,0.10048488,-0.00178285,0.14632659,0.01240195,0.0067782,-0.00141706,0.08198577,-0.08386908,0.05526388,0.08034714,-0.06190963,0.00049519
-0.14107531,-0.13084614,0.06605746,0.04592441,-0.04330545,0.05897723,0.1145403,0.00781406,0.17823057,0.00640322,-0.01895742,-0.00658746,0.02890387,-0.05769899,0.01164991,0.05037441,-0.06101122,0.02973957
-0.11170857,-0.07947996,0.10283842,0.03552197,0.01022419,0.09630913,0.04560508,-0.02531194,0.12400058,0.01872299,-0.0144798,0.01200906,-0.00251318,-0.06855612,-0.02889164,0.05267244,-0.03596675,0.01825146
-0.16627378,-0.18540727,-0.07372755,0.02500358,-0.00486564,0.03734019,0.16166665,0.10819734,0.18032279,-0.0435153,0.05283034,-0.04234766,0.02611424,-0.08796999,-0.05052045,0.0969374,-0.10492147,0.07427672
-0.19713617,-0.17746021,-0.06983213,-0.07347157,0.00254226,0.02296033,0.21409644,0.0869614,0.17915626,-0.0390461,0.01202239,0.01429489,0.06606283,0.01370656,0.02179853,-0.01197789,-0.01893395,0.00931571
-0.07621578,-0.15011005,0.02411329,0.04877002,0.06507578,-0.0565133,0.14085978,0.01907967,0.11589488,-0.02331813,-0.03305116,0.04203784,-0.02161154,-0.00205585,-0.05846633,0.01891234,-0.03848861,0.05578196
-0.00742963,0.0044572,0.01651312,-0.11010519,-0.11340832,-0.05074498,0.01356973,0.00338237,-0.00236545,-0.00816375,-0.01549946,-0.01901805,0.11732412,0.03298749,0.09140954,0.01482769,0.04803977,-0.03921881
-0.01482136,-0.02595271,0.04167361,-0.09281824,-0.06495986,-0.00317985,0.03377527,-0.02182389,-0.0032183,0.00866322,-0.07398711,0.07526018,0.08082518,-0.02434252,0.08219361,0.00425376,0.04888011,-0.03281671
-0.02631304,-0.02057329,0.00113848,-0.24364685,-0.14628513,-0.04548947,-0.03615247,-0.05965253,0.0755617,-0.00042819,0.04151453,-0.04806152,0.21323388,0.19235327,0.08933986,-0.055481,0.00271359,-0.02359874
-0.04973962,-0.05199312,-0.00998206,-0.11852666,0.06490756,0.00093626,0.02333688,0.09543227,0.04987889,-0.05180115,0.00889513,0.03904689,0.0734144,0.13902236,0.0279945,-0.15984376,0.06127824,-0.13207145
-0.0180603,-0.05858617,0.12576431,-0.01724021,-0.03132313,0.03022319,0.07768096,-0.06710224,-0.01826153,0.0595922,0.02548012,-0.04188946,-0.0062617,0.06166809,0.05223771,-0.04175902,-0.07348581,0.06439519
-0.02137935,0.01564793,0.06289318,-0.03634548,-0.09104663,0.06096467,0.01183046,-0.07892045,0.0047534,0.0573516,-0.00146815,-0.00027048,0.05879041,-0.07857547,0.08469478,0.06268438,-0.02774385,0.00692104
-0.03806932,-0.0223797,-0.07403791,-0.02417033,-0.05355592,0.02424093,0.01594993,0.04831723,0.01723496,0.00115069,0.01898538,0.05218878,0.03003207,0.02872887,0.05424621,-0.02676315,-0.04458191,0.02540812
-0.04540547,-0.17862328,-0.0044743,-0.07464608,-0.04434263,-0.00151822,0.07015119,-0.06139431,0.10278251,0.05469531,-0.02496396,0.08552602,0.07394676,0.0312817,0.05155645,-0.07005271,0.02103742,-0.0289795
0.15175905,0.06365595,-0.0767091,0.03585246,-0.03464176,0.05423164,-0.17288483,0.04022446,-0.06125418,0.02710771,-0.06338488,0.10893985,-0.00300432,-0.20839387,0.03355245,0.15967198,0.00596204,-0.06824018
0.00510133,0.03680951,-0.03675896,-0.15308107,-0.07225672,-0.07177867,-0.05656964,0.04562318,0.00956239,-0.01990307,-0.08735411,0.12582963,0.10346951,-0.06974114,0.09451967,0.08932978,0.09009045,-0.06068215
-0.03147266,-0.0104991,0.02086305,-0.12127638,-0.14513971,0.04058434,0.02634075,-0.0203426,0.00449239,0.02328229,0.00462933,-0.017496,0.12730529,-0.02054413,0.13216481,0.01570011,0.00395499,9.19e-06
-0.05585592,0.00424197,0.02122289,-0.12451925,-0.09226178,-0.02736312,0.03823092,-0.02024254,0.01266411,0.02440414,0.02121547,-0.00835545,0.08391125,0.0416938,0.12852267,-0.03351982,0.01262368,0.01803125
-0.06898069,-0.01296793,0.00449508,-0.06503097,-0.06953108,0.0043678,0.05751106,-0.00658162,0.01649508,0.02826518,0.06561752,-0.04843239,0.0713657,-0.00432815,0.07754771,-0.00707661,0.00355775,-0.00086787
-0.08524337,-0.00720159,0.0207595,-0.13897742,-0.14297276,0.01313349,0.04446766,0.01524731,0.0570568,-0.01948837,0.01736775,0.00150214,0.12406382,0.0313234,0.15205375,-0.02871604,0.01136324,0.01654792
-0.05154613,-0.03304013,0.0288089,-0.11702856,-0.13397353,0.06394415,0.02592796,-0.01799968,0.04942251,0.00120115,0.03537066,-0.04503944,0.1056225,-0.02692646,0.12792492,0.03466651,0.01876452,-0.00280214
-0.0120296,-0.00795175,0.02549497,-0.09430121,-0.11509275,0.01182515,0.01979318,0.00454166,-0.00237612,0.00853068,0.02298451,-0.01905215,0.11824555,0.01080042,0.10678283,-0.01931515,0.04949778,-0.04545892
-0.05257752,-0.0398997,0.02402446,-0.13787229,-0.11600505,0.01491237,0.05655365,-0.01132854,0.03788972,0.00992154,0.04050067,-0.04924295,0.13193116,0.00965595,0.11787199,0.0077645,0.05678009,-0.03594404
-0.0148025,-0.04905823,0.06316863,-0.10161947,-0.10561564,-0.01627397,0.05656988,-0.03329587,0.01613442,0.00065175,-0.04602322,0.03771444,0.10004659,-0.01886801,0.09546065,0.02693731,0.06547733,-0.00887087
-0.01735495,-0.02495544,0.00234779,-0.12282758,-0.15028804,0.00473359,0.01716866,0.06156342,0.0215903,-0.03784804,-0.01972629,0.03508398,0.14644131,-0.02701362,0.11907393,0.01766773,0.04534982,-0.02474093
-0.08123476,-0.03151559,0.01592375,-0.08086693,-0.11536369,0.02356362,0.05514314,0.02393029,0.04142245,-0.00290292,0.01741057,-0.00921612,0.06626895,-0.01044729,0.11246197,0.01118218,0.02188939,-0.01639552
-0.05613059,-0.00186134,-0.00222448,-0.15578485,-0.16945748,0.02459529,0.02767154,0.01356551,0.00208144,0.01041108,-0.01513584,0.03798845,0.15824323,0.0409487,0.18996814,-0.05035068,0.0216007,-0.02370851
-0.04436132,0.0179753,-0.02047595,-0.10350953,-0.15721602,0.05006911,0.03071679,0.0021543,0.02572897,0.00948246,0.02713114,-0.01509173,0.14112196,-0.07221223,0.14076076,0.05031273,0.01339898,-0.03011744
-0.11776537,-0.08747956,0.01750244,-0.14192448,-0.08054479,0.02253355,0.10229443,0.01822903,0.12079805,-0.01440322,0.07173088,-0.06860712,0.11150237,0.02968056,0.12362329,-0.02737368,0.01240462,-0.01685818
-0.05040292,0.01166925,0.02080767,-0.08536364,-0.07807563,-0.02584221,0.0312414,0.00722388,0.01246433,0.01868931,-0.05357458,0.04782687,0.09999617,0.03020875,0.09176531,-0.03633883,-0.00682388,-0.01553319
-0.1108417,0.00705922,-0.00352198,-0.11007003,-0.14519132,0.01013796,0.05633902,0.03573217,0.05971769,-0.02638248,0.0738618,-0.05391953,0.1557224,0.00326991,0.14405647,-0.00653062,-0.00673727,0.00284418
-0.05866402,-0.06218845,-0.03285959,-0.18708901,-0.06834461,-0.01065542,0.09332739,-0.03203757,0.02487468,0.06141104,-0.03754542,0.05201866,0.15205661,0.11018032,0.10826866,-0.10149132,0.04585752,-0.04193586
-0.01905011,0.03521341,-0.06914507,-0.05778981,-0.06754947,0.02740402,0.00939516,0.03343233,0.00426863,-0.04025227,0.01389429,0.01996804,0.08148876,0.03517208,0.09202438,-0.03419046,-0.05824638,0.00533891
-0.06818427,-0.06148739,-0.01429201,-0.11313919,-0.10310125,0.00326569,0.09210388,0.04599483,0.10140895,-0.04063927,0.01464364,-0.01805877,0.09321736,0.05318848,0.12888285,-0.08264406,-0.00716884,0.02596865
-0.12891969,-0.10051466,-0.02558542,-0.08034439,-0.13325853,0.03020097,0.12172817,0.0263199,0.12041453,-0.04664257,0.10275332,-0.08747263,0.11828173,0.02637678,0.1526801,-0.03784147,-0.05619477,0.02381357
-0.06466443,-0.00245911,-0.04250231,0.00062633,-0.10369769,0.04387336,0.06820967,0.02594069,-0.00432284,0.02093012,0.06005208,-0.00513754,0.05768919,0.00937222,0.08751992,-0.03127862,-0.04873886,0.02456907
-0.03271416,-0.01856523,0.0089242,-0.11448206,-0.07005749,-0.03181714,0.04172841,-0.02992252,0.01984779,0.05837529,0.01555049,-0.03097657,0.06554804,0.08741835,0.11642669,-0.03017389,0.01005012,0.01585051
-0.05774174,-0.0556671,-0.02435967,-0.05991773,-0.06980836,0.04294956,0.03917027,0.01522614,0.05158001,0.0348241,0.00255262,0.03782926,0.11178741,-0.0395948,0.03474695,0.02550856,0.01490076,-0.06548263
-0.07545813,-0.06558695,0.0223306,-0.00216552,-0.02254029,0.04960936,0.05590305,-0.01379023,0.06974751,0.01490998,0.02936273,-0.01299891,0.01154317,-0.04246679,0.025868,0.00859393,-0.00888434,-0.01995138
-0.06568827,-0.04942477,-0.02761134,-0.07294171,-0.06020854,0.04349038,0.07641585,-0.01889544,0.04458763,0.02573309,-0.00201685,0.00967845,0.07958556,0.0007167,0.07551554,-0.02242251,0.03381822,-0.04389018
-0.01659829,-0.0647032,0.02235727,0.00572721,-0.04144005,0.05801484,0.06542721,-0.0562834,0.02294421,0.0647963,0.01062606,-0.01999538,0.06230098,-0.03416589,-0.01229352,0.02626734,0.02096172,-0.08230944
-0.04636753,-0.05447961,-0.01239969,-0.04306076,-0.06287221,0.06887413,0.03510795,-0.0100129,0.03821806,0.0334895,-0.02102477,0.03074908,0.07259552,-0.01374089,0.05431222,0.03277197,-0.03349276,-0.03507192
-0.05837752,-0.01645165,-0.01166936,-0.00518774,-0.00253261,0.00850572,0.02666637,0.01381944,0.05411623,0.01393147,0.01790021,-0.0133424,-0.00513363,-0.00865336,0.03256675,-0.0144573,-0.02532734,0.00223233
-0.05213391,-0.09677265,0.02844309,-0.11640622,-0.02058133,-0.02629496,0.0939858,-0.06900791,0.09068771,0.04703276,0.01575546,-0.02650768,0.08499699,0.0102221,0.02897565,0.01579695,0.059043,-0.04387999
-0.01012443,-0.03965436,0.00556312,-0.08036335,-0.01603405,0.05267728,0.01920486,0.0004675,0.02412091,0.02983586,-0.00647256,0.01677449,0.07565141,-0.01698249,0.01563331,0.02741801,-0.00328389,-0.03730898
-0.07103956,-0.05327445,0.01365167,0.01211445,0.00665474,0.04157608,0.09737601,-0.05956482,0.03935616,0.05220489,-0.00822943,0.01034151,-0.0078661,-0.05037672,-0.02420314,0.02439474,0.03213707,-0.02193945
-0.08266615,-0.02150163,0.01543699,0.03019606,-0.02930818,0.02441847,0.0415299,0.02474703,0.02651173,0.03003136,0.04779857,-0.03549589,0.0313203,-0.06773638,0.0038831,0.02696445,-0.01604493,-0.02362204
-0.06715408,-0.05928718,-0.0061736,-0.01924263,-0.04509135,0.02898018,0.06050431,-0.04412921,0.05133168,0.03308526,0.02366246,0.00302963,0.06214592,-0.02694039,0.03961982,0.00470272,0.00044612,-0.02356337
-0.07506248,-0.08696515,-0.01954905,-0.08529386,-0.08120244,0.03328178,0.09513399,-0.01976501,0.05810213,0.06925358,0.02794494,-0.03647291,0.12445424,0.01649669,0.09722005,-0.03321842,0.02315465,-0.04715654
-0.06428299,-0.04905269,-0.02024312,-0.02016181,0.01222381,0.06142278,0.04099471,0.01584039,0.05792448,0.01672931,-0.02220808,0.05397512,0.01214241,-0.05123913,-0.0006974,-0.00137579,0.01001711,-0.03465207
-0.0187695,0.00928561,-0.037268,-0.1762599,-0.12488527,-0.01317773,0.03374047,0.0215126,-0.01563895,-0.01806055,0.00572046,0.0113715,0.1682004,0.09517234,0.14344055,-0.05209004,0.02180543,-0.03967453
-0.06250387,0.00975448,-0.03351007,-0.1385248,-0.12971823,-0.06391254,0.07917232,-0.01145324,0.03191981,0.00503554,0.04815388,-0.04316568,0.12080796,0.12145418,0.17393882,-0.11131431,-0.00760058,-0.00444889
-0.06453279,-0.02290178,-0.07256263,-0.03175371,-0.04785702,-0.05103625,0.03405077,0.00349873,0.04787917,-0.01238277,0.04869901,-0.00921274,-0.00953326,0.05991281,0.1086132,-0.02990639,-0.00789558,-0.00107981
-0.03657602,0.01939613,-0.07228478,-0.10119138,-0.04667081,-0.02535326,0.03598107,-0.02209029,-0.00825897,0.04909122,0.09183796,-0.03973353,0.06417447,0.03419823,0.11549019,-0.01948157,0.02906501,-0.02549582
0.00331379,0.00940431,0.00347258,-0.12192001,-0.12650596,-0.0406849,-0.0369159,0.02348394,0.02531301,-0.01916877,-0.05815558,0.06439712,0.07892814,0.0528178,0.16086033,-0.04632093,0.00857712,0.01172595
-0.03829617,-0.06806659,-0.02451121,-0.07937183,-0.13596314,-0.02193667,0.07167402,0.0012695,0.03742221,0.03037514,0.00115661,0.00254803,0.06633983,0.03960746,0.16942906,-0.05208722,-0.05491204,0.02924653
0.01032678,-0.01464486,-0.03427307,-0.08457535,-0.04104716,0.0386636,0.02298534,-0.01810812,-0.02750285,0.02580517,0.04479265,0.00204764,0.01095144,0.01737,0.14348086,-0.03866227,-0.00478537,-0.00022091
0.0029647,-0.00911036,-0.07628294,-0.03340228,0.00371023,-0.02881924,0.00985541,-0.01216264,0.00360308,0.00394701,0.08077851,-0.04351803,0.01230325,0.079036,0.02573118,-0.06682645,-0.02310029,0.00635696
0.01377358,0.00933727,-0.06829062,-0.05176979,-0.00523316,-0.03462395,0.0145325,-0.04818181,-0.01912203,0.03278787,0.00538813,-0.01444209,0.0035529,0.08360651,0.0929353,-0.07183545,-0.00940842,-0.01714116
-0.00530897,0.02518253,-0.05963807,-0.09537636,-0.12411802,-0.03757412,0.04062105,-0.03518801,-0.02487884,0.04842429,-0.01435934,0.0044005,0.1135445,0.0549011,0.11582928,-0.05355595,0.04532944,-0.02343851
-0.04362424,-0.00928745,-0.02182176,-0.10269329,-0.07832625,-0.09401975,0.07268694,-0.03722417,-0.02418996,0.04917234,-0.01082867,0.01037261,0.08756259,0.0629564,0.11153431,-0.03175734,0.0374683,0.01099209
0.01675295,0.00096714,-0.04902323,-0.08107523,-0.10890997,0.00419635,0.03096422,-0.01515844,-0.04992846,0.0449101,0.01683431,-0.0591514,0.10564101,0.05362507,0.08919436,-0.041863,0.034391,-0.03545713
-0.02694902,-0.02629437,-0.04387497,-0.0661968,-0.07556278,-0.00070325,0.01665346,-0.02350361,0.01624651,0.05019945,0.03462858,0.00647175,0.09503434,-0.01490777,0.10197102,-0.02999385,0.0141382,-0.02662361
-0.07054687,-0.02079858,-0.04554601,-0.06230383,-0.0738229,-0.09525947,0.07987735,-0.05475473,0.01745869,0.06941754,0.09088036,-0.07247438,0.02414631,0.07786064,0.11483343,-0.04768095,0.02507222,-0.01449144
0.01385779,0.02619398,-0.01782374,-0.06425399,-0.08008491,-0.08127792,-0.01326815,-0.02248874,-0.06219438,0.05093683,0.05206614,-0.04922629,0.05327143,0.03830657,0.10315196,-0.01464524,0.01331796,-0.00813474
-0.00097516,0.00871812,-0.03303866,-0.11707042,-0.1067331,-0.03796143,0.04530678,-0.06405598,-0.04650822,0.08433381,0.02798872,-0.01677045,0.09633404,0.03656044,0.12470715,-0.02177047,0.0217009,-0.02993363
-0.12202506,-0.06169942,-0.11158834,-0.09478596,-0.04186174,0.07387756,0.11026433,0.07645401,0.08359229,-0.05997187,0.05240229,-0.05731647,0.1050863,-0.02320781,0.02827326,0.0744476,-0.0010959,-0.07090091
-0.11099146,0.0009118,-0.04293709,-0.02009347,-0.06717137,0.07910384,0.03154589,0.03298779,0.07574186,0.01547269,0.02076646,-0.01199502,0.10578153,-0.07247615,0.00882059,0.05778116,-0.06814271,-0.01913555
-0.15508113,-0.12508857,-0.0335344,-0.02250368,-0.01943348,0.04894669,0.12666499,0.00433106,0.13637512,-0.00101394,0.05228967,-0.0574577,0.05926614,-0.01439739,-0.01470846,0.03769637,-0.04928304,-0.01127359
-0.04548903,-0.05934197,0.07198498,-0.1451641,-0.12534036,0.06269497,0.08646567,-0.09206184,0.04684108,0.0189474,0.00710829,-0.01070709,0.14264929,-0.01364996,0.10386159,0.0233368,-0.01525448,-0.00201077
-0.09598563,-0.12498013,0.04413612,-0.11127735,-0.07082173,0.05989676,0.13628049,-0.02260152,0.09760426,0.0033447,-0.01511437,-0.02901264,0.07582623,0.03898762,0.07186185,-0.01801402,-0.04081729,0.03630148
-0.14591038,-0.05120049,0.02165652,-0.13476425,-0.07865419,0.05472854,0.10900366,-0.01731852,0.08675686,0.04592607,-0.0231837,0.00957587,0.11431384,0.00076858,0.11714565,-0.0265618,-0.02811096,0.03782666
-0.120947,-0.08995269,-0.06470261,-0.06098724,-0.05398007,-0.01043904,0.13015638,0.01208583,0.09583787,0.02234133,0.03245706,-0.01402733,0.12063664,-0.00792522,-0.01020541,0.0326493,0.01169538,-0.07333023
-0.16231706,-0.10008223,-0.04420727,-0.13057757,-0.13397256,-0.00051698,0.10486771,0.04680777,0.15960301,-0.03803634,0.01401378,0.00065482,0.1843007,-0.04914425,0.07044703,0.06132348,0.04671826,-0.07178907
-0.08313025,-0.00852104,-0.07268394,-0.06360299,-0.01199632,0.06035,0.04945423,0.00610665,0.03868939,0.04462643,0.00690679,0.00828308,0.06178695,-0.06124498,0.01198318,0.07457178,0.01229735,-0.05212562
-0.12217014,-0.07326561,0.00307967,-0.10962846,-0.02740118,0.05609341,0.15991638,-0.01094035,0.06687556,0.02633987,0.02009765,0.02175214,0.05723245,0.02677368,0.10122061,-0.06741696,-0.03423256,0.03002842
-0.01569549,-0.01153877,-0.00663353,-0.05005984,-0.03542946,-0.05630059,0.01987447,-0.03660909,0.0151241,-0.00018541,0.01182327,-0.02864946,0.06294214,-0.01713141,0.04971647,-0.00940599,0.06914086,-0.06923073
0.00664184,0.00784295,0.04447298,-0.04460543,-0.03251691,-0.02948445,-0.00543454,-0.02905269,-0.010201,0.02342827,-0.01131873,0.03048793,0.02060779,0.045599,0.06787028,-0.07192538,0.00948909,0.00568716
0.02160323,0.03201565,0.01357297,-0.05459055,-0.03131984,-0.04253973,-0.03081062,0.02684018,-0.04130686,0.00468209,-0.05911409,0.0565007,0.04884502,0.00174812,0.04710066,-0.00271945,0.01968895,-0.03242776
-0.08299713,-0.08932228,-0.01598777,-0.09865584,-0.04892679,-0.01089958,0.10514507,-0.02074136,0.08675793,0.03471771,0.03331249,-0.04176534,0.09357282,-0.02632016,0.06155345,0.03304681,0.03745236,-0.02879442
-0.06820651,-0.04704283,0.00676353,-0.07312406,-0.08896727,-0.00390759,0.07988356,-0.04751477,0.0546132,0.03090504,-0.0116097,0.01649509,0.08695511,-0.01112357,0.08904824,0.00583441,0.02641332,-0.02154694
-0.02651927,-0.00988101,-0.01303184,-0.09408868,-0.09076049,0.03940344,0.02700028,-0.05042671,0.03305798,0.00025225,-0.00935329,0.02793574,0.10903863,-0.00210701,0.07290929,-0.02435952,0.05125905,-0.06875711
-0.11371627,-0.11206647,-0.00651828,-0.04426458,-0.04167772,-0.01517334,0.13577578,-0.01045493,0.11362719,0.0141576,0.00054329,0.00892346,0.05626244,-0.02003804,0.03939674,0.00371349,0.03882628,-0.06010795
-0.05385162,-0.02272668,-0.00657364,-0.03470451,-0.06360207,0.01421597,0.0222207,-0.02812261,0.05298322,0.02813524,0.01159892,0.01754302,0.06616903,-0.03553102,0.05521353,0.02625691,-0.0135769,-0.02884451
-0.02337219,-0.03583554,-0.00698738,-0.09965448,-0.03907839,-0.01772396,0.03159735,-0.00044752,0.03977751,-0.01686049,-0.01295994,0.01649334,0.06845262,0.03249935,0.0697835,-0.03074133,0.01728237,-0.01414832
-0.03466035,-0.06870191,-0.01503255,-0.12565656,-0.07191916,-0.04884831,0.09006741,-0.05958447,0.03500433,0.03097922,-0.02932714,0.01244166,0.0813164,-0.02793597,0.09549125,0.04301304,0.03778308,-0.01820074
-0.04738338,-0.04298182,-0.0289742,-0.09567261,-0.08000003,-0.01964856,0.04222306,-0.0209956,0.04184113,0.0175189,-0.04338294,0.04731776,0.08190407,-0.03708429,0.09211221,0.01565071,-0.00879701,0.01165722
-0.05707717,-0.04213485,0.00980918,-0.12948839,-0.07321653,-0.0136561,0.07238958,-0.02791583,0.0376546,0.01059184,0.00208082,0.00789893,0.09731383,0.03707368,0.10545058,-0.04407814,0.02964767,-0.0348387
-0.02142535,-0.01946659,-0.018238,-0.0509256,-0.0452297,-0.06387994,0.036751,-0.01625406,0.01046333,0.03275736,0.04460297,-0.03082843,0.03573539,0.0225844,0.07589441,-0.04927173,0.00571442,-0.00126352
-0.04071237,-0.04808774,-0.02762203,-0.10244498,-0.08601621,0.00251466,0.05752872,-0.04335697,0.0516939,0.03306297,0.00486168,0.0119921,0.09038315,0.02320518,0.10376149,-0.02137454,0.06087366,-0.04601947
-0.10860787,-0.03455208,-0.03737452,-0.12747387,-0.1369189,-0.05931451,0.09273288,0.03224256,0.0707863,-0.00476041,0.01638794,-0.01284495,0.14809979,0.02658269,0.13925719,-0.02750822,0.02841979,-0.05301244
-0.05654746,-0.112119,-0.01697425,-0.08312651,-0.02577819,0.0113188,0.07387886,-0.02656195,0.10834848,0.00823193,0.03106211,0.02870389,0.09954471,-0.06247898,0.01919442,0.01860109,0.02247006,-0.03952939
-0.02226406,-0.06446551,-0.09626312,-0.1187366,-0.08022475,0.00208933,0.04434595,0.00082645,0.01454119,0.02107084,0.00926907,0.04886513,0.13519371,0.11314494,0.09071821,-0.09674803,-0.00849391,-0.00757582
-0.0088077,0.01654889,0.02435498,-0.12525738,-0.11593506,0.01915248,0.03726084,-0.10770881,-0.02924671,0.11309401,0.0364873,-0.05668421,0.12443241,-0.00451791,0.13110597,-0.0088705,0.00295162,-0.00532386
-0.05061735,-0.02127444,-0.02656866,-0.11844531,-0.12477772,-0.01476094,0.06604176,-0.05505582,0.00728914,0.05823422,0.03738131,-0.03257436,0.11984872,0.01541023,0.13021296,0.00600438,0.01093399,-0.0294445
-0.046181,-0.05168333,0.00506178,-0.0883844,-0.0960981,-0.0095879,0.07814117,-0.0740856,0.05164848,0.04234975,0.05849411,-0.06461969,0.10903677,-0.03893965,0.08699149,0.01292491,0.01254212,-0.00762376
-0.07698671,-0.05140883,0.04877496,-0.08300606,-0.0952125,0.02995521,0.06680829,-0.0870562,0.05621522,0.06694515,0.01349966,-0.02315585,0.11964365,-0.04177774,0.0769966,0.01543268,0.02204708,-0.03309004
-0.05606674,-0.04490092,0.00584867,-0.1217682,-0.1179617,0.01630455,0.08051958,-0.06047229,0.02132981,0.08278202,0.029441,-0.02750964,0.09974838,-7.581e-05,0.14695554,-0.03462001,-0.02947811,0.02686069
-0.05006125,-0.04767924,0.00033254,-0.10306755,-0.09452741,-0.00381668,0.06176816,-0.02708468,0.02101925,0.0179332,0.02277316,-0.02181665,0.11146028,-0.01882369,0.08636668,0.01183172,0.0440207,-0.04777439
-0.03681999,-0.06198947,0.00890359,-0.00131836,0.00547845,0.02926022,0.04692112,-0.00442107,0.02161266,0.01929999,-0.07091572,0.08355535,-0.0193008,-0.01541538,0.0186147,-0.00135398,-0.01953943,0.01293802
-0.07266864,-0.08514985,0.00142527,0.0399423,0.00061149,0.04946552,0.07163593,-0.04008068,0.08127501,0.02694562,-0.07432222,0.05395376,-0.0024951,-0.0667369,0.00315421,0.07115724,-0.06562151,-0.0213998
0.02944483,-0.05230304,0.00604092,0.00115967,-0.01330878,0.05774595,-0.00262349,-0.06638106,0.01964488,0.05922568,-0.11842839,0.12174812,-0.01957439,-0.01384757,0.02744213,0.00669967,-0.04684733,0.0234636
-0.08378038,-0.07487666,0.01158055,-0.09117711,-0.08950103,-0.01968794,0.07234778,-0.0421085,0.10538387,0.02438901,-0.10226359,0.0619722,0.05373171,0.04333851,0.14315269,-0.04770273,0.0976008,-0.11201571
-0.07643585,-0.05590073,0.00761398,-0.01048277,-0.06895952,0.11598053,0.0891697,0.01952153,0.03680126,-0.0280294,0.00241866,-0.02606827,0.06841684,-0.09984885,0.02493095,0.05383386,0.00749101,-0.07319388
0.00465392,-0.03244099,0.03047728,-0.15597971,-0.13320968,-0.00734934,0.01601995,-0.08999732,0.02898347,0.07215988,-0.01001881,-0.01444941,0.12044106,-0.00194837,0.15665267,0.04469962,0.0511572,-0.04547827
-0.15667275,-0.16462982,-0.04347278,-0.0409145,-0.08662399,0.05575126,0.1752343,0.05251666,0.13699624,-0.05159786,0.01030595,-0.02868937,0.08439693,-0.02877489,0.0221962,0.01324977,0.11525509,-0.10926114
-0.10945369,-0.09150833,0.03867822,-0.12988699,-0.09379745,0.00081664,0.08454955,-0.03463616,0.14290332,-0.0183872,-0.05969414,0.01865482,0.10777155,0.06398409,0.12562899,-0.05353354,0.04169855,-0.0422884
-0.01897145,-0.06146348,-0.0021187,-0.06740478,-0.14983809,0.0947389,0.05189785,-0.01030488,0.02631698,0.00792107,-0.0415277,0.02169418,0.13389345,-0.07965733,0.09120955,0.07776013,0.0227145,-0.07154367
-0.0268976,-0.03934632,0.05193344,-0.11031545,-0.13754013,0.02321726,0.06183689,-0.01115672,0.02740593,-0.01472928,-0.03893923,0.03818589,0.14417944,-0.03470171,0.0894143,0.0396534,0.05693606,-0.07731993
-0.09225008,-0.13398597,0.01167686,-0.05997094,-0.12418636,0.0123848,0.13550777,0.03754575,0.09769535,-0.03639349,-0.03139497,0.00146815,0.10286352,-0.00665746,0.07322861,0.0024299,0.05152079,-0.06305197
-0.07898118,-0.09775435,0.01464475,-0.03105538,-0.11189373,0.14983475,0.13064126,0.02761334,0.05142481,-0.02226827,-0.03509713,-0.02784957,0.10027969,-0.11695374,0.01196955,0.12060687,0.00842655,-0.0427135
-0.05572772,-0.04953514,0.03430904,-0.08440179,-0.10383484,0.07489054,0.07741688,0.00590203,0.04877412,-0.01627356,-0.0546132,0.00974415,0.1054293,-0.03483475,0.07706116,0.01185803,0.01408753,-0.0578119
-0.03924857,-0.06012859,-0.01423817,-0.16927788,-0.12764671,0.03464953,0.10482049,-0.04614748,-0.00850228,0.08490027,0.00594059,-0.03078901,0.08374839,0.00390113,0.17367885,-0.01529005,0.02991453,-0.01610187
-0.00787492,-0.0333615,-0.03655948,-0.17394999,-0.11875539,0.0663692,0.03748023,0.00075482,-0.00741588,0.03442199,-0.04243368,0.04284923,0.16276693,0.03194114,0.14384388,-0.06031854,0.02028654,-0.03111153
-0.06882113,-0.10326416,0.03514772,-0.08496765,-0.08653265,0.04874804,0.11096694,-0.00544814,0.08046836,0.01020855,0.03449733,-0.05440995,0.12626593,-0.0798183,0.02947342,0.09447271,0.00873505,-0.04046743
-0.05444825,-0.07322745,0.03080794,-0.0844252,-0.02043734,0.00886923,0.08933208,-0.04913445,0.06543987,0.03430069,-0.00794287,-0.01327942,0.06014503,-0.08336133,0.04063146,0.10003698,0.04794748,-0.05401483
-0.05858364,-0.08317176,0.01869967,-0.13238889,-0.08212977,0.07328381,0.10094867,-0.03519833,0.08463456,0.02788478,-0.12783081,0.0907671,0.14158358,0.0008615,0.08325372,-0.01390279,0.05450158,-0.08721024
-0.02024233,-0.09959855,0.03688373,-0.12178482,-0.16557748,0.01509184,0.11228457,-0.01042371,0.04104657,0.013265,-0.02758291,-0.01220408,0.13001223,-0.05484791,0.1381919,0.05016517,0.03344607,-0.0240479
-0.03937732,-0.08504833,0.00409354,-0.04530598,-0.05420149,0.08852132,0.08456332,-0.00587489,0.05834345,0.01468075,-0.01756477,-0.03431041,0.07686951,-0.05263707,0.01819279,0.05341101,-0.00713528,-0.05488865
-0.02450488,-0.06252922,0.03096965,-0.08220074,-0.06734353,0.06798725,0.08939792,-0.00746526,0.01607848,-0.01277221,-0.07952546,0.05893766,0.07447005,-0.08258817,0.08910801,0.06094445,-0.0195896,-0.0300997
-0.06511628,-0.09479355,0.02180593,-0.03041036,-0.03124837,0.04314946,0.13115279,0.00433617,0.03689422,-0.02007897,-0.05260871,-0.03322174,0.02894606,-0.05569818,0.03651621,0.05193359,0.02766233,-0.05711013
-0.00377755,-0.03861782,0.03791799,-0.09835373,-0.06406324,0.04927196,0.05130046,-0.03849605,-0.01576646,0.05599529,-0.05161708,0.03063705,0.0854803,-0.00943596,0.05961729,0.02504874,0.06422996,-0.08534874
-0.15090781,-0.14642726,-0.01808356,-0.1027802,-0.11184959,0.10387353,0.15719128,0.04182116,0.14533872,-0.00797511,0.02097906,-0.03785667,0.12608716,-0.05409651,0.06311487,0.04240367,0.08693557,-0.13071931
-0.00598677,-0.02021023,0.0601541,-0.15796539,-0.12888188,0.02013745,0.07119548,-0.06198239,-0.00845097,0.06276933,0.00217732,-0.04616931,0.12833005,-0.01208984,0.13477894,0.05019511,0.11595973,-0.09453788
-0.00675247,-0.01801678,-0.02989752,-0.11789797,-0.08519358,-0.02565405,0.01540941,-0.02066075,0.01246419,0.00284742,0.04240826,-0.02171183,0.10508458,0.00761235,0.09581311,0.02308725,0.00272737,-0.00662351
-0.00468287,-0.0147367,-0.04456242,-0.07605638,-0.0903527,0.01422814,-0.01171891,0.03846211,0.00964077,0.01736913,-0.03222398,0.02368293,0.08230303,-0.02468247,0.06877313,0.04208982,-0.01323365,0.00465741
0.01586111,0.00078479,-0.02785486,-0.10441367,-0.10101533,0.01026922,-0.01712922,0.02266781,0.00855029,0.00340799,-0.07046734,0.07037648,0.11155086,0.0197029,0.07600101,0.02006588,0.00533054,0.00560696
-0.01575006,-0.01381759,-0.03032727,-0.06989354,-0.07760268,-0.01826748,0.00680886,0.05824343,0.00554745,-0.01632083,0.01127482,-0.03684434,0.05796504,-0.00640233,0.085976,0.01363667,-0.02612486,0.02742618
-0.00909618,-0.03698429,-0.04601109,-0.08975309,-0.10009674,0.02783842,-0.00254423,0.03201755,0.03905686,0.00388367,-0.01634544,0.017505,0.08737272,-0.0068127,0.08935502,0.03466853,-0.04157646,0.01608593
-0.01823486,-0.0701971,0.07187266,-0.03164579,-0.12902718,0.05872073,0.08093434,-0.08000841,0.03160606,0.06228449,-0.02675803,0.00335665,0.09761381,-0.13038675,0.07982833,0.08834585,-0.06488631,0.02191276
-0.00982647,-0.02538232,0.00074294,-0.0142928,-0.09017613,0.12241235,0.01249766,-0.06176875,0.03040166,0.06901108,-0.0126863,0.00608395,0.07092735,-0.10456627,0.0277919,0.04831174,-0.01951746,-0.01278277
-0.04548322,-0.06176231,-0.02873698,-0.03522675,-0.15149185,0.01967382,0.01033549,-0.01843684,0.08086356,0.07641155,0.02015799,0.00755067,0.10746647,-0.05648456,0.05841901,0.06435332,-0.0298671,-0.01633326
-0.04932996,-0.08734097,-0.01063711,-0.09054315,-0.17801083,0.09474996,0.03801307,-0.07159605,0.07263222,0.05605807,0.04787704,-0.01587347,0.12859569,-0.07277408,0.13905768,0.04597379,-0.07328683,-0.00013732
-0.02040596,-0.02949842,0.0094726,-0.08125976,-0.12277946,0.04882458,0.04154731,-0.04683531,-0.00077482,0.05535503,-0.01462376,0.01086811,0.03796052,0.00102461,0.13020761,-0.01869842,-0.03382826,0.04864712
-0.05862584,-0.08132301,-0.04511556,-0.10425434,-0.17650262,0.08450475,0.06101009,0.01680012,0.04577449,0.02623473,0.07161476,-0.03998946,0.10279172,-0.02700512,0.21058021,-0.03037526,-0.0844714,0.01660759
-0.02183109,-0.07180526,0.02752003,-0.09604744,-0.16166297,0.08932668,0.0704866,-0.080803,0.00591238,0.10081268,0.03120556,-0.04368642,0.11819693,-0.0390922,0.13975721,0.00878552,-0.046994,-0.00357664
-0.02081263,-0.05432859,0.0001482,-0.03581151,-0.12577264,0.04331464,0.04792004,-0.02726529,0.03119879,0.04529235,-0.00703572,-0.02091295,0.09809159,-0.07767793,0.07146853,0.05947108,-0.02574841,0.01176814
0.00549342,-0.04625222,0.00076157,-0.08691993,-0.14230608,0.05750947,0.02799564,-0.01158694,-0.00739577,0.04817306,-0.04099799,0.03787589,0.15124955,-0.04743536,0.10695204,0.01613714,-0.00114028,-0.06564856
-0.06727154,-0.11276077,0.00806982,-0.11602121,-0.17383729,0.04749104,0.10223022,-0.03476282,0.07314344,0.04064889,0.01451441,-0.01542381,0.15576372,-0.05448895,0.13228591,0.05287987,-0.00946416,-0.02528479
-0.0585662,-0.09600116,-0.00242328,-0.05329141,-0.11290317,0.05199996,0.0463693,-0.01654926,0.06976614,0.04225827,-0.00381003,0.02659438,0.11127216,-0.05524826,0.07857879,0.07433629,-0.02525594,-0.04669441
-0.01565109,-0.04454167,-0.01685899,-0.16039942,-0.1918361,0.02714773,0.06689661,-0.04376087,0.00195605,0.05406596,0.01912472,-0.02081966,0.20010019,-0.06698633,0.13670276,0.05587982,0.0285118,-0.0565529
-0.00727534,-0.01886502,-0.00898419,-0.0655023,-0.03150214,0.02361234,0.04920193,-0.09072166,-0.02469986,0.08774482,0.02463195,-0.03246142,0.07214571,-0.05788426,0.01711596,0.05873397,0.0380604,-0.03790957
0.01732999,-0.00408742,0.03031971,-0.08597352,-0.12243397,0.05138491,0.0001252,-0.0890301,-0.02744318,0.07976255,-0.0034477,-0.00781202,0.12852096,-0.05815335,0.0762945,0.03582455,-0.02013903,0.00458978
0.04354673,0.03410831,-0.02556746,-0.06688376,-0.06101743,0.05510105,0.00634595,-0.03628534,-0.07668877,0.03011934,0.03338809,-0.04413411,0.12061101,-0.08906266,0.03188983,0.06676129,-0.00430747,-0.03873776
0.03361163,0.00788366,-0.00745173,-0.1164393,-0.13758142,0.02672683,0.00957532,-0.04543946,-0.04638986,0.04530816,0.02478344,0.01406885,0.16930504,-0.09361922,0.10663077,0.07333813,0.04790677,-0.08306484
0.0251166,0.02052704,0.00260791,-0.08823116,-0.11305901,0.07453705,-0.0179533,-0.06106287,-0.01562636,0.04152909,-0.01234852,0.00371035,0.1239567,-0.07492293,0.10647928,0.03125979,0.01843695,-0.07864084
0.00371493,0.02059796,0.00254932,-0.10131288,-0.12309626,0.04760803,-0.02457018,-0.0453838,-0.00651381,0.05298936,0.01632578,-0.00970928,0.09048536,-0.05305826,0.13557089,-0.01128932,0.02072777,-0.01553994
-0.04887061,-0.05063165,-0.00363122,-0.0758191,-0.05060276,0.05552822,0.07581893,-0.08416522,0.01569865,0.1105021,0.02469806,-0.01922975,0.07268381,-0.05235205,0.07368633,0.02961572,0.00285055,-0.03395813
0.04988362,0.0035496,-0.01179295,-0.10329824,-0.11815427,0.03852309,-0.01009541,-0.09508749,-0.04198813,0.07895528,-0.00276802,-0.01622179,0.14653715,-0.06709406,0.08942786,0.04394286,0.07996575,-0.07591235
-0.05568592,-0.01548815,-0.02410213,-0.11747563,-0.10250423,0.00893855,0.0771909,0.00193905,-0.00406202,-0.01387736,0.06345919,-0.0797504,0.1004173,-0.00265759,0.10387865,-0.00384872,0.00023426,-0.0427844
-0.06693916,0.0347314,0.00237365,-0.13145468,-0.12260946,0.00088191,0.03428224,0.0024203,0.00962271,0.00075013,0.0817195,-0.07503229,0.10020051,-0.0428061,0.14962677,0.03063196,0.01711201,-0.05823541
-0.08956918,-0.03595595,-0.03537346,-0.10336766,-0.06717559,0.00832061,0.07426598,0.01220713,0.05909548,-0.02029416,0.11119527,-0.12818639,0.08443974,-0.01388144,0.07410958,0.04992119,-0.00661589,-0.00567847
-0.00016871,-0.00385037,-0.04465319,-0.160225,-0.06746477,-0.01814119,0.01702613,0.00680386,-0.00496043,-0.02638129,0.02500145,-0.00711562,0.14861727,0.02288805,0.03983544,0.03546284,0.07520589,-0.08416515
-0.01456904,0.00551029,-0.07689397,-0.19248041,-0.08573621,0.00464535,0.00438515,0.02443425,-0.02888427,0.03540658,0.07453435,-0.00923919,0.12847273,0.00789968,0.14458247,0.01400939,0.02941892,-0.05588559
-0.0014619,0.01240109,-0.02771241,-0.13690887,-0.11199147,-0.01187676,0.0302406,-0.02775115,-0.03391319,0.02704578,0.06556521,-0.0705322,0.11590577,-0.01401174,0.13769582,0.00460908,0.00279712,-0.0397811
-0.04901384,0.02091006,-0.00725213,-0.12763351,-0.11152058,-0.01263717,0.03702796,-0.05946089,-0.01317807,0.04115291,0.12455752,-0.09796772,0.08887274,-0.01364602,0.12307,0.01544698,-0.05294021,0.04093463
-0.0168957,0.02473413,-0.04309313,-0.14666598,-0.14700935,-0.03244446,0.01644798,-0.03141768,-0.01240793,0.01249954,0.09762957,-0.07451959,0.11567842,0.01883043,0.153238,0.01485985,0.02752088,-0.05364927
0.04959535,0.0399533,-0.06302219,-0.16787847,-0.14317451,-0.00571643,-0.01238274,-0.04843634,-0.08437343,0.02555913,0.06537988,-0.02294459,0.17303661,0.00612542,0.16085247,-0.02080704,-0.03887546,-0.00959485
0.01338876,-0.00439788,-0.0373007,-0.06050147,-0.08780375,0.05309663,-0.01148832,0.00292946,-0.02308117,0.02483829,0.03367138,0.03488591,0.05575918,0.02222479,0.08143168,-0.03844372,-0.10414714,0.06291179
-0.08998058,-0.05772707,-0.01314482,-0.06456747,-0.11673402,0.08398947,0.07092391,0.01999453,0.05316772,0.03479744,0.01627813,-0.05002221,0.09749401,-0.01086845,0.11622335,-0.0783261,-0.05820224,0.02253456
0.05654092,0.00168512,-0.0562744,-0.11292399,-0.13727052,0.02782197,-0.04545334,-0.02660664,-0.04764799,0.0690387,0.02205029,0.01074841,0.11854079,0.01472496,0.15486512,-0.06138771,-0.02668161,-0.02172987
-0.02471713,-0.01475653,-0.07044453,-0.05099258,-0.06752617,0.04078128,0.01096196,0.02655832,0.01340378,-0.03502223,0.07091316,-0.02855969,0.04901726,0.04249855,0.07262194,-0.04508408,-0.03151532,-0.04597161
-0.0122469,-0.00539404,-0.03249001,-0.01911079,-0.00903962,0.11105779,0.00051164,0.00159543,-0.02196879,0.02451,0.00909969,-0.02353802,0.02391899,-0.08785622,0.03107929,0.04249081,-0.06095913,-0.00126051
0.00112497,-0.00974525,-0.02400858,-0.07390852,-0.07525018,0.09334214,0.02068248,0.00558139,-0.02670578,0.01510316,0.02097787,-0.01881047,0.05950317,0.01270892,0.12979517,-0.05734834,-0.02770901,-0.01096941
0.02173179,-0.00693427,0.03128459,0.02570206,-0.00974751,0.12045752,0.01942349,0.00162807,-0.02266872,-0.00315316,-0.02366859,-0.00372866,-0.03382808,-0.05163109,0.00080339,0.03460883,-0.03002038,0.0056249
-0.07395411,-0.07208802,-0.01946013,-0.03785006,-0.07235911,0.07367112,0.07967845,0.00848241,0.07218208,-0.0091512,0.018982,-0.00732156,0.03618568,-0.12342318,0.08164602,0.08217817,-0.01297743,-0.0015541
-0.11631225,-0.01587243,-0.07140182,-0.05427127,-0.06614025,0.00616683,0.05442411,0.0472341,0.09318058,-0.03943693,0.0028963,-0.02104559,0.03868394,-0.00947061,0.03897297,0.00770519,0.01935037,0.01614418
0.01814476,0.04644342,-0.08213127,-0.09715724,-0.07391362,-0.00980522,-0.03495531,-0.00636113,-0.03403106,0.01170916,0.00841627,0.02109281,0.0853113,-0.00542417,0.10324687,-0.00187229,0.0331989,0.0075871
-0.02912858,-0.01673982,-0.06547506,-0.02467865,-0.05609035,0.02223041,0.00281742,0.05701453,0.05657989,-0.05285334,-0.01205886,-0.02411239,0.02861965,-0.03635821,0.02776029,0.00974633,-0.061071,0.09249563
-0.07264997,-0.0384496,-0.04293986,-0.11306672,-0.1107522,0.00510014,0.08122865,0.07026287,0.05768661,-0.08431992,0.05682097,-0.03424187,0.10990154,0.04283006,0.07557952,-0.02950493,0.01056274,0.02178216
-0.08256778,-0.01853242,-0.00520782,-0.09058681,-0.06481682,-0.00231612,0.06466299,-0.03508012,0.0528992,0.04191817,0.0246051,-0.04571192,0.03902158,0.04359081,0.11280973,-0.05740831,0.0226127,-0.04846386
0.02590728,0.06832785,-0.06685159,-0.15297787,-0.11543272,-0.00425752,-0.02734849,-0.06672729,-0.03022086,0.04785388,-0.03395938,0.0403357,0.1617784,0.06136154,0.16676488,-0.10418243,-0.02213461,-0.01140507
-0.00316282,0.05363153,-0.02580125,-0.10505964,-0.04935415,0.02829351,0.00582508,-0.0865957,-0.02319407,0.04644725,0.0662897,-0.1001645,0.09859037,0.04924331,0.11065928,-0.09685245,-0.02673416,0.00292215
-0.03199022,-0.04024077,-0.03992174,-0.1580204,-0.16458373,-0.02718189,0.06745775,-0.06620628,0.01887566,0.06954308,0.01335595,-0.01109363,0.15783636,0.07717087,0.19629825,-0.09803453,-0.00693948,0.00111802
-0.00397634,-0.00177328,-0.0396148,-0.15723933,-0.14667616,-0.00278001,-0.00501629,-0.06067161,0.02547499,0.05629307,-0.00093513,0.02442101,0.12388534,0.07639353,0.20293837,-0.09565792,-0.01203857,0.02473824
-0.04853421,-0.03581686,-0.04314464,-0.1369827,-0.12877945,0.02401255,0.09938222,-0.05131881,-0.00403075,0.04978549,0.00856946,-0.01413973,0.15892944,0.02211796,0.11754567,-0.03311745,0.00288742,-0.01122482
-0.05618733,-0.08540188,-0.01026836,-0.13965718,-0.09395553,0.03962519,0.08179454,-0.03109959,0.06786816,0.03798828,0.02824622,-0.0355274,0.0825857,0.02031746,0.18779771,-0.07430033,-0.07838303,0.06125971
-0.08738401,-0.06049184,-0.02031715,-0.09625183,-0.06630182,-0.03838122,0.08263265,-0.01052717,0.06095391,0.01304051,0.06103265,-0.07005174,0.10958006,0.09564482,0.06766415,-0.09159491,0.01254399,-0.01857277
-0.02979171,0.00019037,-0.03047548,-0.19781047,-0.07065797,-0.07810763,0.02516188,-0.07324904,0.00210915,0.08291316,0.09769187,-0.07979993,0.12211513,0.06890215,0.15757325,-0.05521805,0.0464052,-0.06201507
-0.06902222,0.0013412,-0.03985801,-0.12866987,-0.08918789,-0.06786461,0.050458,0.03407328,0.00651752,-0.00953199,0.06121861,-0.04722024,0.10453582,0.06928955,0.10770514,-0.0402464,0.01670054,0.00952609
-0.05697447,-0.01577501,-0.04138015,-0.11704954,-0.07298502,-0.06589309,0.02149426,0.04716739,0.01749612,-0.02507142,0.05941888,0.02325918,0.07658791,0.04162109,0.12403551,-0.04630336,-0.016969,0.03717935
-0.09391148,-0.02423713,-0.04982753,-0.11010189,-0.04702336,-0.02611097,0.09125997,0.00653251,0.02744664,0.02561522,0.0990253,-0.10116118,0.09454418,0.05207526,0.08074998,-0.05747907,0.03561743,-0.02842097
-0.09416175,-0.07534088,-0.01477659,-0.10917848,-0.10075786,-0.03346903,0.10426626,-0.02474966,0.06151318,0.01831765,0.0913353,-0.08374104,0.12816577,0.07992205,0.09990257,-0.11420273,-0.01190524,-0.01873682
0.01843122,-0.0094845,-0.08644068,-0.13526478,-0.11155478,0.06984379,-0.01632551,-0.0504958,-0.00962284,0.05346845,-0.01942854,0.05352664,0.12301609,0.03105209,0.15738847,-0.08562598,-0.08354128,0.03176962
-0.01786228,-0.00101201,-0.02994441,-0.09568576,-0.07278232,-0.08930148,0.00956231,0.00234598,0.03257425,0.01808125,0.07254259,-0.04254549,0.07450022,0.08798543,0.12455546,-0.10245169,0.05240931,-0.06449372
-0.0707466,-0.05893375,-0.03298712,-0.04631083,-0.01065669,0.00361786,0.06465153,-0.04769098,0.05803203,0.04097422,0.11339988,-0.05106329,0.04628838,0.00901227,0.04032982,-0.0144408,0.01107568,-0.02208988
-0.11300715,-0.09759369,0.02906536,-0.09563728,-0.06707815,0.04182649,0.1067206,0.04139416,0.13293937,-0.04350837,0.01577497,-0.03879831,0.02257879,0.05541297,0.11840486,-0.10101625,-0.04440674,0.05673303
-0.06839842,-0.05813162,0.02403458,-0.07454539,-0.05732638,0.05666762,0.04237492,0.03392765,0.10148216,-0.03525109,0.05076305,-0.01546044,0.0411416,-0.01721435,0.11303171,-0.01403809,-0.00724078,0.02215074
0.00069324,0.02263572,0.08493491,0.00598767,-0.01724497,0.02414908,-0.0101337,-0.0792968,0.05325402,0.01484747,-0.01520424,-0.01227457,-0.03927215,0.02000724,0.02129964,-0.0382065,-0.03945566,0.06062553
-0.10435766,-0.09703629,0.05648431,-0.04038365,-0.02082402,0.04746764,0.13755919,-0.02070721,0.11214733,0.0032097,0.00845758,-0.01257902,-0.00122227,0.01244686,0.05737653,-0.01936405,-0.02484832,0.05530953
-0.04690681,-0.13838367,0.03456639,-0.06663667,0.00533512,0.03238443,0.09141057,-0.05415002,0.1339963,0.01268235,0.00374911,0.0229053,0.00820743,-0.0394649,0.05285679,0.04689045,-0.02664885,0.03288987
-0.04739708,-0.05451032,0.08773799,-0.10344462,-0.12879247,0.00582134,0.03592971,-0.01003354,0.08191857,-0.02892437,0.03711588,-0.04771878,0.08623006,-0.00905703,0.14566713,0.02075448,-0.01179872,0.01886654
0.00446502,-0.0946427,0.0498605,-0.02187876,-0.01927944,0.01388018,0.06712365,0.00423808,0.07379205,0.00060438,-0.07501595,0.03504652,-0.00363401,-0.05052709,0.05127543,0.03372487,-0.00278576,-0.01801384
-0.08279295,-0.10309309,0.06179561,-0.09998133,-0.10015043,-0.00399947,0.08443097,-0.02428028,0.10897596,0.01151146,0.02576716,-0.03488621,0.08647545,0.04491635,0.08470871,-0.0310986,0.02595908,0.00654308
0.01864769,-0.00561829,-0.00459529,-0.0227231,-0.06112282,-0.006184,0.01216917,0.0032371,-0.00307668,0.01042941,0.05330251,-0.03387514,0.04681761,0.00752182,0.01760016,0.01586142,-0.05690096,0.0650963
-0.06104627,-0.05463271,0.01225607,-0.04534028,-0.02379803,0.01772233,0.06646493,-0.00717211,0.09979076,0.01709765,-0.00339617,-0.01414994,0.00664753,-0.00510809,0.06817434,0.00083385,-0.04603711,0.04171703
-0.07897399,-0.12014253,0.03799939,-0.03970276,-0.00629303,0.04245859,0.12683511,-0.00876399,0.12894324,-0.01165927,0.02356624,-0.04506604,0.01804277,-0.05349732,0.0286896,0.04034097,0.00080652,0.01094106
-0.04497467,-0.07961201,0.03284044,-0.10046965,-0.08734315,0.00449358,0.03444744,0.00123349,0.12739044,-0.02886849,-0.01337509,0.01950721,0.06007086,-0.05887893,0.12169423,0.01585598,0.0410956,-0.03012889
-0.12324248,-0.04358128,-0.01644418,-0.08430282,-0.05307439,-0.01372902,0.04747485,0.04689006,0.11035899,-0.04012577,-0.02740335,0.04762855,0.04116295,0.07809431,0.07491134,-0.06651722,-0.02866869,0.04208592
-0.08650053,0.00031467,0.04092675,-0.14402655,-0.07458645,-0.0092851,0.03581964,-0.00943304,0.05483267,-0.0005696,-0.0457081,0.05483498,0.08842167,0.04794887,0.11091956,-0.02773429,0.01586276,0.04135464
-0.01570952,0.01058695,-0.02283618,-0.08969059,-0.01983904,-0.05367529,0.01788265,-0.0300428,0.01286352,0.02162782,-0.01824486,0.00649508,0.05101524,0.05397522,0.04233361,-0.03810959,0.03258122,0.00070685
0.02553674,-0.0174513,0.10526452,-0.03480319,-0.03145033,0.03845244,0.00426892,-0.07953214,-0.00449009,0.02554385,-0.0568999,0.02162519,0.02669608,-0.02528115,0.03687557,0.037973,-0.01761159,0.03585461
-0.05065576,0.0234981,0.03491562,-0.07077472,-0.08923838,-0.01000759,0.05094163,-0.04708686,-0.03673556,0.03578021,-0.02556686,0.00762521,0.04799008,-0.01978344,0.10393174,0.01808119,-0.06673696,0.09199516
-0.05596153,-0.01783773,0.00758253,-0.04501194,-0.05647418,0.03289497,0.02050903,0.01136493,0.02730292,-0.00387174,-0.03473261,0.08785152,0.04145719,-0.03854554,0.06671076,0.00352335,-0.03840028,0.04873505
-0.07496369,-0.04233989,0.05573287,-0.07850591,-0.09676076,-0.00477416,0.02644917,0.01914697,0.07930168,-0.04895368,-0.03629216,0.03162368,0.08945978,-0.00601419,0.06392631,0.01637172,0.03285236,-0.00513647
-0.06305885,0.00457188,0.03324057,-0.10467761,-0.07016667,0.00256121,-0.00212362,0.01421487,0.06587624,-0.01997244,-0.05807789,0.06637897,0.09576663,-0.01832121,0.0784139,0.02339083,0.03238744,-0.0242236
-0.07939121,-0.07202401,0.05474194,-0.00686703,-0.03027047,0.01269156,0.02220817,-0.01494419,0.07577488,0.01053435,-0.08480679,0.10440544,0.01712733,-0.03905083,0.00198896,0.05636468,-0.04209478,0.04415046
-0.04293393,-0.01986679,-0.0086928,-0.09082163,-0.09129134,0.03392295,0.04094385,-0.01997099,0.01844128,0.01199554,0.06509604,-0.04802909,0.09423749,-0.01358051,0.09153771,-0.00776122,-0.00211019,-0.02919417
-0.00690956,-0.03682789,-0.02761648,-0.10068525,-0.0379136,-0.01167666,0.04753122,-0.04002455,-0.00625284,0.04154455,0.04157252,-0.03842907,0.04504692,0.02999503,0.07829025,-0.03636078,0.03843576,-0.02055798
0.01913529,-0.01819132,0.013412,-0.11117182,-0.1010261,0.03731193,0.02408124,-0.05456745,-0.02531459,0.06222754,0.00497593,-0.02226089,0.10360257,-0.02268406,0.08328668,0.03368198,0.00383861,0.00240385
-0.00842122,-0.01265019,0.00389478,-0.09285405,-0.12408955,0.01564885,0.02504971,-0.04755281,0.00460333,0.04351149,0.03660651,-0.01927709,0.10758591,-0.00132578,0.09467137,0.01718889,0.03038847,-0.04436741
-0.07505332,-0.03365107,-0.0280483,-0.05110076,-0.08376924,0.00551067,0.04664566,0.04210875,0.05881885,-0.03766669,0.07342102,-0.10226397,0.08479592,-0.02109364,0.04632855,0.03064508,-0.09996715,0.0273864
0.07020904,0.08518305,0.01438948,-0.12515278,-0.08933258,-0.06512554,-0.0476859,-0.07911745,-0.09339644,0.05945835,-0.00802089,0.00077354,0.13046927,0.02370544,0.04291241,0.02437767,-0.01389598,0.04089941
0.05464841,0.01003603,0.02274802,-0.02384427,-0.07775907,0.00230453,-0.00207425,-0.0585539,-0.02587482,0.05686778,-0.04657997,-0.01379917,0.07493015,-0.02147733,0.03431051,0.00042505,-0.08347953,0.06251578
-0.02549455,-0.03055341,0.02529641,-0.05011808,-0.09072377,-0.05722519,0.00910588,-0.0677324,0.05884499,0.06450395,0.01505962,-0.00926168,0.08453433,0.01865944,0.07207915,0.01415462,-0.01476724,-0.00450347
0.0347154,-0.00992651,0.00270973,-0.04766621,-0.06612766,-0.02927767,-0.0035987,-0.0499716,9.466e-05,0.04613598,0.00678299,-0.03472004,0.08796623,0.06287437,0.00357992,-0.02791925,-0.01108092,-0.0128754
0.05749689,-0.01208211,0.03998811,0.02099246,0.05082795,-0.0373826,-0.03258267,-0.03184284,0.01402487,0.02306621,-0.02498993,0.00876529,0.00078034,-0.0270998,-0.04888116,0.07049877,-0.04824013,0.02652667
0.00588345,0.03170876,0.03092072,-0.14366111,-0.14718561,-0.01689147,-0.0476464,-0.05383962,0.02238088,0.02307957,-0.00225067,0.00159208,0.14590568,0.06260533,0.11080074,-0.04736011,-0.0311383,0.0174415
-0.01204351,-0.01354246,0.00660889,0.03551216,-0.0263402,-0.03194254,0.05176781,-0.05900458,-0.02713897,0.04046125,-0.02072889,-0.00509013,0.01273988,-0.09988158,0.00335656,0.11037259,-0.12152853,0.09297726
0.07435025,0.04319175,0.00429174,-0.03517926,-0.04380696,0.03965092,-0.03166975,-0.05122852,-0.09817868,0.02155569,0.03484595,-0.05366148,0.03135149,-0.00472241,0.05572316,-0.03102316,-0.04584935,0.01313642
0.00303511,0.02829994,-0.02051156,-0.077198,-0.04226434,-0.05545039,-0.04836964,-0.06837159,0.03430433,0.02211706,-0.02150259,0.00831762,0.0926985,0.03424879,0.05449568,-0.01931766,0.01295919,-0.00437681
-0.00041321,-0.07122506,0.05450468,-0.03840474,-0.04975383,-0.0644252,0.04591878,-0.10074702,0.03208689,0.08507896,-0.00279623,-0.0213346,0.04672717,0.00845144,0.05318859,0.00528717,-0.04422775,0.02173095
0.0263743,0.06479917,0.03986751,-0.0618915,-0.00904232,-0.04183885,-0.03562572,-0.10641991,-0.04451351,0.09100506,0.01544818,-0.02412139,0.0300766,0.02107013,0.02702365,-0.03048877,0.08706744,-0.08726441
-0.06017898,-0.04075527,0.04381687,-0.09169624,-0.10739174,-0.0190889,0.07608038,-0.03484403,0.03837202,0.0167104,0.0464897,-0.10013265,0.14190077,-0.04027235,0.09315106,0.06550795,0.03274458,-0.05841917
0.06669071,0.06546256,0.03468919,-0.09786723,-0.05318504,0.01057207,-0.01974089,-0.01307926,-0.10567547,0.01136076,0.08903821,-0.05378818,0.10021668,-0.00145195,0.02757177,0.02617318,-0.00167265,0.02089186
0.0570824,0.03694646,0.01756949,-0.07042637,-0.04306839,0.04641473,-0.04130959,-0.02948016,-0.05634318,-0.0029172,0.08641579,-0.04928758,0.04471364,-0.02384263,0.0568782,0.0072974,0.0320387,-0.02413311
0.14025466,-0.07874138,-0.07224458,0.02321708,-0.1166164,-0.04497798,-0.00221531,-0.1041979,-0.05951734,0.13461195,-0.02737961,0.05205608,-0.0702773,0.00538655,0.13113916,0.04179748,-0.0393198,0.04081563
0.00143998,-0.00240073,-0.01170195,-0.07577184,-0.06554421,-0.06938221,-0.00107781,-0.06168408,0.01338127,0.07824897,-0.06071217,0.09108221,0.03698943,0.1017374,0.1047138,-0.05077892,0.08011128,-0.0176361
0.0222205,0.03661125,-0.00328913,-0.06963623,-0.03955367,-0.04265451,-0.07479845,-0.0519795,-0.01416657,0.08515103,-0.02608753,0.06374613,0.080478,0.08435723,0.04341234,-0.02171602,0.05645264,-0.03237281
0.15864369,0.03323877,0.13849588,-0.09018531,-0.11828656,-0.07218533,-0.055547,-0.13653732,-0.05883931,0.09487542,-0.39266531,0.26228214,0.10819942,-0.09920035,0.11173669,0.05144393,0.15586384,-0.10418265
-0.05936142,-0.04777988,0.05861551,-0.0865929,-0.07873617,-0.04214906,-0.03064136,0.06323347,0.11934422,-0.08488859,-0.06257812,0.0765083,0.06502991,0.01411374,0.09554764,-0.05418476,0.02909132,-0.00087989
-0.06141313,-0.07323285,-0.02961667,-0.15175745,-0.12746793,-0.00052096,0.06209476,0.00227815,0.05535536,0.01083226,0.02305106,-0.00149176,0.1682866,0.04561356,0.09792834,-0.03587043,-0.02802996,-0.00594007
-0.01756094,-0.03723327,-0.09459186,-0.03394295,-0.08099044,-0.04483544,0.04377379,-0.03896713,0.02633835,0.06666883,0.00714615,-0.01789569,0.00891654,0.01953945,0.09004746,-0.03225727,0.01176151,0.03031048
0.02238136,-0.05347767,0.01186151,-0.10602927,-0.03244062,-0.03756672,0.04990276,-0.09167319,-0.01428535,0.05801888,0.00048664,-0.00283204,0.09669267,0.0660832,0.01478381,-0.06578388,0.06920287,-0.00182118
-0.07811829,-0.11348309,-0.04066455,-0.00556541,-0.00551985,-0.01055769,0.06792745,-0.00464565,0.10202662,0.01965624,-0.01814421,0.0076757,-0.00730516,-0.03200908,-0.01371531,0.03814165,0.01047389,0.02601564
0.0356629,-0.01341597,-0.06473446,0.03251362,0.04673496,0.04029462,0.01158372,-0.0468751,-0.02241949,0.03294944,-0.04816896,0.01599296,-0.04484677,-0.03813832,0.00276099,-0.03459603,0.00035697,0.02407976
-0.03548739,-0.0524133,0.01514128,-0.02621993,-0.06177429,0.01717681,0.05272244,-0.03905428,0.02669762,0.05054163,0.0069697,-0.02555869,0.03753199,-0.01515585,0.02808969,0.0228778,0.04866851,-0.00894694
-0.16604016,-0.11218169,0.01407891,-0.08574051,0.06280029,0.0267211,0.20337012,-0.0211079,0.06068901,0.16428091,0.03321234,-0.07440626,-0.00787859,0.0566853,-0.0326258,-0.09378234,0.09123979,-0.01881139
0.05550166,0.16256717,-0.07266745,-0.12753428,-0.09030874,-0.06569509,-0.18595737,0.07271695,-0.01130668,-0.17514994,0.05402478,-0.00687679,0.06618203,0.12130392,0.10499513,-0.06901431,0.09698933,-0.01442797
-0.07570583,-0.0026519,-0.04366553,-0.09086292,-0.12202456,-0.00725323,0.05705718,0.04186672,0.03168337,0.00404094,0.07220495,-0.02349046,0.08119471,-0.07864531,0.09683644,0.01175886,0.13565438,-0.0955468
-0.0372132,-0.04492885,-0.03001457,-0.14727963,-0.08419347,-0.05888708,0.04179577,-0.04567253,0.0205229,0.0635611,0.00265736,-0.00544743,0.08291689,0.09366407,0.12366116,-0.0346301,0.09282055,-0.02239664
-0.00595348,0.0119698,-0.05193089,0.03410198,-0.0669249,0.01682339,-0.0049251,-0.02519158,0.01725124,0.01411554,0.06635691,-0.05059905,0.04902267,-0.11583425,0.01065799,0.06871282,-0.05223129,0.01033094
-0.16375854,-0.074543,-0.01742708,0.00842991,-0.03168068,-0.04900539,0.05563185,0.0274815,0.14023941,-0.03125663,0.22746744,-0.21254924,0.06714877,0.10976939,-0.05191117,-0.06388533,-0.04200233,0.01644161
-0.0066633,-0.05110574,-0.02673602,-0.06878608,-0.08271598,0.01970542,0.02594854,-0.03978965,0.05239285,0.00026899,0.01437753,-0.02905454,0.03962247,0.00098849,0.09472745,0.0396252,-0.02367491,0.05022367
-0.09750054,-0.1019842,0.0070618,-0.04686429,-0.01466634,-0.01382417,0.12559653,-0.00785337,0.07791302,-0.03906973,-0.00452446,0.03505326,0.03021027,0.03511163,0.02987892,0.012736,0.02517325,-0.0750981
-0.11387248,-0.1546532,-0.03988019,-0.06692783,-0.05013741,-0.03701869,0.15009517,-0.05125157,0.10669224,0.02422797,0.07909435,-0.00307302,0.04049993,0.04121803,0.08006442,-0.00457642,-0.01414855,-0.03508173
-0.03784662,-0.10120326,0.07876999,-0.07610368,-0.05469815,-0.07925577,0.08348744,-0.08876035,0.06300009,0.03687635,-0.02127702,0.02958424,0.06466056,0.03816563,0.08750157,0.02864914,0.10161921,-0.14515547
-0.06662265,-0.0888921,-0.01743569,-0.01724884,0.0069923,0.02252964,0.0913199,-0.05808714,0.07119994,0.02136797,0.00132275,0.06642769,-0.00525418,0.04186319,0.02065961,-0.0027592,0.06064776,-0.0831959
-0.0641394,-0.1286027,0.01819255,-0.04567985,-0.04766721,-0.00432404,0.12854241,-0.02294605,0.07156113,-0.00495603,0.00836906,0.00212859,-0.00166779,-0.01495765,0.07417428,0.04226903,0.04575216,-0.04447079
-0.08190545,-0.07963645,-0.04172049,-0.13504471,-0.15343619,-0.01521711,0.08830866,0.10947065,0.08573768,-0.06615398,0.09033324,-0.07736102,0.16756694,0.00767975,0.14945662,-0.03258306,-0.18005802,0.13174871
