apaac_0,apaac_1,apaac_2,apaac_3,apaac_4,apaac_5,apaac_6,apaac_7,apaac_8,apaac_9,apaac_10,apaac_11,apaac_12,apaac_13,apaac_14,apaac_15,apaac_16,apaac_17,apaac_18,apaac_19,apaac_20,apaac_21,apaac_22,apaac_23,apaac_24,apaac_25
0.026,0.015,0.08,0.117,0.045,0.056,0.019,0.112,0.086,0.082,0.022,0.071,0.024,0.017,0.039,0.039,0.054,0.035,0.006,0.089,0.001,0.003,-0.006,-0.016,-0.018,0.001
0.129,0.007,0.045,0.084,0.041,0.093,0.022,0.045,0.053,0.084,0.024,0.029,0.031,0.067,0.038,0.055,0.062,0.055,0.017,0.041,-0.01,-0.008,0.007,-0.011,-0.004,0.004
0.077,0.01,0.064,0.067,0.03,0.079,0.022,0.099,0.091,0.074,0.03,0.049,0.03,0.012,0.025,0.072,0.045,0.072,0.0,0.042,0.0,-0.0,0.008,-0.005,0.0,0.008
0.059,0.013,0.047,0.067,0.059,0.059,0.023,0.09,0.101,0.09,0.018,0.083,0.021,0.034,0.028,0.067,0.047,0.072,0.003,0.034,0.0,-0.001,0.009,-0.012,-0.013,0.001
0.038,0.021,0.076,0.08,0.055,0.025,0.034,0.105,0.076,0.076,0.029,0.067,0.021,0.029,0.055,0.067,0.046,0.059,0.0,0.042,-0.003,0.003,0.002,-0.002,0.002,-0.001
0.098,0.01,0.034,0.068,0.059,0.093,0.015,0.073,0.054,0.073,0.015,0.015,0.054,0.049,0.029,0.073,0.054,0.078,0.005,0.01,0.001,0.001,0.026,-0.001,-0.003,0.019
0.087,0.002,0.089,0.08,0.046,0.051,0.023,0.059,0.082,0.098,0.023,0.046,0.037,0.035,0.03,0.051,0.051,0.071,0.021,0.037,-0.007,-0.008,0.003,-0.007,-0.004,0.005
0.071,0.006,0.065,0.083,0.047,0.106,0.012,0.083,0.071,0.077,0.03,0.018,0.03,0.035,0.059,0.012,0.059,0.106,0.0,0.041,0.001,0.003,-0.006,-0.008,-0.01,0.01
0.077,0.022,0.077,0.083,0.039,0.099,0.006,0.094,0.088,0.099,0.028,0.006,0.039,0.017,0.033,0.028,0.05,0.077,0.0,0.033,-0.001,-0.007,0.01,-0.004,-0.01,0.018
0.076,0.012,0.094,0.076,0.035,0.094,0.006,0.07,0.111,0.094,0.018,0.023,0.029,0.012,0.023,0.029,0.047,0.111,0.0,0.047,-0.006,-0.004,0.005,0.0,-0.009,0.007
0.076,0.012,0.07,0.088,0.029,0.1,0.012,0.111,0.094,0.111,0.029,0.023,0.047,0.012,0.035,0.012,0.047,0.059,0.006,0.041,-0.004,-0.012,0.001,-0.008,-0.006,0.016
0.065,0.0,0.077,0.042,0.048,0.083,0.0,0.113,0.119,0.119,0.024,0.042,0.042,0.036,0.024,0.024,0.06,0.077,0.0,0.024,0.006,-0.003,0.002,-0.022,-0.021,0.02
0.074,0.0,0.079,0.04,0.045,0.04,0.006,0.096,0.113,0.119,0.023,0.034,0.057,0.034,0.028,0.062,0.045,0.079,0.0,0.034,0.003,-0.01,-0.002,-0.005,-0.006,0.013
0.099,0.016,0.038,0.038,0.06,0.049,0.011,0.066,0.077,0.132,0.016,0.066,0.038,0.066,0.027,0.038,0.049,0.071,0.0,0.027,0.007,-0.005,0.008,-0.01,-0.005,0.018
0.058,0.006,0.063,0.069,0.058,0.069,0.006,0.115,0.115,0.11,0.017,0.029,0.046,0.023,0.017,0.035,0.063,0.058,0.0,0.035,0.009,-0.008,-0.0,-0.003,-0.007,0.017
0.104,0.012,0.075,0.063,0.029,0.11,0.006,0.087,0.058,0.081,0.035,0.029,0.052,0.017,0.04,0.023,0.04,0.081,0.0,0.052,0.005,-0.002,0.002,-0.01,-0.006,0.018
0.081,0.0,0.081,0.07,0.064,0.087,0.006,0.076,0.093,0.134,0.017,0.006,0.047,0.006,0.047,0.041,0.041,0.076,0.0,0.035,-0.002,-0.013,0.002,-0.004,-0.004,0.015
0.082,0.0,0.071,0.053,0.053,0.065,0.012,0.112,0.106,0.112,0.012,0.047,0.053,0.012,0.041,0.053,0.024,0.076,0.0,0.035,-0.004,-0.003,0.002,-0.007,-0.015,0.009
0.055,0.014,0.09,0.062,0.014,0.055,0.021,0.09,0.083,0.111,0.055,0.055,0.035,0.042,0.048,0.048,0.069,0.055,0.007,0.021,-0.006,-0.012,0.004,-0.016,-0.006,0.004
0.061,0.012,0.068,0.077,0.028,0.074,0.009,0.086,0.061,0.077,0.04,0.043,0.037,0.031,0.031,0.061,0.077,0.086,0.006,0.046,0.003,-0.004,0.002,-0.008,-0.008,0.005
0.068,0.009,0.062,0.089,0.033,0.065,0.033,0.05,0.068,0.113,0.024,0.024,0.05,0.047,0.05,0.074,0.036,0.047,0.027,0.027,-0.008,0.003,0.005,-0.002,0.002,0.003
0.084,0.012,0.068,0.062,0.034,0.093,0.019,0.062,0.065,0.077,0.019,0.025,0.034,0.046,0.043,0.04,0.062,0.096,0.0,0.056,0.003,0.004,0.006,-0.009,-0.005,0.003
0.07,0.023,0.047,0.128,0.023,0.058,0.012,0.07,0.07,0.14,0.0,0.035,0.023,0.07,0.035,0.058,0.047,0.058,0.035,0.035,0.005,-0.009,0.001,-0.019,-0.018,0.0
0.095,0.006,0.058,0.075,0.036,0.097,0.017,0.081,0.095,0.081,0.022,0.056,0.025,0.019,0.028,0.053,0.039,0.07,0.0,0.039,0.0,0.001,0.017,-0.007,-0.005,0.005
0.04,0.0,0.05,0.119,0.01,0.079,0.0,0.069,0.079,0.069,0.01,0.05,0.02,0.04,0.05,0.03,0.079,0.119,0.0,0.02,0.022,0.031,0.01,-0.006,0.011,-0.0
0.052,0.0,0.052,0.126,0.01,0.115,0.0,0.073,0.105,0.094,0.01,0.0,0.031,0.031,0.042,0.021,0.042,0.147,0.0,0.031,-0.013,-0.001,0.013,0.007,0.007,0.002
0.071,0.011,0.048,0.079,0.02,0.062,0.017,0.071,0.079,0.102,0.034,0.017,0.065,0.02,0.048,0.071,0.06,0.094,0.0,0.011,0.008,0.005,0.014,-0.01,-0.005,0.007
0.071,0.016,0.052,0.071,0.016,0.074,0.016,0.08,0.091,0.074,0.03,0.03,0.052,0.025,0.041,0.063,0.052,0.107,0.0,0.016,-0.0,0.005,0.017,-0.011,-0.007,0.015
0.073,0.006,0.056,0.051,0.017,0.065,0.022,0.095,0.067,0.079,0.039,0.042,0.051,0.042,0.045,0.084,0.053,0.087,0.0,0.014,-0.002,0.001,0.016,-0.011,-0.007,0.016
0.057,0.006,0.063,0.108,0.006,0.044,0.006,0.127,0.063,0.044,0.019,0.044,0.044,0.044,0.044,0.051,0.057,0.121,0.013,0.025,-0.001,0.001,0.005,-0.001,0.004,0.003
0.141,0.009,0.088,0.071,0.035,0.044,0.018,0.124,0.079,0.053,0.079,0.035,0.026,0.062,0.035,0.026,0.035,0.079,0.0,0.009,-0.002,-0.007,0.006,-0.027,-0.026,0.005
0.041,0.016,0.057,0.098,0.008,0.041,0.025,0.057,0.074,0.106,0.057,0.016,0.049,0.066,0.057,0.025,0.098,0.123,0.008,0.016,-0.009,0.006,0.005,-0.029,-0.011,-0.001
0.086,0.0,0.082,0.041,0.033,0.08,0.012,0.084,0.069,0.063,0.031,0.057,0.043,0.035,0.035,0.065,0.059,0.106,0.002,0.02,-0.008,-0.008,0.014,-0.009,-0.008,0.015
0.117,0.0,0.063,0.08,0.03,0.063,0.02,0.07,0.05,0.073,0.053,0.067,0.03,0.03,0.053,0.043,0.047,0.083,0.0,0.033,0.0,0.002,0.009,-0.017,-0.005,0.004
0.106,0.0,0.096,0.064,0.021,0.064,0.0,0.085,0.096,0.096,0.032,0.021,0.011,0.042,0.021,0.053,0.074,0.127,0.011,0.011,-0.002,-0.017,0.013,-0.015,-0.013,0.004
0.065,0.016,0.046,0.065,0.052,0.026,0.026,0.059,0.072,0.107,0.029,0.033,0.049,0.052,0.055,0.065,0.068,0.068,0.01,0.039,-0.004,0.001,0.002,-0.005,-0.002,0.007
0.07,0.0,0.047,0.109,0.035,0.062,0.008,0.089,0.058,0.117,0.027,0.062,0.019,0.035,0.058,0.074,0.043,0.066,0.0,0.023,0.004,0.006,0.005,-0.014,-0.009,0.004
0.073,0.008,0.07,0.077,0.031,0.07,0.004,0.07,0.054,0.112,0.039,0.054,0.031,0.023,0.054,0.046,0.077,0.081,0.004,0.035,-0.003,0.006,0.005,-0.014,-0.012,0.006
0.103,0.03,0.118,0.089,0.015,0.074,0.03,0.03,0.089,0.044,0.03,0.015,0.0,0.059,0.0,0.074,0.03,0.177,0.0,0.015,-0.034,-0.023,0.008,0.011,0.004,0.015
0.055,0.005,0.055,0.051,0.032,0.101,0.037,0.106,0.069,0.069,0.014,0.051,0.032,0.037,0.06,0.032,0.06,0.092,0.005,0.032,0.008,0.007,0.01,-0.016,-0.01,0.006
0.13,0.018,0.067,0.076,0.027,0.072,0.009,0.063,0.09,0.063,0.018,0.018,0.022,0.009,0.027,0.04,0.09,0.099,0.004,0.004,-0.002,0.003,0.023,-0.001,0.007,0.025
0.06,0.028,0.037,0.096,0.041,0.05,0.009,0.101,0.133,0.069,0.014,0.064,0.014,0.018,0.018,0.083,0.055,0.096,0.0,0.023,-0.007,-0.006,0.015,-0.011,-0.009,0.008
0.068,0.004,0.083,0.06,0.038,0.054,0.028,0.073,0.069,0.085,0.038,0.071,0.039,0.049,0.028,0.053,0.043,0.043,0.034,0.047,-0.003,-0.001,-0.0,-0.003,-0.003,0.004
0.134,0.011,0.045,0.067,0.026,0.085,0.019,0.067,0.048,0.067,0.03,0.037,0.033,0.019,0.041,0.085,0.052,0.078,0.011,0.015,-0.001,-0.003,0.024,-0.004,-0.0,0.015
0.067,0.006,0.047,0.061,0.029,0.111,0.02,0.082,0.099,0.061,0.026,0.05,0.023,0.012,0.017,0.052,0.058,0.122,0.003,0.032,0.004,-0.002,0.012,-0.006,-0.003,0.015
0.077,0.017,0.049,0.054,0.032,0.073,0.015,0.094,0.084,0.079,0.019,0.06,0.026,0.047,0.017,0.043,0.062,0.09,0.002,0.039,0.008,-0.003,0.01,-0.003,-0.001,0.009
0.066,0.011,0.07,0.087,0.043,0.063,0.03,0.075,0.075,0.094,0.025,0.036,0.04,0.039,0.042,0.055,0.056,0.063,0.006,0.038,-0.005,0.0,0.002,-0.01,-0.005,0.005
0.078,0.011,0.056,0.063,0.034,0.067,0.03,0.089,0.03,0.104,0.022,0.045,0.037,0.052,0.041,0.045,0.067,0.067,0.019,0.052,0.001,-0.001,-0.001,-0.007,-0.004,0.003
0.081,0.0,0.012,0.046,0.023,0.081,0.046,0.058,0.058,0.023,0.023,0.035,0.012,0.035,0.127,0.093,0.104,0.023,0.023,0.012,0.023,0.008,0.002,0.034,0.007,0.012
0.079,0.007,0.065,0.082,0.039,0.076,0.02,0.069,0.081,0.058,0.032,0.03,0.042,0.033,0.043,0.058,0.063,0.085,0.004,0.032,-0.004,-0.002,0.005,0.0,-0.001,0.003
0.054,0.0,0.043,0.102,0.048,0.086,0.027,0.043,0.059,0.07,0.027,0.043,0.027,0.043,0.043,0.048,0.097,0.108,0.005,0.022,-0.019,-0.014,0.012,0.007,0.011,0.007
0.065,0.005,0.038,0.102,0.065,0.059,0.005,0.043,0.076,0.054,0.038,0.054,0.038,0.043,0.032,0.038,0.092,0.108,0.0,0.049,-0.018,-0.008,0.01,-0.001,0.002,0.012
0.052,0.0,0.057,0.098,0.052,0.057,0.0,0.093,0.098,0.072,0.031,0.088,0.021,0.041,0.036,0.005,0.067,0.077,0.01,0.026,0.004,0.004,0.001,0.008,0.002,-0.001
0.055,0.006,0.055,0.099,0.039,0.061,0.006,0.088,0.11,0.083,0.028,0.066,0.017,0.033,0.033,0.055,0.061,0.105,0.006,0.033,-0.014,-0.005,-0.006,-0.007,-0.0,-0.004
0.032,0.0,0.043,0.102,0.027,0.08,0.011,0.102,0.113,0.059,0.027,0.07,0.032,0.048,0.016,0.048,0.07,0.08,0.005,0.038,-0.019,-0.013,0.0,0.012,0.012,0.005
0.071,0.0,0.038,0.103,0.033,0.071,0.011,0.076,0.065,0.06,0.038,0.043,0.043,0.038,0.033,0.043,0.114,0.081,0.0,0.049,-0.021,-0.016,0.013,0.002,0.008,0.005
0.06,0.005,0.038,0.098,0.038,0.077,0.005,0.087,0.082,0.055,0.033,0.055,0.022,0.06,0.033,0.071,0.06,0.087,0.016,0.044,-0.01,-0.004,-0.003,-0.01,-0.0,-0.0
0.113,0.013,0.055,0.113,0.023,0.058,0.006,0.064,0.106,0.084,0.019,0.055,0.006,0.029,0.039,0.068,0.032,0.08,0.003,0.019,-0.005,0.016,0.01,-0.012,-0.011,0.019
0.124,0.0,0.065,0.12,0.041,0.062,0.01,0.055,0.1,0.045,0.055,0.048,0.021,0.024,0.034,0.027,0.051,0.117,0.0,0.007,-0.003,0.004,0.009,-0.017,-0.006,0.007
0.119,0.007,0.056,0.087,0.042,0.031,0.021,0.084,0.112,0.073,0.014,0.052,0.007,0.066,0.031,0.066,0.052,0.087,0.003,0.007,-0.005,-0.002,0.009,-0.019,-0.006,0.004
0.059,0.007,0.048,0.11,0.038,0.031,0.014,0.11,0.138,0.09,0.017,0.072,0.01,0.059,0.031,0.045,0.052,0.079,0.007,0.01,-0.001,0.004,-0.001,-0.018,-0.011,0.0
0.116,0.003,0.068,0.086,0.031,0.038,0.014,0.072,0.106,0.106,0.027,0.068,0.014,0.031,0.027,0.062,0.038,0.086,0.003,0.014,-0.003,0.0,0.01,-0.015,-0.008,0.006
0.099,0.01,0.061,0.096,0.038,0.051,0.003,0.068,0.14,0.058,0.027,0.048,0.014,0.044,0.027,0.061,0.038,0.099,0.007,0.007,0.0,0.01,0.003,-0.012,-0.006,0.006
0.124,0.003,0.038,0.117,0.045,0.048,0.007,0.062,0.11,0.097,0.038,0.062,0.017,0.034,0.031,0.072,0.034,0.052,0.003,0.017,-0.001,-0.004,0.006,-0.011,-0.006,0.003
0.066,0.011,0.048,0.085,0.037,0.048,0.022,0.066,0.129,0.096,0.033,0.063,0.026,0.07,0.026,0.048,0.055,0.074,0.004,0.018,0.002,0.004,0.001,-0.019,-0.014,0.0
0.074,0.003,0.07,0.087,0.034,0.06,0.013,0.077,0.097,0.084,0.027,0.057,0.023,0.034,0.037,0.044,0.06,0.101,0.003,0.007,-0.003,0.006,0.006,-0.008,-0.003,0.008
0.112,0.02,0.041,0.148,0.031,0.076,0.005,0.092,0.092,0.076,0.025,0.061,0.02,0.025,0.071,0.01,0.025,0.066,0.0,0.02,-0.003,0.011,0.01,-0.032,-0.018,0.013
0.128,0.01,0.052,0.1,0.028,0.045,0.01,0.083,0.107,0.087,0.021,0.083,0.017,0.031,0.038,0.024,0.028,0.08,0.007,0.028,0.002,0.006,0.002,-0.013,-0.009,0.004
0.059,0.012,0.075,0.09,0.039,0.059,0.02,0.071,0.047,0.079,0.024,0.047,0.028,0.047,0.059,0.059,0.024,0.079,0.024,0.051,-0.0,-0.001,-0.002,0.001,0.013,-0.002
0.091,0.0,0.069,0.08,0.036,0.055,0.018,0.062,0.062,0.087,0.015,0.047,0.044,0.029,0.055,0.062,0.087,0.044,0.025,0.033,0.003,-0.002,0.005,-0.005,0.005,-0.006
0.042,0.0,0.076,0.09,0.042,0.055,0.035,0.118,0.069,0.083,0.014,0.062,0.014,0.0,0.042,0.069,0.042,0.021,0.021,0.069,-0.009,0.015,0.002,0.011,0.015,0.003
0.107,0.006,0.051,0.075,0.03,0.062,0.024,0.058,0.073,0.09,0.039,0.064,0.041,0.039,0.03,0.056,0.06,0.062,0.009,0.015,-0.003,0.002,0.008,-0.003,-0.006,0.012
0.092,0.012,0.05,0.053,0.024,0.047,0.027,0.065,0.077,0.083,0.015,0.05,0.033,0.027,0.047,0.083,0.05,0.122,0.006,0.036,-0.004,-0.0,0.005,-0.01,-0.002,0.012
0.101,0.0,0.064,0.079,0.046,0.079,0.011,0.066,0.07,0.088,0.009,0.055,0.033,0.029,0.033,0.059,0.044,0.057,0.013,0.046,0.002,0.005,0.009,-0.003,-0.002,0.006
0.077,0.015,0.096,0.046,0.037,0.084,0.022,0.062,0.081,0.068,0.025,0.028,0.046,0.028,0.034,0.034,0.056,0.084,0.019,0.046,-0.002,-0.001,0.013,-0.003,-0.008,0.012
0.07,0.015,0.059,0.055,0.033,0.095,0.022,0.077,0.055,0.055,0.026,0.044,0.062,0.029,0.044,0.044,0.059,0.081,0.007,0.04,0.001,-0.002,0.018,-0.001,0.0,0.013
0.117,0.018,0.045,0.063,0.015,0.129,0.021,0.099,0.075,0.072,0.012,0.048,0.027,0.018,0.021,0.03,0.06,0.06,0.018,0.015,-0.001,-0.009,0.032,-0.005,-0.007,0.025
0.072,0.02,0.064,0.035,0.041,0.11,0.02,0.093,0.061,0.067,0.006,0.069,0.017,0.026,0.014,0.049,0.067,0.078,0.006,0.035,-0.002,-0.002,0.031,0.003,-0.001,0.022
0.091,0.014,0.069,0.078,0.048,0.073,0.018,0.048,0.073,0.089,0.03,0.08,0.046,0.025,0.043,0.032,0.046,0.062,0.009,0.039,-0.005,-0.006,0.0,-0.006,0.004,0.002
0.073,0.009,0.059,0.103,0.057,0.064,0.023,0.043,0.068,0.094,0.03,0.052,0.037,0.016,0.048,0.062,0.068,0.073,0.011,0.025,-0.01,-0.002,0.001,-0.009,0.005,0.001
0.069,0.002,0.066,0.08,0.041,0.08,0.025,0.05,0.094,0.077,0.032,0.028,0.032,0.021,0.053,0.052,0.066,0.073,0.011,0.036,0.002,0.011,0.01,-0.008,-0.006,0.002
0.083,0.0,0.071,0.085,0.03,0.074,0.018,0.042,0.061,0.091,0.018,0.038,0.035,0.042,0.045,0.047,0.071,0.088,0.005,0.032,0.002,0.006,0.015,-0.004,0.0,0.007
0.084,0.017,0.037,0.035,0.052,0.074,0.022,0.062,0.079,0.106,0.015,0.062,0.037,0.052,0.027,0.067,0.057,0.072,0.007,0.039,0.006,-0.003,0.008,-0.007,-0.006,0.0
0.093,0.007,0.064,0.071,0.044,0.106,0.026,0.066,0.053,0.064,0.022,0.042,0.031,0.011,0.038,0.044,0.073,0.093,0.004,0.042,0.001,-0.001,0.013,-0.009,-0.006,0.01
0.059,0.008,0.048,0.098,0.053,0.076,0.045,0.064,0.076,0.098,0.031,0.042,0.036,0.042,0.031,0.067,0.05,0.05,0.003,0.048,-0.002,0.002,0.003,-0.016,-0.012,0.0
0.076,0.003,0.067,0.108,0.032,0.06,0.029,0.057,0.067,0.073,0.025,0.022,0.057,0.038,0.038,0.048,0.044,0.07,0.013,0.057,0.008,0.012,-0.0,0.001,-0.009,0.006
0.056,0.0,0.089,0.084,0.039,0.067,0.011,0.095,0.089,0.106,0.028,0.011,0.033,0.011,0.033,0.073,0.039,0.084,0.0,0.056,0.003,-0.013,0.005,0.001,-0.004,0.005
0.022,0.006,0.061,0.123,0.028,0.084,0.022,0.089,0.101,0.129,0.011,0.039,0.039,0.0,0.034,0.045,0.05,0.095,0.0,0.045,0.002,-0.006,-0.001,-0.01,-0.008,-0.001
0.035,0.023,0.087,0.035,0.069,0.064,0.023,0.115,0.115,0.092,0.017,0.052,0.046,0.035,0.017,0.064,0.012,0.081,0.006,0.023,0.006,-0.01,-0.004,0.007,-0.0,-0.008
0.057,0.0,0.057,0.085,0.028,0.071,0.028,0.1,0.085,0.085,0.043,0.028,0.043,0.0,0.071,0.028,0.071,0.114,0.0,0.043,-0.052,-0.029,0.006,0.014,0.013,0.009
0.015,0.0,0.045,0.09,0.03,0.075,0.045,0.135,0.135,0.105,0.03,0.045,0.03,0.0,0.06,0.06,0.03,0.09,0.0,0.03,-0.04,-0.031,0.003,0.008,0.004,0.008
0.029,0.0,0.029,0.073,0.015,0.102,0.0,0.131,0.117,0.102,0.015,0.044,0.015,0.044,0.058,0.058,0.058,0.117,0.0,0.044,-0.058,-0.035,-0.003,0.024,0.017,0.007
0.04,0.0,0.066,0.066,0.04,0.079,0.026,0.079,0.106,0.145,0.04,0.053,0.04,0.04,0.092,0.013,0.013,0.079,0.0,0.013,-0.031,-0.03,-0.001,0.021,0.012,-0.001
0.014,0.0,0.072,0.058,0.014,0.058,0.058,0.144,0.144,0.086,0.058,0.029,0.029,0.014,0.058,0.086,0.029,0.058,0.0,0.029,-0.04,-0.039,0.002,0.024,0.014,0.003
0.011,0.0,0.043,0.076,0.032,0.054,0.032,0.087,0.152,0.076,0.054,0.054,0.022,0.032,0.032,0.043,0.065,0.065,0.0,0.043,-0.002,-0.002,0.002,0.018,0.017,-0.008
0.038,0.0,0.038,0.09,0.026,0.026,0.0,0.128,0.128,0.077,0.013,0.09,0.051,0.0,0.077,0.064,0.051,0.064,0.0,0.038,-0.058,-0.036,-0.008,0.053,0.044,0.004
0.014,0.0,0.068,0.055,0.014,0.096,0.027,0.082,0.068,0.096,0.055,0.068,0.027,0.027,0.082,0.041,0.068,0.096,0.0,0.027,-0.045,-0.029,0.004,0.039,0.017,0.004
0.1,0.005,0.062,0.096,0.02,0.062,0.017,0.069,0.108,0.057,0.03,0.03,0.038,0.042,0.047,0.028,0.051,0.094,0.001,0.018,-0.004,0.006,0.003,0.002,0.01,0.007
0.074,0.006,0.078,0.098,0.024,0.066,0.017,0.092,0.105,0.055,0.025,0.034,0.024,0.021,0.035,0.057,0.049,0.094,0.003,0.014,-0.01,0.006,0.006,0.006,0.014,0.009
0.078,0.002,0.055,0.075,0.027,0.077,0.019,0.066,0.073,0.055,0.023,0.09,0.034,0.061,0.055,0.035,0.058,0.075,0.001,0.011,0.003,0.001,0.009,0.008,0.003,0.007
0.086,0.0,0.058,0.088,0.024,0.066,0.018,0.064,0.09,0.053,0.016,0.054,0.034,0.043,0.057,0.047,0.059,0.082,0.002,0.009,0.0,0.011,0.008,0.006,0.01,0.012
0.074,0.0,0.062,0.051,0.017,0.081,0.02,0.056,0.057,0.057,0.019,0.117,0.029,0.048,0.062,0.055,0.064,0.078,0.001,0.016,0.005,0.001,0.01,0.01,0.001,0.008
0.091,0.004,0.057,0.081,0.021,0.077,0.016,0.074,0.081,0.059,0.02,0.077,0.047,0.032,0.048,0.043,0.059,0.084,0.001,0.014,-0.002,0.003,0.009,-0.004,-0.002,0.009
0.057,0.008,0.065,0.072,0.023,0.067,0.016,0.111,0.104,0.073,0.011,0.06,0.029,0.037,0.029,0.063,0.054,0.088,0.002,0.031,-0.004,-0.001,0.006,-0.005,-0.004,0.009
0.073,0.006,0.051,0.057,0.04,0.076,0.022,0.102,0.103,0.083,0.014,0.068,0.027,0.046,0.021,0.045,0.056,0.076,0.003,0.014,-0.005,-0.002,0.004,0.003,0.002,0.012
0.076,0.001,0.063,0.095,0.02,0.071,0.013,0.08,0.088,0.06,0.023,0.074,0.024,0.048,0.035,0.043,0.052,0.079,0.001,0.016,0.002,0.005,0.007,0.007,0.005,0.01
0.113,0.0,0.049,0.099,0.023,0.058,0.013,0.05,0.096,0.043,0.02,0.052,0.038,0.05,0.06,0.041,0.039,0.084,0.002,0.014,0.007,0.012,0.006,0.01,0.013,0.006
0.077,0.004,0.059,0.119,0.025,0.06,0.011,0.082,0.112,0.068,0.025,0.04,0.033,0.026,0.041,0.034,0.041,0.094,0.001,0.015,-0.005,0.011,0.004,0.005,0.01,0.007
0.078,0.007,0.07,0.075,0.029,0.064,0.016,0.117,0.094,0.086,0.018,0.065,0.021,0.024,0.036,0.046,0.051,0.077,0.002,0.024,-0.006,-0.003,0.006,-0.003,-0.001,0.008
0.066,0.006,0.05,0.088,0.044,0.05,0.006,0.088,0.149,0.055,0.028,0.066,0.033,0.033,0.044,0.039,0.017,0.094,0.0,0.011,-0.004,0.007,0.002,0.015,0.011,0.004
0.078,0.011,0.039,0.111,0.028,0.044,0.017,0.083,0.144,0.067,0.033,0.033,0.033,0.033,0.05,0.067,0.017,0.083,0.0,0.011,-0.015,0.004,-0.002,0.014,0.02,-0.001
0.091,0.0,0.074,0.063,0.034,0.046,0.011,0.063,0.125,0.063,0.04,0.023,0.034,0.04,0.086,0.057,0.04,0.08,0.0,0.017,-0.015,-0.0,-0.009,0.012,0.02,0.005
0.064,0.0,0.059,0.096,0.032,0.046,0.018,0.059,0.137,0.082,0.023,0.05,0.036,0.055,0.059,0.036,0.027,0.064,0.0,0.023,0.001,0.008,0.001,0.017,0.011,-0.003
0.053,0.005,0.044,0.068,0.048,0.048,0.015,0.068,0.116,0.097,0.015,0.039,0.039,0.048,0.068,0.048,0.048,0.077,0.005,0.024,0.018,0.009,-0.004,0.002,0.003,-0.001
0.038,0.0,0.076,0.085,0.028,0.052,0.014,0.08,0.175,0.099,0.009,0.052,0.028,0.047,0.052,0.019,0.033,0.028,0.0,0.024,0.009,0.022,-0.007,0.014,0.022,0.001
0.066,0.011,0.061,0.089,0.033,0.05,0.011,0.083,0.155,0.055,0.039,0.022,0.033,0.061,0.066,0.022,0.044,0.055,0.0,0.011,-0.012,0.003,-0.005,0.017,0.027,0.001
0.084,0.0,0.058,0.074,0.053,0.047,0.005,0.074,0.142,0.069,0.032,0.032,0.032,0.069,0.058,0.026,0.042,0.069,0.0,0.011,-0.015,-0.007,-0.002,0.02,0.022,0.006
0.066,0.011,0.066,0.083,0.044,0.044,0.022,0.088,0.133,0.061,0.044,0.044,0.033,0.039,0.083,0.033,0.011,0.066,0.0,0.022,-0.012,0.005,0.001,0.004,0.011,-0.004
0.054,0.005,0.07,0.065,0.022,0.038,0.011,0.103,0.135,0.054,0.027,0.081,0.022,0.038,0.065,0.027,0.032,0.07,0.005,0.038,0.003,-0.003,-0.003,0.024,0.01,0.006
0.042,0.0,0.034,0.144,0.076,0.034,0.008,0.034,0.093,0.051,0.025,0.042,0.025,0.102,0.034,0.068,0.051,0.093,0.008,0.042,-0.018,-0.022,-0.003,0.019,0.015,0.001
0.062,0.012,0.08,0.111,0.056,0.068,0.012,0.086,0.068,0.08,0.012,0.037,0.068,0.031,0.049,0.025,0.043,0.056,0.006,0.049,-0.002,-0.005,0.001,-0.006,0.005,-0.005
0.094,0.006,0.051,0.088,0.015,0.1,0.015,0.069,0.066,0.088,0.015,0.063,0.039,0.021,0.018,0.063,0.042,0.076,0.006,0.027,0.004,0.003,0.02,-0.009,-0.003,0.022
0.136,0.006,0.062,0.078,0.019,0.078,0.032,0.058,0.055,0.123,0.026,0.019,0.036,0.036,0.058,0.039,0.036,0.039,0.0,0.026,-0.005,0.002,0.014,-0.001,0.005,0.019
0.067,0.011,0.077,0.081,0.021,0.077,0.028,0.06,0.074,0.116,0.025,0.028,0.025,0.018,0.042,0.074,0.06,0.056,0.0,0.018,0.004,0.014,0.011,0.004,0.004,0.01
0.081,0.009,0.062,0.062,0.022,0.144,0.037,0.094,0.056,0.069,0.016,0.025,0.022,0.028,0.059,0.037,0.059,0.081,0.003,0.028,0.007,-0.003,0.012,-0.013,-0.006,0.007
0.102,0.009,0.08,0.056,0.031,0.12,0.034,0.068,0.037,0.083,0.028,0.034,0.025,0.022,0.053,0.046,0.043,0.086,0.0,0.028,0.0,-0.007,0.013,0.002,-0.002,0.009
0.051,0.009,0.098,0.075,0.028,0.084,0.009,0.079,0.07,0.107,0.028,0.042,0.047,0.051,0.051,0.051,0.042,0.061,0.0,0.028,-0.005,0.007,-0.0,-0.014,-0.01,0.011
0.062,0.019,0.081,0.081,0.024,0.091,0.024,0.086,0.077,0.091,0.029,0.057,0.034,0.029,0.038,0.034,0.053,0.091,0.0,0.029,-0.006,-0.007,0.006,-0.018,-0.014,0.009
0.034,0.024,0.068,0.058,0.043,0.048,0.0,0.082,0.116,0.13,0.024,0.082,0.029,0.072,0.034,0.034,0.053,0.053,0.0,0.043,-0.011,-0.008,0.003,-0.011,-0.007,0.005
0.033,0.024,0.066,0.066,0.047,0.038,0.028,0.094,0.094,0.094,0.009,0.066,0.038,0.033,0.047,0.057,0.047,0.066,0.005,0.057,0.004,0.003,0.006,-0.012,-0.016,0.006
0.048,0.029,0.057,0.038,0.053,0.048,0.01,0.096,0.081,0.115,0.014,0.077,0.038,0.067,0.038,0.043,0.062,0.077,0.0,0.034,0.005,-0.003,0.006,-0.029,-0.016,0.012
0.057,0.019,0.043,0.047,0.047,0.057,0.038,0.033,0.057,0.152,0.019,0.052,0.043,0.1,0.033,0.038,0.076,0.081,0.005,0.024,0.001,0.003,0.004,-0.021,-0.016,0.009
0.058,0.019,0.073,0.058,0.024,0.053,0.029,0.097,0.097,0.116,0.015,0.082,0.044,0.048,0.039,0.044,0.044,0.039,0.005,0.048,-0.01,-0.004,0.01,-0.019,-0.018,0.01
0.063,0.012,0.09,0.098,0.027,0.086,0.027,0.055,0.067,0.149,0.012,0.02,0.043,0.012,0.063,0.043,0.035,0.051,0.016,0.059,-0.007,0.0,-0.0,-0.008,-0.01,0.0
0.089,0.006,0.061,0.058,0.037,0.08,0.031,0.095,0.052,0.067,0.028,0.049,0.031,0.04,0.04,0.043,0.058,0.074,0.006,0.031,0.005,-0.0,0.005,0.0,0.002,0.013
0.088,0.009,0.055,0.067,0.037,0.091,0.03,0.07,0.073,0.076,0.018,0.055,0.03,0.027,0.018,0.046,0.046,0.094,0.006,0.037,0.006,0.004,0.011,-0.003,-0.003,0.01
0.092,0.003,0.076,0.07,0.024,0.083,0.024,0.067,0.076,0.07,0.037,0.034,0.049,0.028,0.028,0.052,0.046,0.095,0.012,0.021,0.002,-0.001,0.007,-0.005,-0.002,0.011
0.099,0.005,0.061,0.083,0.024,0.083,0.011,0.056,0.051,0.112,0.029,0.037,0.048,0.021,0.064,0.056,0.04,0.072,0.005,0.019,0.004,0.005,0.018,-0.007,-0.01,0.014
0.102,0.008,0.063,0.073,0.026,0.071,0.021,0.058,0.05,0.089,0.024,0.031,0.037,0.016,0.06,0.078,0.05,0.073,0.005,0.026,0.012,0.005,0.026,-0.006,-0.01,0.013
0.103,0.003,0.054,0.1,0.043,0.068,0.016,0.046,0.06,0.103,0.027,0.041,0.041,0.022,0.049,0.076,0.038,0.079,0.005,0.016,0.004,0.002,0.018,-0.016,-0.011,0.013
0.096,0.003,0.068,0.085,0.025,0.085,0.008,0.068,0.079,0.091,0.031,0.042,0.037,0.008,0.048,0.065,0.04,0.091,0.006,0.034,0.0,-0.001,0.016,-0.016,-0.014,0.005
0.101,0.006,0.063,0.066,0.032,0.075,0.023,0.075,0.072,0.112,0.032,0.037,0.043,0.032,0.037,0.063,0.046,0.052,0.003,0.023,0.002,0.002,0.012,-0.012,-0.012,0.017
0.067,0.004,0.053,0.106,0.014,0.071,0.019,0.065,0.08,0.12,0.025,0.028,0.042,0.034,0.065,0.042,0.055,0.07,0.004,0.027,-0.005,0.012,0.004,-0.008,-0.001,0.008
0.047,0.004,0.059,0.091,0.03,0.059,0.011,0.095,0.104,0.097,0.018,0.049,0.038,0.035,0.048,0.059,0.054,0.071,0.003,0.032,-0.003,0.005,0.007,-0.013,-0.011,0.01
0.077,0.0,0.057,0.077,0.041,0.045,0.029,0.114,0.077,0.081,0.033,0.086,0.029,0.049,0.033,0.024,0.065,0.041,0.004,0.041,-0.005,-0.002,0.003,-0.006,0.0,0.007
0.088,0.004,0.08,0.082,0.058,0.064,0.018,0.052,0.05,0.084,0.03,0.038,0.038,0.032,0.05,0.058,0.048,0.054,0.03,0.052,-0.001,-0.005,0.005,-0.006,-0.013,0.006
0.095,0.0,0.055,0.074,0.034,0.084,0.029,0.076,0.071,0.113,0.016,0.029,0.032,0.029,0.018,0.079,0.066,0.066,0.003,0.032,0.003,-0.002,0.016,-0.01,-0.014,0.008
0.09,0.012,0.067,0.087,0.022,0.077,0.02,0.085,0.06,0.067,0.015,0.03,0.042,0.035,0.06,0.052,0.067,0.07,0.002,0.035,0.003,0.003,0.002,-0.013,-0.002,0.01
0.049,0.024,0.054,0.051,0.049,0.073,0.024,0.078,0.07,0.103,0.011,0.073,0.032,0.049,0.027,0.081,0.051,0.087,0.014,0.035,-0.001,-0.007,-0.004,-0.019,-0.008,0.003
0.051,0.008,0.089,0.043,0.051,0.076,0.016,0.108,0.092,0.076,0.022,0.07,0.03,0.032,0.032,0.086,0.043,0.054,0.005,0.03,-0.005,-0.005,0.001,-0.01,-0.006,0.009
0.039,0.004,0.057,0.092,0.071,0.028,0.039,0.074,0.088,0.155,0.021,0.078,0.025,0.032,0.032,0.092,0.028,0.035,0.0,0.039,-0.006,0.003,0.001,-0.015,-0.01,0.0
0.067,0.008,0.051,0.085,0.057,0.095,0.039,0.059,0.057,0.082,0.021,0.041,0.046,0.021,0.036,0.069,0.057,0.067,0.008,0.039,0.002,-0.005,0.002,-0.003,-0.004,0.005
0.081,0.007,0.067,0.081,0.063,0.074,0.011,0.102,0.084,0.081,0.032,0.056,0.018,0.035,0.028,0.035,0.053,0.063,0.0,0.042,-0.005,-0.003,0.013,-0.006,-0.009,0.0
0.048,0.007,0.07,0.07,0.065,0.046,0.022,0.07,0.065,0.099,0.027,0.056,0.027,0.036,0.039,0.08,0.061,0.051,0.005,0.056,0.008,0.01,0.0,-0.013,-0.011,0.004
0.043,0.004,0.085,0.079,0.041,0.063,0.025,0.059,0.072,0.063,0.041,0.052,0.041,0.043,0.05,0.061,0.032,0.059,0.031,0.063,0.005,0.001,-0.0,-0.006,-0.009,-0.0
0.029,0.0,0.082,0.091,0.031,0.067,0.02,0.062,0.076,0.069,0.044,0.051,0.058,0.025,0.06,0.051,0.042,0.062,0.031,0.071,-0.006,-0.002,0.003,-0.008,-0.007,-0.001
0.032,0.006,0.045,0.09,0.013,0.045,0.019,0.032,0.097,0.193,0.039,0.026,0.026,0.058,0.032,0.058,0.071,0.019,0.006,0.039,0.021,0.018,0.007,0.001,0.007,-0.001
0.062,0.003,0.064,0.087,0.049,0.072,0.036,0.051,0.067,0.072,0.023,0.044,0.059,0.028,0.038,0.059,0.049,0.072,0.018,0.036,-0.004,0.009,0.003,-0.001,-0.004,0.008
0.066,0.003,0.056,0.048,0.043,0.083,0.028,0.063,0.03,0.076,0.03,0.058,0.073,0.048,0.045,0.068,0.05,0.068,0.023,0.03,-0.006,-0.001,0.017,-0.004,-0.004,0.008
0.058,0.001,0.048,0.104,0.04,0.047,0.01,0.098,0.108,0.114,0.009,0.07,0.011,0.057,0.032,0.073,0.051,0.05,0.001,0.015,-0.008,-0.003,0.008,-0.002,0.002,0.008
0.071,0.004,0.05,0.086,0.038,0.052,0.014,0.067,0.088,0.131,0.015,0.063,0.018,0.066,0.036,0.062,0.055,0.054,0.004,0.028,-0.008,-0.002,0.005,-0.004,-0.002,0.007
0.092,0.009,0.037,0.083,0.028,0.097,0.042,0.097,0.055,0.065,0.014,0.032,0.069,0.037,0.037,0.046,0.051,0.069,0.009,0.023,-0.002,0.008,0.025,-0.016,-0.01,0.002
0.085,0.005,0.08,0.033,0.038,0.066,0.047,0.099,0.038,0.085,0.014,0.057,0.066,0.047,0.028,0.047,0.066,0.066,0.005,0.028,-0.005,-0.004,0.013,-0.011,-0.001,0.008
0.13,0.019,0.069,0.042,0.046,0.074,0.028,0.088,0.056,0.06,0.032,0.042,0.065,0.046,0.032,0.028,0.056,0.065,0.0,0.019,-0.004,-0.001,0.017,-0.009,-0.001,0.003
0.084,0.0,0.06,0.101,0.058,0.041,0.038,0.036,0.058,0.104,0.02,0.058,0.019,0.046,0.034,0.063,0.065,0.063,0.009,0.07,-0.004,-0.001,-0.003,-0.012,-0.01,0.002
0.061,0.007,0.094,0.058,0.061,0.056,0.02,0.054,0.092,0.079,0.029,0.074,0.04,0.038,0.034,0.058,0.04,0.063,0.02,0.029,0.001,0.004,0.006,-0.014,-0.001,-0.002
0.1,0.0,0.075,0.093,0.064,0.039,0.016,0.056,0.09,0.097,0.018,0.054,0.041,0.033,0.028,0.069,0.052,0.043,0.021,0.036,-0.008,-0.001,0.002,-0.007,-0.011,0.0
0.069,0.002,0.067,0.092,0.04,0.082,0.022,0.084,0.069,0.069,0.035,0.059,0.047,0.04,0.025,0.042,0.074,0.057,0.0,0.04,-0.013,-0.005,0.005,-0.004,-0.002,0.003
0.063,0.007,0.085,0.09,0.051,0.078,0.034,0.054,0.066,0.076,0.039,0.056,0.041,0.034,0.039,0.044,0.044,0.063,0.0,0.041,-0.012,-0.004,0.002,0.003,0.002,0.002
0.068,0.001,0.075,0.071,0.055,0.048,0.024,0.055,0.073,0.114,0.02,0.058,0.031,0.037,0.038,0.061,0.054,0.056,0.021,0.039,-0.005,-0.004,-0.001,0.004,0.004,0.005
0.03,0.022,0.069,0.082,0.034,0.099,0.03,0.082,0.112,0.125,0.022,0.043,0.026,0.013,0.047,0.026,0.047,0.065,0.009,0.043,-0.005,-0.002,0.003,-0.016,-0.016,0.011
0.046,0.019,0.065,0.073,0.042,0.073,0.031,0.058,0.088,0.092,0.031,0.035,0.046,0.023,0.054,0.027,0.084,0.069,0.015,0.038,-0.004,-0.004,0.009,-0.004,-0.011,0.006
0.073,0.009,0.052,0.052,0.049,0.073,0.009,0.073,0.111,0.113,0.019,0.057,0.016,0.045,0.012,0.078,0.045,0.075,0.005,0.014,0.003,-0.002,0.015,-0.003,-0.008,0.015
0.073,0.004,0.056,0.108,0.032,0.083,0.015,0.082,0.075,0.082,0.025,0.025,0.035,0.039,0.051,0.059,0.045,0.087,0.001,0.011,-0.003,0.01,0.009,-0.014,-0.001,0.008
0.108,0.01,0.06,0.105,0.025,0.041,0.013,0.07,0.083,0.105,0.016,0.06,0.022,0.035,0.022,0.041,0.051,0.092,0.0,0.022,0.005,-0.001,0.011,-0.003,-0.002,0.009
0.072,0.008,0.045,0.062,0.031,0.087,0.027,0.056,0.08,0.097,0.029,0.029,0.043,0.039,0.031,0.072,0.062,0.068,0.006,0.025,0.006,0.006,0.014,-0.006,-0.002,0.013
0.077,0.005,0.082,0.079,0.052,0.048,0.014,0.102,0.104,0.111,0.025,0.041,0.021,0.05,0.027,0.068,0.041,0.05,0.002,0.025,-0.008,-0.003,0.005,-0.016,-0.006,0.004
0.071,0.005,0.061,0.054,0.05,0.057,0.011,0.084,0.103,0.109,0.032,0.059,0.025,0.054,0.027,0.059,0.059,0.068,0.005,0.029,-0.004,-0.005,0.006,-0.012,-0.008,0.003
0.079,0.007,0.053,0.099,0.053,0.059,0.033,0.072,0.053,0.118,0.033,0.046,0.033,0.053,0.02,0.059,0.026,0.053,0.0,0.013,0.006,0.011,0.011,0.009,-0.002,0.005
0.08,0.0,0.068,0.056,0.037,0.037,0.025,0.093,0.068,0.074,0.037,0.037,0.031,0.037,0.068,0.086,0.049,0.111,0.006,0.006,-0.009,-0.005,0.019,-0.012,-0.009,0.009
0.051,0.006,0.07,0.058,0.064,0.089,0.019,0.07,0.102,0.083,0.019,0.051,0.038,0.026,0.006,0.051,0.064,0.109,0.006,0.0,-0.002,-0.002,0.01,-0.004,-0.005,0.019
0.16,0.0,0.034,0.08,0.023,0.08,0.011,0.08,0.091,0.08,0.046,0.034,0.023,0.023,0.011,0.068,0.091,0.057,0.0,0.011,-0.015,-0.008,0.015,-0.0,-0.015,0.02
0.089,0.0,0.044,0.111,0.011,0.1,0.011,0.089,0.089,0.078,0.033,0.011,0.011,0.033,0.011,0.078,0.067,0.078,0.0,0.033,0.004,0.01,0.007,-0.002,-0.005,0.007
0.16,0.0,0.057,0.034,0.023,0.057,0.011,0.148,0.091,0.046,0.046,0.057,0.011,0.068,0.011,0.068,0.08,0.034,0.0,0.0,-0.008,0.0,0.005,-0.001,-0.001,0.0
0.138,0.0,0.069,0.095,0.035,0.052,0.026,0.052,0.052,0.078,0.078,0.035,0.0,0.069,0.035,0.017,0.069,0.052,0.0,0.017,0.009,0.002,0.009,-0.003,0.006,0.01
0.133,0.01,0.048,0.105,0.019,0.076,0.048,0.048,0.057,0.124,0.057,0.019,0.01,0.019,0.038,0.067,0.048,0.048,0.0,0.029,0.01,0.005,-0.001,-0.013,-0.01,0.01
0.088,0.027,0.034,0.135,0.034,0.068,0.014,0.088,0.054,0.088,0.027,0.054,0.02,0.054,0.014,0.034,0.041,0.088,0.0,0.02,0.002,0.021,0.008,-0.009,-0.003,-0.002
0.096,0.0,0.075,0.103,0.034,0.075,0.021,0.075,0.062,0.068,0.014,0.062,0.014,0.041,0.014,0.062,0.041,0.109,0.007,0.007,0.0,0.011,0.007,-0.009,-0.004,0.016
0.082,0.014,0.109,0.054,0.048,0.075,0.02,0.088,0.061,0.075,0.02,0.041,0.034,0.068,0.014,0.027,0.034,0.102,0.0,0.02,-0.005,0.017,0.009,-0.005,-0.003,0.003
0.072,0.008,0.072,0.112,0.027,0.054,0.013,0.064,0.086,0.075,0.032,0.051,0.019,0.032,0.056,0.054,0.046,0.059,0.005,0.027,-0.011,0.003,0.012,0.01,0.013,0.01
0.068,0.0,0.09,0.098,0.022,0.055,0.025,0.052,0.063,0.074,0.038,0.049,0.019,0.052,0.065,0.057,0.046,0.074,0.003,0.033,-0.006,0.004,0.011,0.001,0.0,0.008
0.076,0.0,0.084,0.114,0.016,0.06,0.016,0.057,0.065,0.082,0.033,0.043,0.024,0.033,0.076,0.046,0.057,0.054,0.003,0.033,-0.011,0.006,0.008,0.005,0.005,0.014
0.08,0.0,0.062,0.104,0.027,0.051,0.019,0.078,0.094,0.078,0.024,0.056,0.016,0.054,0.051,0.04,0.056,0.067,0.008,0.027,-0.014,-0.002,0.005,0.002,0.005,0.013
0.079,0.005,0.06,0.104,0.025,0.044,0.022,0.074,0.085,0.082,0.041,0.058,0.027,0.038,0.052,0.055,0.041,0.06,0.005,0.027,-0.01,-0.004,0.011,0.003,0.005,0.008
0.061,0.008,0.042,0.103,0.039,0.039,0.019,0.072,0.097,0.103,0.011,0.072,0.031,0.055,0.042,0.058,0.05,0.075,0.006,0.014,-0.015,-0.004,0.008,0.003,0.005,0.008
0.047,0.003,0.047,0.118,0.022,0.052,0.019,0.077,0.102,0.088,0.03,0.063,0.025,0.025,0.047,0.074,0.047,0.063,0.005,0.033,-0.008,0.001,0.003,0.001,0.008,0.008
0.053,0.003,0.053,0.105,0.025,0.053,0.014,0.094,0.103,0.094,0.022,0.047,0.019,0.036,0.042,0.105,0.044,0.047,0.003,0.033,-0.013,-0.001,0.01,-0.002,0.0,0.011
0.065,0.0,0.074,0.123,0.014,0.06,0.019,0.06,0.079,0.082,0.022,0.038,0.022,0.046,0.052,0.071,0.052,0.063,0.0,0.035,-0.013,0.001,0.011,0.006,0.009,0.01
0.081,0.0,0.07,0.113,0.013,0.056,0.016,0.054,0.067,0.067,0.035,0.032,0.019,0.056,0.062,0.048,0.054,0.083,0.003,0.035,-0.01,0.003,0.014,0.004,0.011,0.013
0.058,0.006,0.072,0.114,0.028,0.061,0.028,0.053,0.064,0.1,0.033,0.044,0.025,0.047,0.067,0.067,0.055,0.05,0.011,0.033,-0.016,-0.01,-0.006,0.003,0.008,0.006
0.071,0.0,0.077,0.108,0.028,0.079,0.017,0.048,0.045,0.094,0.06,0.051,0.02,0.057,0.06,0.062,0.043,0.062,0.014,0.04,-0.02,-0.013,-0.004,-0.008,0.005,0.005
0.101,0.0,0.084,0.075,0.028,0.07,0.036,0.039,0.042,0.084,0.031,0.039,0.031,0.064,0.061,0.053,0.045,0.061,0.014,0.039,-0.008,-0.011,0.007,0.005,0.011,-0.001
0.06,0.002,0.062,0.095,0.062,0.075,0.014,0.064,0.064,0.077,0.035,0.045,0.041,0.05,0.05,0.05,0.056,0.068,0.008,0.037,-0.001,0.004,0.005,-0.011,-0.008,-0.002
0.052,0.006,0.072,0.087,0.07,0.056,0.023,0.072,0.07,0.081,0.035,0.05,0.035,0.044,0.043,0.046,0.054,0.073,0.012,0.027,-0.001,-0.0,0.006,-0.009,-0.004,0.001
0.092,0.0,0.086,0.108,0.005,0.032,0.0,0.07,0.092,0.097,0.016,0.032,0.038,0.043,0.092,0.043,0.07,0.059,0.0,0.016,0.001,0.018,0.003,-0.021,0.006,-0.001
0.058,0.0,0.048,0.154,0.038,0.038,0.019,0.067,0.086,0.067,0.029,0.048,0.058,0.019,0.038,0.058,0.048,0.067,0.029,0.029,-0.005,0.003,-0.0,-0.012,0.014,0.001
0.044,0.015,0.088,0.044,0.039,0.128,0.01,0.069,0.069,0.088,0.025,0.059,0.015,0.029,0.049,0.059,0.039,0.064,0.01,0.029,-0.001,-0.002,0.022,-0.001,0.0,0.012
0.084,0.0,0.045,0.09,0.028,0.079,0.019,0.042,0.04,0.13,0.012,0.017,0.045,0.039,0.088,0.048,0.051,0.091,0.012,0.022,-0.002,0.005,0.012,-0.003,-0.006,0.012
0.093,0.008,0.058,0.07,0.023,0.046,0.035,0.093,0.066,0.097,0.031,0.035,0.046,0.027,0.05,0.066,0.043,0.074,0.004,0.039,-0.003,-0.001,-0.002,-0.002,-0.004,0.008
0.048,0.005,0.096,0.086,0.054,0.032,0.059,0.064,0.07,0.139,0.038,0.048,0.016,0.043,0.038,0.064,0.048,0.038,0.011,0.032,-0.005,-0.015,-0.0,-0.008,-0.002,0.0
0.04,0.018,0.075,0.075,0.049,0.057,0.035,0.093,0.08,0.093,0.013,0.04,0.031,0.04,0.062,0.027,0.044,0.062,0.009,0.031,0.015,0.01,-0.007,0.003,0.001,0.006
0.072,0.013,0.059,0.081,0.085,0.064,0.042,0.072,0.051,0.106,0.025,0.021,0.064,0.076,0.042,0.059,0.03,0.034,0.008,0.017,0.001,0.005,-0.001,-0.015,-0.006,-0.005
0.077,0.005,0.063,0.096,0.042,0.086,0.02,0.052,0.069,0.076,0.027,0.05,0.03,0.035,0.042,0.049,0.051,0.096,0.009,0.025,-0.003,0.003,0.01,-0.012,-0.011,0.012
0.044,0.017,0.066,0.103,0.043,0.08,0.018,0.083,0.105,0.07,0.027,0.056,0.019,0.018,0.044,0.057,0.05,0.068,0.006,0.029,-0.006,0.008,0.006,-0.012,-0.002,0.001
0.067,0.014,0.062,0.112,0.042,0.084,0.016,0.06,0.091,0.088,0.025,0.057,0.02,0.016,0.043,0.049,0.045,0.076,0.006,0.024,-0.007,0.006,0.006,-0.006,0.0,0.006
0.056,0.013,0.057,0.109,0.04,0.086,0.018,0.095,0.107,0.084,0.017,0.051,0.022,0.023,0.04,0.054,0.041,0.065,0.006,0.024,-0.009,0.006,0.007,-0.014,-0.007,0.007
0.087,0.001,0.064,0.098,0.04,0.08,0.024,0.062,0.066,0.084,0.023,0.044,0.035,0.041,0.041,0.04,0.054,0.082,0.011,0.026,-0.005,0.0,0.009,-0.011,-0.01,0.013
0.079,0.003,0.085,0.076,0.042,0.075,0.026,0.06,0.088,0.079,0.021,0.046,0.035,0.043,0.036,0.044,0.049,0.076,0.01,0.024,-0.001,0.005,0.009,-0.009,-0.006,0.007
0.086,0.002,0.06,0.095,0.044,0.079,0.022,0.061,0.07,0.09,0.022,0.04,0.035,0.038,0.037,0.055,0.055,0.082,0.009,0.024,-0.005,-0.001,0.01,-0.013,-0.009,0.009
0.044,0.01,0.059,0.064,0.068,0.043,0.021,0.085,0.095,0.104,0.003,0.088,0.025,0.054,0.036,0.06,0.058,0.052,0.01,0.037,-0.002,-0.003,0.007,-0.01,-0.009,-0.001
0.038,0.007,0.075,0.07,0.056,0.049,0.015,0.089,0.103,0.089,0.011,0.086,0.024,0.044,0.039,0.052,0.067,0.057,0.01,0.041,-0.002,0.001,0.001,-0.012,-0.012,0.002
0.069,0.001,0.066,0.09,0.045,0.072,0.02,0.07,0.07,0.069,0.033,0.059,0.032,0.046,0.042,0.053,0.057,0.077,0.008,0.031,-0.008,0.001,0.006,-0.008,-0.008,0.007
0.067,0.013,0.07,0.105,0.037,0.083,0.014,0.081,0.093,0.082,0.015,0.033,0.024,0.024,0.052,0.054,0.043,0.082,0.008,0.032,-0.006,0.007,0.005,-0.016,-0.01,0.008
0.074,0.006,0.074,0.1,0.054,0.063,0.015,0.08,0.093,0.071,0.026,0.056,0.028,0.028,0.05,0.043,0.048,0.045,0.013,0.041,-0.004,0.008,-0.0,-0.01,-0.009,0.007
0.094,0.005,0.073,0.089,0.066,0.06,0.023,0.055,0.069,0.066,0.023,0.06,0.025,0.037,0.046,0.055,0.055,0.073,0.016,0.037,-0.012,-0.006,0.005,-0.015,-0.005,0.005
0.113,0.006,0.081,0.064,0.051,0.058,0.024,0.058,0.062,0.062,0.017,0.047,0.034,0.047,0.049,0.03,0.079,0.071,0.011,0.041,-0.005,0.004,0.007,-0.009,-0.005,0.002
0.074,0.004,0.089,0.096,0.056,0.054,0.026,0.072,0.069,0.089,0.022,0.054,0.026,0.033,0.059,0.037,0.059,0.054,0.011,0.039,-0.011,0.006,0.001,-0.011,-0.009,0.002
0.057,0.012,0.052,0.04,0.048,0.045,0.043,0.081,0.098,0.124,0.017,0.06,0.036,0.081,0.029,0.05,0.043,0.067,0.026,0.033,-0.005,-0.006,-0.002,-0.019,-0.007,-0.0
0.079,0.004,0.088,0.079,0.043,0.054,0.026,0.073,0.069,0.081,0.026,0.056,0.028,0.034,0.054,0.047,0.051,0.06,0.015,0.036,-0.002,0.008,-0.005,-0.006,-0.002,0.005
0.07,0.004,0.079,0.084,0.048,0.055,0.033,0.086,0.066,0.066,0.022,0.07,0.035,0.037,0.053,0.051,0.04,0.066,0.011,0.048,-0.007,-0.003,0.0,-0.012,-0.007,0.002
0.083,0.007,0.083,0.085,0.06,0.067,0.025,0.074,0.076,0.06,0.028,0.06,0.023,0.03,0.039,0.048,0.055,0.074,0.016,0.037,-0.013,-0.007,0.001,-0.008,-0.01,0.006
0.071,0.004,0.075,0.101,0.045,0.045,0.024,0.073,0.103,0.081,0.026,0.056,0.03,0.015,0.051,0.041,0.045,0.051,0.015,0.049,-0.006,0.007,-0.004,0.0,-0.004,0.005
0.038,0.007,0.075,0.056,0.038,0.042,0.033,0.11,0.106,0.115,0.026,0.113,0.019,0.035,0.019,0.035,0.031,0.049,0.016,0.061,-0.003,-0.001,0.001,-0.011,-0.006,-0.003
0.083,0.003,0.067,0.088,0.057,0.074,0.021,0.045,0.066,0.121,0.033,0.038,0.029,0.045,0.064,0.042,0.038,0.061,0.009,0.024,-0.006,-0.002,0.001,-0.006,-0.003,0.008
0.068,0.005,0.075,0.088,0.057,0.072,0.017,0.045,0.067,0.115,0.027,0.025,0.04,0.042,0.058,0.048,0.047,0.067,0.005,0.025,-0.007,-0.002,0.006,-0.0,0.002,0.009
0.056,0.01,0.073,0.1,0.061,0.078,0.012,0.062,0.081,0.101,0.035,0.037,0.04,0.03,0.056,0.037,0.047,0.059,0.007,0.025,-0.007,0.0,-0.0,-0.007,-0.001,0.007
0.082,0.002,0.08,0.082,0.052,0.06,0.01,0.05,0.077,0.107,0.022,0.038,0.033,0.037,0.052,0.047,0.057,0.063,0.008,0.027,-0.002,-0.001,0.006,0.001,0.001,0.01
0.084,0.002,0.092,0.064,0.057,0.075,0.017,0.052,0.057,0.087,0.027,0.035,0.044,0.05,0.057,0.04,0.05,0.062,0.01,0.04,-0.004,-0.002,0.003,-0.004,-0.003,0.011
0.087,0.003,0.07,0.092,0.055,0.069,0.012,0.059,0.072,0.1,0.018,0.039,0.042,0.028,0.052,0.039,0.052,0.064,0.007,0.03,-0.006,0.003,0.004,-0.0,0.004,0.006
0.055,0.006,0.059,0.087,0.057,0.034,0.015,0.093,0.08,0.11,0.021,0.076,0.028,0.059,0.047,0.055,0.038,0.055,0.006,0.04,-0.005,-0.008,0.004,-0.012,0.0,-0.002
0.041,0.007,0.059,0.081,0.072,0.05,0.005,0.093,0.098,0.083,0.022,0.069,0.035,0.033,0.043,0.06,0.041,0.062,0.005,0.04,-0.001,-0.001,0.002,-0.008,0.001,0.006
0.056,0.007,0.061,0.061,0.054,0.05,0.023,0.057,0.079,0.109,0.025,0.052,0.048,0.054,0.052,0.041,0.052,0.073,0.013,0.03,-0.007,-0.004,0.003,0.001,0.002,0.006
0.065,0.002,0.082,0.079,0.044,0.065,0.017,0.059,0.065,0.112,0.027,0.033,0.039,0.044,0.059,0.064,0.044,0.054,0.007,0.032,-0.008,0.003,0.005,0.003,0.002,0.006
0.068,0.005,0.07,0.095,0.051,0.07,0.012,0.049,0.066,0.095,0.026,0.036,0.039,0.043,0.058,0.032,0.065,0.083,0.007,0.031,-0.007,-0.001,0.003,-0.002,-0.0,0.006
0.052,0.005,0.069,0.1,0.055,0.067,0.015,0.065,0.081,0.105,0.031,0.031,0.043,0.031,0.067,0.048,0.036,0.082,0.007,0.027,-0.008,-0.003,0.0,-0.009,-0.003,0.005
0.047,0.005,0.073,0.062,0.064,0.047,0.01,0.085,0.083,0.109,0.023,0.066,0.036,0.042,0.052,0.045,0.05,0.057,0.007,0.038,-0.006,-0.003,-0.001,-0.002,0.003,0.007
0.058,0.006,0.055,0.104,0.051,0.07,0.021,0.079,0.083,0.087,0.023,0.03,0.038,0.03,0.066,0.047,0.058,0.06,0.011,0.047,-0.002,0.006,-0.003,-0.018,-0.008,-0.0
0.04,0.006,0.06,0.111,0.053,0.064,0.021,0.091,0.098,0.089,0.03,0.03,0.051,0.021,0.066,0.043,0.038,0.06,0.013,0.047,-0.006,0.007,-0.003,-0.014,-0.008,-0.006
0.086,0.002,0.05,0.109,0.04,0.073,0.023,0.059,0.065,0.098,0.025,0.031,0.04,0.052,0.05,0.054,0.033,0.073,0.015,0.036,-0.006,0.001,-0.003,-0.003,-0.001,-0.001
0.075,0.006,0.06,0.108,0.046,0.066,0.025,0.056,0.07,0.099,0.021,0.021,0.048,0.056,0.06,0.041,0.037,0.064,0.012,0.041,-0.004,0.007,-0.005,-0.01,0.0,-0.001
0.076,0.006,0.074,0.107,0.043,0.054,0.02,0.061,0.098,0.07,0.033,0.035,0.046,0.018,0.048,0.052,0.043,0.057,0.009,0.059,0.001,0.008,0.002,-0.012,-0.005,-0.003
0.042,0.011,0.067,0.097,0.044,0.067,0.034,0.082,0.093,0.103,0.023,0.057,0.044,0.017,0.036,0.057,0.05,0.042,0.011,0.05,-0.004,-0.003,-0.001,-0.008,-0.01,-0.001
0.074,0.006,0.064,0.096,0.034,0.07,0.026,0.068,0.08,0.082,0.034,0.032,0.038,0.044,0.05,0.05,0.05,0.05,0.014,0.038,0.001,0.004,-0.001,-0.008,0.001,0.007
0.077,0.0,0.071,0.083,0.046,0.06,0.024,0.073,0.091,0.075,0.038,0.034,0.044,0.042,0.052,0.046,0.048,0.046,0.014,0.034,0.0,0.004,-0.006,-0.003,0.006,-0.001
0.067,0.006,0.061,0.102,0.049,0.061,0.022,0.061,0.079,0.092,0.026,0.043,0.047,0.037,0.045,0.053,0.037,0.067,0.014,0.031,0.001,0.005,-0.004,-0.005,0.004,-0.001
0.051,0.008,0.062,0.072,0.047,0.041,0.027,0.091,0.095,0.122,0.014,0.08,0.039,0.041,0.035,0.056,0.033,0.045,0.012,0.054,-0.0,0.004,-0.005,-0.01,-0.011,-0.003
0.066,0.006,0.049,0.066,0.066,0.051,0.028,0.098,0.096,0.111,0.006,0.083,0.028,0.049,0.04,0.045,0.049,0.043,0.011,0.04,-0.004,0.0,-0.001,-0.011,-0.007,-0.008
0.054,0.01,0.058,0.071,0.066,0.046,0.015,0.102,0.114,0.085,0.021,0.077,0.046,0.027,0.029,0.066,0.048,0.042,0.008,0.027,0.002,0.003,-0.003,-0.008,-0.008,0.003
0.052,0.002,0.065,0.082,0.039,0.041,0.022,0.093,0.113,0.098,0.017,0.076,0.03,0.041,0.037,0.063,0.041,0.022,0.017,0.063,-0.002,0.002,-0.004,-0.006,-0.003,0.0
0.065,0.002,0.065,0.113,0.052,0.065,0.027,0.069,0.069,0.101,0.027,0.04,0.038,0.05,0.059,0.038,0.048,0.04,0.015,0.042,-0.007,0.003,-0.004,-0.006,-0.003,-0.009
0.068,0.0,0.066,0.12,0.046,0.066,0.025,0.074,0.072,0.085,0.031,0.039,0.041,0.029,0.052,0.043,0.05,0.043,0.014,0.039,0.001,0.009,-0.0,-0.006,-0.002,-0.007
0.051,0.013,0.062,0.066,0.049,0.04,0.023,0.119,0.102,0.102,0.019,0.079,0.03,0.036,0.032,0.057,0.047,0.038,0.011,0.049,0.0,0.002,-0.002,-0.012,-0.01,-0.003
0.054,0.018,0.063,0.093,0.054,0.072,0.018,0.072,0.11,0.075,0.045,0.033,0.048,0.039,0.039,0.039,0.051,0.072,0.003,0.024,-0.012,-0.0,-0.008,-0.01,0.002,0.011
0.057,0.011,0.092,0.075,0.049,0.077,0.026,0.046,0.057,0.098,0.026,0.029,0.049,0.052,0.063,0.034,0.049,0.077,0.003,0.029,-0.011,0.005,-0.001,-0.002,-0.002,0.012
0.058,0.014,0.052,0.101,0.043,0.078,0.02,0.064,0.069,0.09,0.043,0.032,0.043,0.038,0.046,0.055,0.087,0.049,0.003,0.026,-0.016,-0.008,0.002,-0.002,0.002,0.01
0.044,0.018,0.073,0.059,0.085,0.035,0.035,0.085,0.085,0.088,0.032,0.064,0.035,0.05,0.032,0.044,0.056,0.061,0.012,0.029,-0.004,-0.005,0.008,-0.014,-0.012,0.007
0.045,0.018,0.072,0.036,0.072,0.042,0.024,0.084,0.087,0.111,0.021,0.081,0.024,0.039,0.03,0.078,0.093,0.03,0.015,0.021,-0.01,-0.012,0.007,-0.011,-0.007,0.009
0.036,0.012,0.078,0.081,0.063,0.039,0.024,0.105,0.132,0.087,0.021,0.075,0.021,0.027,0.036,0.063,0.03,0.048,0.009,0.036,-0.015,0.001,0.003,-0.014,-0.002,0.006
0.044,0.015,0.07,0.096,0.044,0.076,0.032,0.055,0.078,0.093,0.041,0.038,0.041,0.052,0.052,0.055,0.044,0.067,0.003,0.029,-0.012,-0.003,-0.004,-0.006,0.001,0.002
0.045,0.011,0.064,0.084,0.053,0.087,0.028,0.053,0.075,0.106,0.036,0.028,0.036,0.056,0.062,0.059,0.064,0.07,0.006,0.02,-0.017,-0.006,-0.001,-0.014,-0.009,0.004
0.044,0.012,0.05,0.109,0.053,0.083,0.021,0.08,0.08,0.089,0.038,0.021,0.053,0.027,0.062,0.041,0.05,0.053,0.003,0.033,-0.008,0.004,-0.005,-0.006,0.004,0.009
0.049,0.015,0.077,0.049,0.074,0.037,0.034,0.095,0.095,0.098,0.025,0.095,0.018,0.037,0.034,0.049,0.049,0.055,0.012,0.025,-0.012,-0.006,0.001,-0.011,-0.002,0.007
0.091,0.006,0.047,0.103,0.032,0.077,0.02,0.049,0.07,0.093,0.027,0.032,0.037,0.028,0.041,0.047,0.058,0.1,0.004,0.029,-0.001,0.002,0.008,-0.004,-0.0,0.004
0.081,0.006,0.055,0.106,0.033,0.083,0.018,0.043,0.046,0.098,0.018,0.033,0.036,0.039,0.051,0.045,0.055,0.096,0.007,0.033,0.001,0.004,0.012,-0.004,-0.0,0.005
0.094,0.004,0.052,0.094,0.024,0.071,0.017,0.057,0.069,0.106,0.013,0.034,0.035,0.033,0.038,0.052,0.058,0.091,0.005,0.03,0.003,0.006,0.011,-0.004,-0.0,0.006
0.043,0.012,0.067,0.1,0.024,0.063,0.014,0.096,0.09,0.084,0.023,0.065,0.036,0.018,0.042,0.058,0.054,0.095,0.004,0.027,-0.008,-0.003,0.004,-0.01,0.001,0.004
0.063,0.018,0.076,0.092,0.024,0.062,0.009,0.078,0.082,0.095,0.027,0.056,0.037,0.019,0.042,0.059,0.051,0.08,0.004,0.03,-0.007,0.001,0.007,-0.007,-0.003,0.006
0.091,0.006,0.042,0.097,0.021,0.065,0.014,0.064,0.052,0.085,0.021,0.051,0.038,0.042,0.036,0.056,0.07,0.099,0.007,0.038,-0.002,0.001,0.008,-0.008,-0.007,0.013
0.085,0.004,0.057,0.086,0.029,0.069,0.014,0.08,0.062,0.086,0.03,0.045,0.042,0.035,0.037,0.064,0.057,0.095,0.005,0.025,-0.01,-0.009,0.009,-0.003,-0.002,0.009
0.093,0.007,0.082,0.059,0.023,0.065,0.031,0.061,0.047,0.096,0.027,0.03,0.049,0.036,0.041,0.047,0.076,0.084,0.007,0.028,-0.003,-0.001,0.009,-0.002,-0.005,0.011
0.083,0.005,0.051,0.104,0.021,0.072,0.024,0.076,0.066,0.099,0.016,0.032,0.037,0.025,0.039,0.056,0.07,0.083,0.009,0.029,-0.001,-0.001,0.008,-0.009,-0.001,0.007
0.032,0.013,0.055,0.046,0.066,0.036,0.02,0.104,0.1,0.116,0.014,0.101,0.031,0.051,0.018,0.073,0.06,0.064,0.006,0.024,-0.003,-0.007,0.001,-0.012,-0.007,-0.003
0.056,0.01,0.055,0.061,0.052,0.047,0.02,0.085,0.081,0.127,0.014,0.079,0.034,0.048,0.041,0.05,0.06,0.066,0.006,0.031,-0.004,-0.003,-0.0,-0.009,-0.007,0.001
0.056,0.006,0.063,0.092,0.038,0.061,0.021,0.073,0.064,0.093,0.025,0.051,0.044,0.05,0.04,0.05,0.05,0.094,0.008,0.038,-0.005,-0.002,0.005,-0.013,-0.005,0.002
0.069,0.005,0.08,0.079,0.031,0.065,0.014,0.084,0.053,0.09,0.019,0.044,0.035,0.041,0.048,0.061,0.06,0.085,0.004,0.035,-0.001,0.001,0.005,-0.004,-0.002,0.0
0.085,0.005,0.055,0.089,0.031,0.069,0.013,0.073,0.058,0.089,0.023,0.04,0.035,0.033,0.039,0.064,0.075,0.095,0.005,0.029,-0.003,-0.003,0.007,-0.009,-0.007,0.01
0.064,0.008,0.051,0.117,0.031,0.07,0.012,0.074,0.082,0.105,0.027,0.04,0.048,0.014,0.056,0.049,0.045,0.102,0.005,0.03,-0.011,0.001,0.002,-0.013,-0.009,-0.001
0.058,0.011,0.065,0.046,0.044,0.026,0.022,0.108,0.093,0.119,0.012,0.118,0.025,0.038,0.02,0.06,0.045,0.063,0.004,0.044,-0.005,-0.011,0.001,-0.008,-0.002,0.004
0.075,0.006,0.052,0.104,0.049,0.088,0.023,0.049,0.065,0.097,0.019,0.039,0.039,0.055,0.045,0.049,0.042,0.062,0.019,0.052,-0.002,-0.004,-0.007,-0.012,-0.006,0.003
0.087,0.003,0.052,0.107,0.045,0.061,0.019,0.059,0.065,0.108,0.014,0.027,0.036,0.053,0.048,0.049,0.04,0.091,0.006,0.03,-0.0,0.005,0.007,-0.012,-0.009,0.007
0.093,0.0,0.06,0.099,0.048,0.058,0.024,0.061,0.076,0.102,0.022,0.045,0.036,0.043,0.04,0.06,0.042,0.07,0.009,0.027,-0.005,0.002,0.002,-0.012,-0.009,0.003
0.099,0.0,0.06,0.102,0.051,0.047,0.021,0.074,0.071,0.099,0.026,0.057,0.03,0.026,0.041,0.059,0.036,0.08,0.011,0.024,-0.004,-0.002,0.005,-0.008,-0.007,0.004
0.099,0.0,0.09,0.062,0.054,0.048,0.022,0.058,0.073,0.087,0.029,0.031,0.033,0.052,0.054,0.035,0.06,0.087,0.009,0.026,-0.007,-0.002,0.009,-0.008,-0.006,0.007
0.073,0.001,0.062,0.11,0.046,0.05,0.018,0.074,0.07,0.11,0.024,0.044,0.039,0.039,0.05,0.039,0.059,0.073,0.012,0.028,-0.005,-0.001,0.003,-0.012,-0.008,0.004
0.114,0.0,0.067,0.088,0.052,0.053,0.018,0.043,0.055,0.113,0.025,0.043,0.03,0.039,0.046,0.056,0.056,0.085,0.004,0.021,-0.004,-0.002,0.008,-0.009,-0.007,0.007
0.067,0.013,0.045,0.076,0.083,0.045,0.025,0.047,0.069,0.107,0.007,0.051,0.04,0.078,0.049,0.049,0.033,0.069,0.018,0.031,-0.004,-0.005,0.002,-0.0,0.001,0.004
0.052,0.011,0.08,0.086,0.071,0.06,0.019,0.067,0.071,0.065,0.028,0.049,0.041,0.034,0.049,0.067,0.052,0.041,0.022,0.032,-0.007,-0.004,0.001,0.004,0.004,0.006
0.044,0.017,0.061,0.071,0.063,0.04,0.031,0.078,0.09,0.097,0.019,0.073,0.029,0.036,0.042,0.048,0.048,0.046,0.013,0.046,0.003,-0.003,0.001,0.0,0.0,0.006
0.049,0.016,0.052,0.084,0.04,0.07,0.0,0.091,0.068,0.115,0.028,0.068,0.035,0.035,0.052,0.052,0.063,0.061,0.0,0.042,-0.008,-0.006,0.006,-0.009,-0.007,0.002
0.079,0.014,0.063,0.081,0.035,0.084,0.023,0.049,0.053,0.095,0.028,0.037,0.035,0.049,0.06,0.035,0.056,0.07,0.007,0.042,-0.008,-0.003,0.005,-0.001,-0.004,0.016
0.028,0.007,0.047,0.107,0.045,0.073,0.0,0.102,0.104,0.104,0.024,0.069,0.021,0.031,0.036,0.052,0.045,0.071,0.0,0.052,0.001,0.0,0.005,-0.016,-0.01,0.001
0.062,0.027,0.057,0.109,0.045,0.077,0.01,0.087,0.099,0.079,0.035,0.035,0.035,0.027,0.054,0.045,0.042,0.052,0.002,0.05,-0.016,-0.011,-0.002,-0.004,-0.003,0.008
0.037,0.005,0.063,0.096,0.051,0.075,0.012,0.112,0.1,0.089,0.014,0.061,0.03,0.028,0.047,0.056,0.044,0.058,0.0,0.047,-0.011,-0.004,0.006,-0.013,-0.005,0.002
0.07,0.002,0.067,0.098,0.044,0.065,0.019,0.065,0.06,0.081,0.042,0.033,0.049,0.04,0.051,0.051,0.054,0.063,0.002,0.051,-0.002,-0.003,0.003,-0.007,-0.012,0.012
0.052,0.0,0.082,0.094,0.054,0.073,0.016,0.054,0.061,0.087,0.021,0.054,0.035,0.04,0.064,0.056,0.042,0.075,0.005,0.04,-0.003,0.002,0.008,-0.011,-0.008,0.005
0.093,0.005,0.062,0.112,0.055,0.064,0.012,0.067,0.067,0.1,0.024,0.038,0.041,0.036,0.06,0.031,0.055,0.055,0.005,0.045,-0.009,-0.009,0.004,-0.006,-0.008,0.004
0.091,0.002,0.084,0.068,0.04,0.073,0.021,0.038,0.061,0.094,0.028,0.023,0.04,0.045,0.056,0.038,0.066,0.073,0.002,0.056,-0.008,-0.006,0.006,-0.003,-0.008,0.02
0.052,0.012,0.045,0.118,0.045,0.071,0.024,0.068,0.076,0.097,0.021,0.04,0.045,0.035,0.052,0.042,0.061,0.059,0.002,0.038,-0.006,-0.0,0.006,-0.008,-0.006,0.01
0.049,0.007,0.064,0.064,0.051,0.034,0.017,0.081,0.088,0.14,0.017,0.059,0.024,0.078,0.047,0.064,0.047,0.037,0.012,0.056,-0.004,-0.005,-0.001,-0.018,-0.012,0.004
0.057,0.015,0.05,0.074,0.074,0.045,0.005,0.065,0.094,0.132,0.01,0.077,0.032,0.045,0.045,0.042,0.052,0.055,0.022,0.037,-0.001,-0.002,-0.003,-0.018,-0.011,0.007
0.032,0.012,0.064,0.069,0.052,0.042,0.007,0.101,0.111,0.111,0.015,0.089,0.022,0.049,0.042,0.049,0.059,0.042,0.002,0.049,-0.007,-0.007,0.004,-0.009,-0.005,0.006
0.017,0.009,0.057,0.095,0.064,0.052,0.007,0.088,0.116,0.092,0.012,0.092,0.026,0.024,0.043,0.061,0.043,0.057,0.005,0.05,-0.005,-0.002,0.003,-0.008,0.003,0.001
0.069,0.01,0.039,0.064,0.037,0.064,0.012,0.062,0.047,0.138,0.005,0.054,0.042,0.089,0.054,0.032,0.074,0.064,0.022,0.042,-0.005,-0.008,0.005,-0.013,-0.008,0.01
0.039,0.002,0.068,0.081,0.1,0.049,0.01,0.086,0.122,0.108,0.007,0.093,0.027,0.046,0.037,0.051,0.024,0.039,0.005,0.032,-0.002,-0.006,0.004,-0.012,-0.013,0.002
0.056,0.012,0.067,0.091,0.046,0.079,0.021,0.049,0.065,0.086,0.04,0.04,0.037,0.051,0.056,0.053,0.049,0.058,0.002,0.04,-0.004,-0.004,0.004,-0.004,-0.0,0.012
0.043,0.026,0.043,0.055,0.067,0.06,0.029,0.06,0.069,0.11,0.017,0.062,0.034,0.074,0.043,0.048,0.053,0.06,0.005,0.053,-0.002,-0.006,0.004,-0.008,-0.007,0.008
0.045,0.009,0.08,0.085,0.033,0.066,0.019,0.068,0.068,0.094,0.033,0.061,0.033,0.035,0.061,0.05,0.043,0.059,0.002,0.054,-0.006,-0.004,0.004,-0.003,0.002,0.006
0.065,0.005,0.07,0.079,0.051,0.06,0.016,0.058,0.074,0.091,0.021,0.037,0.037,0.047,0.058,0.054,0.054,0.074,0.002,0.044,-0.0,0.0,0.006,-0.01,-0.002,0.008
0.059,0.027,0.052,0.108,0.039,0.084,0.017,0.069,0.086,0.101,0.025,0.039,0.039,0.017,0.059,0.037,0.054,0.059,0.002,0.052,-0.016,-0.01,0.001,-0.011,-0.007,0.014
0.036,0.002,0.053,0.078,0.053,0.056,0.015,0.092,0.099,0.145,0.017,0.061,0.031,0.039,0.046,0.061,0.044,0.036,0.007,0.046,-0.0,-0.0,0.007,-0.016,-0.011,0.003
0.036,0.009,0.062,0.066,0.042,0.047,0.025,0.095,0.094,0.092,0.013,0.1,0.035,0.029,0.032,0.072,0.052,0.048,0.02,0.055,-0.001,-0.0,-0.002,-0.012,-0.007,-0.002
0.072,0.008,0.069,0.09,0.042,0.061,0.026,0.057,0.074,0.08,0.021,0.038,0.047,0.032,0.049,0.058,0.05,0.076,0.02,0.038,-0.0,0.002,-0.002,-0.008,-0.005,0.004
0.036,0.019,0.052,0.05,0.063,0.038,0.022,0.085,0.121,0.109,0.009,0.089,0.03,0.044,0.025,0.069,0.044,0.052,0.024,0.036,0.002,0.001,-0.002,-0.011,-0.009,0.002
0.063,0.007,0.078,0.079,0.044,0.06,0.03,0.061,0.075,0.081,0.021,0.045,0.042,0.033,0.044,0.055,0.057,0.075,0.02,0.042,-0.002,0.002,-0.001,-0.007,-0.005,0.0
0.08,0.005,0.062,0.092,0.046,0.061,0.02,0.059,0.058,0.082,0.017,0.037,0.041,0.037,0.046,0.06,0.061,0.085,0.025,0.04,-0.0,-0.002,-0.001,-0.008,-0.008,0.006
0.043,0.002,0.051,0.114,0.055,0.051,0.018,0.102,0.1,0.108,0.02,0.051,0.028,0.026,0.047,0.043,0.059,0.047,0.002,0.033,-0.002,-0.002,0.008,-0.003,-0.008,0.007
0.055,0.0,0.067,0.104,0.043,0.067,0.037,0.051,0.059,0.091,0.035,0.032,0.041,0.032,0.065,0.037,0.055,0.077,0.004,0.033,-0.001,0.003,0.002,-0.001,-0.003,0.014
0.047,0.008,0.086,0.1,0.043,0.057,0.018,0.071,0.104,0.084,0.037,0.033,0.039,0.027,0.055,0.031,0.067,0.059,0.002,0.041,-0.004,0.003,-0.002,-0.003,-0.006,0.003
0.064,0.0,0.066,0.121,0.06,0.08,0.037,0.058,0.076,0.086,0.039,0.035,0.031,0.021,0.058,0.029,0.062,0.06,0.002,0.033,-0.005,-0.002,0.001,-0.009,-0.011,0.012
0.071,0.0,0.097,0.089,0.064,0.069,0.036,0.064,0.06,0.077,0.036,0.032,0.036,0.044,0.064,0.02,0.052,0.056,0.006,0.03,-0.002,0.003,0.002,-0.008,-0.006,0.006
0.046,0.006,0.063,0.097,0.059,0.055,0.019,0.074,0.103,0.101,0.023,0.044,0.042,0.023,0.057,0.036,0.08,0.05,0.004,0.044,-0.006,-0.003,-0.004,-0.011,-0.013,0.01
0.045,0.006,0.059,0.1,0.057,0.045,0.027,0.08,0.1,0.098,0.024,0.049,0.041,0.035,0.049,0.047,0.055,0.053,0.002,0.041,-0.002,-0.002,0.003,-0.01,-0.011,0.01
0.054,0.012,0.05,0.081,0.068,0.039,0.027,0.074,0.093,0.114,0.021,0.058,0.033,0.058,0.039,0.048,0.06,0.058,0.004,0.023,-0.002,-0.003,0.001,-0.004,-0.011,0.006
0.043,0.002,0.06,0.095,0.07,0.054,0.014,0.07,0.081,0.079,0.05,0.077,0.039,0.031,0.058,0.033,0.077,0.043,0.004,0.029,0.001,0.0,0.001,-0.008,-0.01,0.006
0.046,0.004,0.057,0.095,0.072,0.051,0.025,0.07,0.106,0.091,0.036,0.059,0.038,0.034,0.055,0.038,0.049,0.065,0.004,0.038,-0.007,-0.007,0.001,-0.012,-0.013,0.005
0.053,0.002,0.075,0.094,0.051,0.065,0.02,0.085,0.073,0.098,0.033,0.049,0.039,0.02,0.071,0.031,0.051,0.065,0.004,0.037,-0.006,-0.005,0.001,-0.005,-0.006,0.007
0.05,0.004,0.061,0.094,0.069,0.046,0.029,0.086,0.088,0.111,0.025,0.065,0.034,0.034,0.048,0.042,0.052,0.059,0.004,0.031,-0.002,-0.002,-0.001,-0.016,-0.017,0.004
0.058,0.005,0.068,0.056,0.054,0.04,0.026,0.079,0.083,0.104,0.02,0.093,0.036,0.05,0.029,0.045,0.039,0.048,0.023,0.054,-0.001,-0.001,-0.001,-0.006,-0.003,0.003
0.043,0.008,0.058,0.074,0.054,0.052,0.02,0.087,0.115,0.089,0.021,0.074,0.042,0.03,0.021,0.042,0.039,0.063,0.028,0.047,0.002,0.001,0.004,-0.008,-0.011,0.006
0.065,0.003,0.047,0.062,0.058,0.055,0.025,0.053,0.079,0.106,0.02,0.06,0.047,0.054,0.031,0.038,0.069,0.064,0.023,0.039,0.005,0.004,-0.001,-0.006,-0.006,0.007
0.043,0.001,0.056,0.089,0.054,0.056,0.015,0.074,0.117,0.1,0.019,0.063,0.036,0.038,0.025,0.05,0.045,0.063,0.025,0.043,0.003,0.004,0.0,-0.012,-0.011,0.003
0.049,0.004,0.066,0.09,0.033,0.07,0.023,0.064,0.078,0.083,0.023,0.055,0.049,0.033,0.033,0.048,0.055,0.069,0.027,0.045,0.003,0.005,0.002,-0.009,-0.009,0.01
0.095,0.0,0.066,0.089,0.038,0.065,0.019,0.047,0.069,0.083,0.019,0.041,0.048,0.031,0.037,0.041,0.063,0.081,0.03,0.04,0.001,0.004,0.004,-0.01,-0.01,0.009
0.054,0.014,0.06,0.106,0.047,0.06,0.018,0.059,0.086,0.073,0.03,0.038,0.049,0.021,0.048,0.039,0.052,0.073,0.025,0.057,-0.005,-0.002,0.0,-0.008,-0.002,0.006
0.05,0.005,0.058,0.063,0.04,0.049,0.026,0.086,0.083,0.095,0.02,0.079,0.046,0.048,0.029,0.046,0.041,0.071,0.023,0.051,0.006,0.001,-0.0,-0.01,-0.011,0.005
0.06,0.002,0.063,0.103,0.038,0.063,0.018,0.06,0.086,0.1,0.025,0.034,0.049,0.04,0.041,0.04,0.06,0.074,0.015,0.049,-0.006,0.002,-0.0,-0.012,-0.007,0.003
0.058,0.013,0.061,0.085,0.038,0.063,0.016,0.076,0.09,0.104,0.022,0.044,0.05,0.025,0.033,0.043,0.057,0.079,0.016,0.044,-0.006,0.005,0.004,-0.012,-0.011,0.004
0.089,0.003,0.082,0.067,0.036,0.066,0.022,0.06,0.082,0.101,0.03,0.042,0.046,0.03,0.031,0.043,0.06,0.064,0.018,0.046,-0.008,-0.002,0.001,-0.01,-0.005,0.006
0.038,0.024,0.06,0.05,0.072,0.04,0.026,0.096,0.088,0.108,0.016,0.076,0.026,0.044,0.038,0.058,0.054,0.05,0.022,0.038,0.0,-0.0,-0.004,-0.016,-0.007,-0.002
0.032,0.004,0.059,0.085,0.071,0.041,0.022,0.095,0.124,0.105,0.012,0.069,0.02,0.028,0.024,0.071,0.047,0.055,0.018,0.049,-0.001,0.003,-0.008,-0.02,-0.007,0.001
0.054,0.0,0.067,0.084,0.039,0.056,0.022,0.079,0.085,0.092,0.029,0.051,0.053,0.036,0.036,0.059,0.048,0.067,0.014,0.048,0.0,0.004,-0.001,-0.014,-0.009,0.001
0.087,0.003,0.076,0.069,0.043,0.064,0.023,0.06,0.066,0.088,0.037,0.029,0.046,0.034,0.038,0.055,0.049,0.085,0.017,0.047,-0.003,0.003,0.004,-0.011,-0.01,0.003
0.045,0.006,0.063,0.098,0.043,0.072,0.016,0.085,0.098,0.095,0.032,0.029,0.042,0.024,0.043,0.052,0.053,0.061,0.019,0.048,-0.002,0.006,-0.003,-0.015,-0.012,-0.002
0.045,0.014,0.049,0.073,0.049,0.037,0.024,0.097,0.079,0.106,0.024,0.085,0.032,0.043,0.03,0.067,0.047,0.049,0.016,0.061,0.005,0.004,-0.006,-0.017,-0.014,-0.0
0.07,0.005,0.063,0.089,0.063,0.072,0.037,0.07,0.054,0.086,0.014,0.016,0.049,0.03,0.056,0.056,0.058,0.056,0.016,0.042,0.002,0.001,-0.001,-0.006,-0.007,0.008
0.068,0.009,0.055,0.098,0.074,0.063,0.017,0.068,0.061,0.07,0.033,0.042,0.037,0.028,0.048,0.059,0.061,0.072,0.011,0.042,-0.009,-0.004,0.001,-0.006,-0.01,0.011
0.068,0.002,0.052,0.11,0.065,0.074,0.032,0.077,0.061,0.07,0.023,0.032,0.045,0.034,0.043,0.052,0.065,0.05,0.011,0.05,0.006,0.002,-0.003,-0.011,-0.012,0.005
0.068,0.007,0.07,0.098,0.073,0.07,0.035,0.049,0.047,0.082,0.033,0.03,0.042,0.033,0.063,0.056,0.037,0.059,0.016,0.042,-0.002,0.001,-0.006,-0.005,-0.004,0.005
0.069,0.011,0.041,0.061,0.08,0.039,0.015,0.072,0.093,0.104,0.017,0.065,0.03,0.05,0.033,0.072,0.054,0.05,0.011,0.022,-0.001,0.0,-0.001,-0.002,-0.0,0.013
0.06,0.015,0.038,0.086,0.073,0.058,0.022,0.062,0.091,0.073,0.027,0.071,0.024,0.022,0.038,0.069,0.053,0.064,0.009,0.049,0.0,0.001,-0.001,-0.007,-0.006,0.011
0.05,0.0,0.05,0.093,0.056,0.056,0.019,0.08,0.093,0.097,0.024,0.05,0.03,0.039,0.037,0.054,0.045,0.058,0.006,0.035,0.002,0.002,0.005,0.003,0.002,0.013
0.071,0.004,0.054,0.089,0.062,0.058,0.025,0.058,0.074,0.103,0.029,0.06,0.027,0.062,0.042,0.042,0.04,0.065,0.011,0.036,-0.007,-0.005,-0.0,-0.004,-0.005,0.009
0.097,0.005,0.061,0.101,0.032,0.068,0.029,0.063,0.059,0.084,0.029,0.031,0.034,0.047,0.057,0.052,0.041,0.077,0.005,0.04,-0.012,0.003,-0.002,-0.005,-0.002,0.006
0.071,0.019,0.059,0.092,0.042,0.063,0.029,0.059,0.073,0.078,0.029,0.031,0.044,0.034,0.052,0.042,0.073,0.057,0.021,0.04,0.002,0.008,-0.006,-0.01,-0.004,0.001
0.052,0.023,0.038,0.055,0.065,0.036,0.017,0.057,0.09,0.118,0.015,0.067,0.031,0.078,0.027,0.063,0.076,0.052,0.019,0.036,-0.003,-0.001,-0.005,-0.002,-0.005,0.003
0.048,0.019,0.07,0.1,0.056,0.054,0.031,0.076,0.078,0.07,0.02,0.065,0.056,0.013,0.061,0.056,0.052,0.048,0.011,0.039,-0.007,0.002,-0.003,-0.011,-0.005,0.002
0.107,0.004,0.062,0.096,0.034,0.071,0.02,0.049,0.08,0.096,0.033,0.049,0.024,0.033,0.045,0.044,0.044,0.062,0.005,0.053,-0.008,0.002,0.004,-0.009,-0.002,0.005
0.065,0.011,0.045,0.128,0.065,0.061,0.02,0.054,0.087,0.096,0.018,0.049,0.031,0.032,0.031,0.049,0.043,0.078,0.013,0.04,0.003,0.01,-0.005,-0.015,-0.008,0.002
0.077,0.007,0.061,0.091,0.045,0.068,0.037,0.045,0.075,0.109,0.02,0.027,0.036,0.043,0.053,0.036,0.045,0.077,0.014,0.037,-0.0,0.009,-0.0,-0.01,-0.002,0.005
0.079,0.009,0.057,0.115,0.055,0.059,0.018,0.069,0.106,0.097,0.022,0.06,0.033,0.018,0.037,0.042,0.035,0.071,0.011,0.04,-0.003,0.001,-0.002,-0.016,-0.012,-0.0
0.091,0.0,0.056,0.107,0.045,0.055,0.025,0.058,0.082,0.104,0.02,0.065,0.033,0.042,0.038,0.042,0.036,0.073,0.013,0.038,-0.0,0.003,-0.001,-0.016,-0.011,0.003
0.105,0.0,0.07,0.083,0.041,0.07,0.018,0.074,0.094,0.09,0.018,0.047,0.031,0.034,0.032,0.05,0.034,0.074,0.011,0.04,-0.004,-0.0,0.002,-0.013,-0.01,0.009
0.107,0.0,0.081,0.072,0.045,0.052,0.027,0.056,0.087,0.103,0.02,0.04,0.04,0.036,0.031,0.058,0.042,0.071,0.013,0.036,-0.005,-0.006,0.004,-0.013,-0.007,0.01
0.094,0.0,0.073,0.094,0.042,0.062,0.022,0.061,0.066,0.105,0.026,0.046,0.028,0.028,0.055,0.057,0.042,0.07,0.006,0.046,-0.009,-0.002,0.002,-0.01,-0.003,0.0
0.047,0.002,0.06,0.068,0.045,0.043,0.034,0.083,0.096,0.111,0.021,0.083,0.021,0.051,0.03,0.058,0.056,0.07,0.013,0.045,-0.003,0.001,-0.002,-0.02,-0.006,-0.007
0.052,0.015,0.06,0.048,0.068,0.031,0.021,0.089,0.095,0.126,0.017,0.083,0.015,0.052,0.029,0.073,0.048,0.056,0.014,0.044,-0.006,0.0,-0.003,-0.013,-0.009,-0.006
0.069,0.013,0.058,0.052,0.054,0.038,0.044,0.052,0.081,0.137,0.017,0.056,0.025,0.073,0.029,0.046,0.054,0.075,0.015,0.044,-0.005,-0.002,-0.003,-0.011,-0.007,-0.006
0.102,0.004,0.091,0.079,0.048,0.068,0.029,0.062,0.082,0.084,0.026,0.046,0.024,0.042,0.04,0.042,0.04,0.064,0.007,0.037,-0.009,0.003,-0.0,-0.011,0.0,0.002
0.108,0.002,0.08,0.089,0.039,0.056,0.032,0.087,0.078,0.076,0.028,0.063,0.024,0.03,0.039,0.037,0.059,0.052,0.004,0.045,-0.01,-0.003,0.003,-0.011,-0.006,0.001
0.11,0.0,0.05,0.088,0.043,0.052,0.023,0.076,0.077,0.099,0.016,0.056,0.032,0.043,0.041,0.052,0.041,0.058,0.013,0.041,0.002,0.001,-0.005,-0.013,-0.009,0.011
0.081,0.002,0.06,0.099,0.045,0.074,0.023,0.074,0.092,0.09,0.033,0.047,0.029,0.025,0.045,0.036,0.033,0.079,0.007,0.04,-0.002,0.004,0.001,-0.009,-0.003,-0.006
0.074,0.004,0.065,0.05,0.035,0.037,0.024,0.089,0.089,0.109,0.017,0.102,0.019,0.05,0.028,0.043,0.057,0.048,0.011,0.068,-0.007,-0.005,-0.002,-0.005,-0.0,0.002
0.077,0.01,0.067,0.077,0.031,0.065,0.024,0.043,0.067,0.086,0.029,0.041,0.05,0.06,0.048,0.046,0.065,0.072,0.005,0.053,-0.011,-0.007,0.007,-0.01,-0.003,0.008
0.059,0.007,0.063,0.106,0.04,0.066,0.021,0.068,0.11,0.096,0.019,0.047,0.038,0.023,0.045,0.054,0.033,0.054,0.009,0.04,-0.007,0.002,0.005,-0.007,0.002,0.008
0.075,0.005,0.08,0.084,0.041,0.057,0.027,0.041,0.066,0.082,0.025,0.03,0.046,0.041,0.055,0.046,0.062,0.068,0.007,0.032,0.0,0.008,0.012,0.001,0.004,0.006
0.056,0.007,0.07,0.098,0.042,0.068,0.014,0.07,0.079,0.079,0.021,0.051,0.047,0.028,0.068,0.047,0.04,0.065,0.007,0.037,-0.01,-0.002,0.008,-0.004,0.006,0.007
0.07,0.009,0.063,0.119,0.047,0.058,0.016,0.054,0.068,0.1,0.023,0.037,0.04,0.028,0.075,0.051,0.042,0.056,0.007,0.033,-0.004,-0.006,0.005,-0.006,0.009,0.005
0.072,0.01,0.055,0.091,0.046,0.041,0.017,0.062,0.115,0.101,0.017,0.05,0.034,0.038,0.048,0.06,0.048,0.043,0.005,0.055,-0.004,0.001,0.01,-0.01,-0.007,0.002
0.042,0.009,0.058,0.077,0.035,0.042,0.012,0.079,0.102,0.114,0.023,0.067,0.028,0.021,0.037,0.105,0.063,0.035,0.007,0.035,0.001,-0.005,0.008,-0.002,0.003,0.005
0.087,0.015,0.049,0.087,0.046,0.046,0.015,0.041,0.102,0.136,0.019,0.046,0.034,0.056,0.049,0.039,0.063,0.051,0.007,0.032,-0.008,-0.006,0.009,-0.01,-0.006,0.002
0.045,0.005,0.059,0.085,0.064,0.054,0.014,0.087,0.123,0.109,0.017,0.064,0.033,0.031,0.038,0.066,0.031,0.038,0.002,0.031,0.002,0.005,0.001,-0.002,-0.0,0.001
0.07,0.012,0.07,0.104,0.039,0.058,0.012,0.06,0.072,0.077,0.03,0.049,0.044,0.032,0.063,0.046,0.063,0.058,0.009,0.026,-0.006,0.003,0.004,-0.004,0.006,0.005
0.087,0.005,0.08,0.087,0.04,0.061,0.016,0.063,0.063,0.089,0.023,0.04,0.04,0.042,0.066,0.047,0.054,0.049,0.009,0.037,-0.008,-0.006,0.007,-0.004,0.005,0.007
0.061,0.015,0.068,0.063,0.044,0.034,0.012,0.073,0.093,0.127,0.015,0.075,0.039,0.046,0.041,0.068,0.046,0.054,0.01,0.034,-0.005,-0.005,0.006,-0.01,-0.006,0.003
0.062,0.008,0.061,0.098,0.048,0.072,0.037,0.064,0.067,0.096,0.027,0.032,0.035,0.056,0.064,0.053,0.026,0.069,0.008,0.038,-0.013,-0.0,0.0,-0.009,-0.001,0.0
0.063,0.005,0.067,0.107,0.038,0.071,0.025,0.05,0.074,0.102,0.038,0.025,0.047,0.035,0.06,0.038,0.044,0.075,0.008,0.042,-0.009,0.005,0.006,-0.015,-0.002,0.001
0.073,0.011,0.067,0.103,0.042,0.059,0.022,0.075,0.078,0.087,0.023,0.045,0.041,0.028,0.058,0.044,0.044,0.053,0.009,0.041,-0.002,0.007,-0.0,-0.009,0.004,-0.003
0.082,0.001,0.08,0.076,0.039,0.071,0.021,0.052,0.06,0.077,0.03,0.039,0.037,0.045,0.058,0.052,0.037,0.067,0.007,0.042,0.002,0.003,0.014,-0.003,0.002,0.008
0.045,0.013,0.05,0.061,0.081,0.05,0.025,0.093,0.111,0.122,0.016,0.065,0.03,0.054,0.039,0.052,0.034,0.038,0.009,0.023,-0.005,0.004,0.004,-0.007,-0.008,-0.0
0.038,0.003,0.056,0.09,0.056,0.051,0.02,0.097,0.104,0.101,0.024,0.056,0.031,0.039,0.041,0.061,0.043,0.036,0.007,0.049,-0.006,0.002,0.001,-0.004,-0.002,0.004
0.08,0.005,0.072,0.097,0.041,0.061,0.034,0.064,0.055,0.081,0.03,0.034,0.042,0.039,0.064,0.042,0.055,0.058,0.011,0.047,-0.008,0.0,0.007,-0.008,-0.005,0.001
0.047,0.006,0.056,0.117,0.05,0.072,0.034,0.085,0.086,0.092,0.03,0.028,0.042,0.023,0.056,0.041,0.038,0.047,0.013,0.044,-0.006,0.006,0.004,-0.011,-0.002,0.001
0.033,0.009,0.059,0.07,0.043,0.043,0.033,0.101,0.083,0.108,0.021,0.073,0.038,0.049,0.042,0.049,0.052,0.047,0.01,0.045,-0.008,-0.006,0.006,-0.001,-0.002,0.002
0.061,0.005,0.067,0.108,0.038,0.063,0.025,0.06,0.074,0.086,0.032,0.029,0.044,0.037,0.051,0.044,0.054,0.062,0.031,0.043,-0.004,0.002,-0.0,-0.009,-0.005,0.004
0.082,0.001,0.079,0.065,0.045,0.063,0.025,0.058,0.078,0.078,0.03,0.036,0.052,0.045,0.052,0.035,0.062,0.066,0.029,0.033,-0.001,-0.001,-0.001,-0.01,-0.001,0.001
0.072,0.007,0.045,0.035,0.058,0.035,0.028,0.048,0.09,0.11,0.013,0.059,0.051,0.066,0.029,0.058,0.075,0.077,0.024,0.03,0.003,-0.002,0.004,-0.011,-0.01,0.006
0.033,0.011,0.064,0.064,0.056,0.03,0.021,0.1,0.105,0.114,0.021,0.092,0.029,0.034,0.028,0.044,0.057,0.046,0.023,0.047,-0.001,-0.0,0.0,-0.009,-0.012,0.002
0.068,0.003,0.05,0.086,0.033,0.065,0.015,0.089,0.083,0.086,0.024,0.053,0.047,0.041,0.05,0.044,0.065,0.071,0.0,0.035,-0.008,0.001,0.002,-0.005,-0.004,0.006
0.071,0.009,0.047,0.071,0.03,0.062,0.012,0.071,0.1,0.094,0.027,0.074,0.041,0.041,0.032,0.05,0.047,0.062,0.006,0.05,0.007,0.011,0.006,-0.012,-0.006,-0.002
0.082,0.009,0.044,0.082,0.026,0.067,0.009,0.076,0.07,0.088,0.026,0.044,0.038,0.067,0.047,0.05,0.053,0.067,0.003,0.035,0.005,0.004,0.008,-0.002,-0.005,0.007
0.041,0.006,0.067,0.052,0.035,0.046,0.023,0.104,0.113,0.113,0.029,0.075,0.026,0.049,0.023,0.067,0.052,0.052,0.003,0.038,-0.002,-0.001,0.005,-0.005,-0.007,-0.003
0.052,0.0,0.063,0.032,0.04,0.046,0.014,0.055,0.121,0.153,0.035,0.072,0.026,0.063,0.023,0.049,0.066,0.061,0.0,0.029,0.004,0.001,0.004,-0.004,-0.005,0.001
0.053,0.018,0.058,0.053,0.038,0.044,0.012,0.085,0.117,0.088,0.038,0.082,0.02,0.047,0.015,0.061,0.061,0.047,0.0,0.044,0.006,0.001,0.007,0.002,0.007,-0.001
0.049,0.006,0.046,0.064,0.034,0.049,0.015,0.073,0.122,0.119,0.024,0.085,0.037,0.04,0.021,0.064,0.07,0.052,0.003,0.04,0.001,0.006,0.007,-0.015,-0.012,0.002
0.072,0.006,0.087,0.048,0.036,0.066,0.012,0.078,0.096,0.078,0.033,0.039,0.045,0.048,0.042,0.048,0.048,0.063,0.003,0.039,-0.001,0.003,0.006,0.004,0.002,0.002
0.06,0.003,0.06,0.075,0.032,0.069,0.023,0.069,0.072,0.092,0.034,0.049,0.043,0.037,0.049,0.052,0.057,0.057,0.0,0.043,0.007,0.008,0.005,-0.003,-0.001,0.008
0.061,0.009,0.067,0.08,0.043,0.055,0.018,0.055,0.089,0.107,0.034,0.034,0.037,0.037,0.043,0.052,0.052,0.089,0.006,0.034,0.001,0.006,0.001,-0.007,-0.001,-0.002
0.057,0.012,0.073,0.027,0.045,0.039,0.012,0.088,0.094,0.133,0.03,0.076,0.036,0.054,0.021,0.054,0.07,0.042,0.003,0.039,0.001,-0.007,0.009,-0.003,-0.005,-0.003
0.063,0.002,0.058,0.086,0.047,0.072,0.012,0.068,0.077,0.1,0.014,0.049,0.023,0.047,0.047,0.065,0.058,0.049,0.012,0.035,0.003,0.01,0.008,-0.006,0.003,-0.0
0.056,0.0,0.054,0.096,0.032,0.064,0.039,0.059,0.101,0.115,0.039,0.034,0.037,0.052,0.042,0.044,0.049,0.069,0.005,0.025,-0.006,0.001,0.007,-0.009,-0.006,0.001
0.049,0.002,0.046,0.063,0.041,0.049,0.024,0.093,0.117,0.134,0.024,0.078,0.012,0.041,0.024,0.049,0.058,0.044,0.015,0.027,0.007,0.008,0.005,-0.009,-0.004,0.003
0.089,0.007,0.042,0.047,0.042,0.069,0.012,0.054,0.076,0.118,0.03,0.044,0.022,0.064,0.047,0.042,0.064,0.071,0.012,0.03,0.006,0.004,0.007,-0.006,-0.004,0.01
0.031,0.008,0.086,0.093,0.039,0.055,0.039,0.093,0.117,0.093,0.016,0.023,0.016,0.047,0.031,0.023,0.055,0.07,0.023,0.047,0.014,-0.003,-0.007,0.002,-0.007,-0.004
0.141,0.01,0.052,0.062,0.025,0.102,0.01,0.072,0.084,0.07,0.027,0.042,0.032,0.025,0.03,0.045,0.04,0.077,0.01,0.017,0.002,0.002,0.019,-0.006,-0.004,0.014
0.137,0.012,0.054,0.056,0.024,0.112,0.015,0.049,0.051,0.078,0.034,0.032,0.034,0.032,0.049,0.046,0.034,0.088,0.01,0.012,0.004,0.005,0.021,-0.005,-0.002,0.018
0.135,0.008,0.017,0.042,0.017,0.118,0.0,0.076,0.034,0.067,0.042,0.034,0.034,0.017,0.093,0.059,0.059,0.084,0.008,0.0,0.016,0.004,0.038,-0.007,-0.01,0.018
0.056,0.005,0.082,0.075,0.045,0.064,0.035,0.053,0.06,0.071,0.033,0.055,0.044,0.035,0.044,0.056,0.064,0.056,0.029,0.06,-0.006,-0.003,0.007,-0.009,-0.006,-0.003
0.099,0.013,0.055,0.064,0.031,0.079,0.018,0.092,0.077,0.083,0.022,0.037,0.046,0.024,0.033,0.061,0.055,0.088,0.002,0.033,-0.004,-0.006,0.01,-0.013,-0.012,0.013
0.065,0.006,0.094,0.049,0.062,0.058,0.062,0.049,0.065,0.114,0.019,0.026,0.062,0.042,0.039,0.042,0.052,0.052,0.023,0.045,-0.001,-0.003,-0.009,-0.003,-0.008,-0.003
0.058,0.004,0.069,0.066,0.058,0.062,0.015,0.08,0.08,0.084,0.025,0.066,0.04,0.062,0.036,0.029,0.051,0.055,0.022,0.055,0.002,-0.004,0.002,-0.011,-0.002,-0.003
0.035,0.007,0.057,0.071,0.067,0.057,0.028,0.071,0.099,0.099,0.018,0.06,0.046,0.05,0.032,0.046,0.053,0.06,0.025,0.042,-0.008,-0.01,-0.004,-0.0,0.001,-0.001
0.045,0.003,0.055,0.055,0.062,0.045,0.024,0.059,0.09,0.11,0.01,0.066,0.041,0.048,0.028,0.055,0.048,0.069,0.021,0.055,0.004,-0.001,-0.006,0.004,0.005,0.005
0.074,0.008,0.071,0.057,0.02,0.097,0.025,0.089,0.057,0.066,0.044,0.04,0.042,0.022,0.039,0.062,0.077,0.054,0.007,0.035,-0.003,-0.003,0.013,-0.002,-0.004,0.013
0.059,0.01,0.089,0.059,0.079,0.118,0.03,0.059,0.099,0.059,0.01,0.049,0.03,0.02,0.049,0.03,0.03,0.089,0.01,0.03,-0.016,-0.007,0.007,-0.008,0.011,0.008
0.089,0.0,0.059,0.099,0.03,0.059,0.03,0.069,0.069,0.109,0.059,0.03,0.05,0.02,0.05,0.03,0.059,0.069,0.0,0.01,0.006,0.02,-0.001,-0.012,-0.005,-0.0
0.047,0.0,0.102,0.074,0.027,0.047,0.061,0.115,0.095,0.088,0.02,0.034,0.027,0.034,0.02,0.041,0.047,0.108,0.0,0.027,-0.006,0.003,-0.001,-0.007,-0.008,0.003
0.055,0.007,0.09,0.09,0.021,0.028,0.035,0.118,0.104,0.104,0.035,0.055,0.014,0.035,0.035,0.041,0.041,0.069,0.0,0.055,-0.004,-0.0,-0.002,-0.015,-0.004,-0.005
0.123,0.005,0.044,0.074,0.034,0.044,0.02,0.054,0.074,0.103,0.015,0.049,0.029,0.064,0.02,0.079,0.049,0.059,0.015,0.034,-0.0,0.002,0.003,0.004,-0.006,0.01
0.051,0.014,0.058,0.078,0.037,0.105,0.01,0.129,0.071,0.054,0.02,0.075,0.064,0.017,0.027,0.041,0.092,0.02,0.027,0.024,-0.016,-0.006,0.006,0.001,-0.002,0.003
0.123,0.01,0.051,0.06,0.041,0.073,0.02,0.07,0.053,0.063,0.031,0.041,0.067,0.034,0.046,0.032,0.053,0.082,0.012,0.034,0.001,-0.005,0.007,-0.005,-0.008,0.012
0.113,0.005,0.073,0.091,0.066,0.075,0.039,0.034,0.066,0.1,0.029,0.041,0.027,0.018,0.045,0.029,0.061,0.041,0.011,0.052,-0.01,-0.008,0.004,-0.005,0.001,0.002
0.097,0.007,0.083,0.076,0.08,0.066,0.028,0.054,0.092,0.078,0.028,0.05,0.031,0.026,0.035,0.038,0.057,0.05,0.012,0.05,-0.012,-0.013,-0.002,-0.007,-0.003,-0.001
0.102,0.002,0.093,0.068,0.054,0.077,0.032,0.047,0.068,0.081,0.025,0.045,0.034,0.038,0.038,0.047,0.047,0.047,0.016,0.052,-0.004,-0.008,0.012,-0.008,-0.003,-0.004
0.078,0.002,0.073,0.089,0.066,0.06,0.03,0.055,0.082,0.085,0.027,0.078,0.023,0.021,0.025,0.055,0.062,0.039,0.011,0.044,-0.007,-0.006,0.001,-0.002,0.004,0.005
0.091,0.002,0.082,0.072,0.061,0.07,0.03,0.044,0.072,0.089,0.037,0.075,0.03,0.028,0.026,0.04,0.056,0.044,0.012,0.054,-0.006,-0.011,0.005,-0.004,-0.003,0.003
0.115,0.008,0.033,0.091,0.049,0.058,0.033,0.066,0.066,0.049,0.025,0.041,0.049,0.049,0.016,0.058,0.058,0.124,0.0,0.033,-0.006,-0.008,0.007,-0.011,-0.015,0.01
