kmer_0,kmer_1,kmer_2,kmer_3,kmer_4,kmer_5,kmer_6,kmer_7,kmer_8,kmer_9,kmer_10,kmer_11,kmer_12,kmer_13,kmer_14,kmer_15,kmer_16,kmer_17,kmer_18,kmer_19
0.02505219,0.01461378,0.07724426,0.11273486,0.04384134,0.05427975,0.01878914,0.1085595,0.08350731,0.07933194,0.02087683,0.06889353,0.02296451,0.01670146,0.03757829,0.03757829,0.05219207,0.03340292,0.00626305,0.08559499
0.1264637,0.00702576,0.04449649,0.08196721,0.03981265,0.09133489,0.02107728,0.04449649,0.05152225,0.08196721,0.0234192,0.02810304,0.03044496,0.06557377,0.03747073,0.05386417,0.06088993,0.05386417,0.01639344,0.03981265
0.0775,0.01,0.065,0.0675,0.03,0.08,0.0225,0.1,0.0925,0.075,0.03,0.05,0.03,0.0125,0.025,0.0725,0.045,0.0725,0.0,0.0425
0.05852417,0.01272265,0.04580153,0.06615776,0.05852417,0.05852417,0.02290076,0.08905852,0.09923664,0.08905852,0.0178117,0.08142494,0.02035623,0.03307888,0.02798982,0.06615776,0.04580153,0.07124682,0.00254453,0.03307888
0.03781513,0.0210084,0.07563025,0.07983193,0.05462185,0.02521008,0.03361345,0.10504202,0.07563025,0.07563025,0.02941176,0.06722689,0.0210084,0.02941176,0.05462185,0.06722689,0.04621849,0.05882353,0.0,0.04201681
0.10204082,0.01020408,0.03571429,0.07142857,0.06122449,0.09693878,0.01530612,0.07653061,0.05612245,0.07653061,0.01530612,0.01530612,0.05612245,0.05102041,0.03061224,0.07653061,0.05612245,0.08163265,0.00510204,0.01020408
0.08530806,0.00236967,0.08767773,0.07819905,0.0450237,0.04976303,0.02251185,0.05805687,0.08056872,0.09597156,0.02251185,0.0450237,0.03672986,0.03436019,0.02962085,0.04976303,0.04976303,0.06990521,0.02014218,0.03672986
0.07017544,0.00584795,0.06432749,0.08187135,0.04678363,0.10526316,0.01169591,0.08187135,0.07017544,0.07602339,0.02923977,0.01754386,0.02923977,0.03508772,0.05847953,0.01169591,0.05847953,0.10526316,0.0,0.04093567
0.07777778,0.02222222,0.07777778,0.08333333,0.03888889,0.1,0.00555556,0.09444444,0.08888889,0.1,0.02777778,0.00555556,0.03888889,0.01666667,0.03333333,0.02777778,0.05,0.07777778,0.0,0.03333333
0.0755814,0.01162791,0.09302326,0.0755814,0.03488372,0.09302326,0.00581395,0.06976744,0.11046512,0.09302326,0.01744186,0.02325581,0.02906977,0.01162791,0.02325581,0.02906977,0.04651163,0.11046512,0.0,0.04651163
0.07514451,0.01156069,0.06936416,0.0867052,0.02890173,0.0982659,0.01156069,0.10982659,0.09248555,0.10982659,0.02890173,0.02312139,0.04624277,0.01156069,0.03468208,0.01156069,0.04624277,0.05780347,0.00578035,0.04046243
0.06432749,0.0,0.07602339,0.04093567,0.04678363,0.08187135,0.0,0.11111111,0.11695906,0.11695906,0.02339181,0.04093567,0.04093567,0.03508772,0.02339181,0.02339181,0.05847953,0.07602339,0.0,0.02339181
0.07303371,0.0,0.07865169,0.03932584,0.04494382,0.03932584,0.00561798,0.09550562,0.11235955,0.11797753,0.02247191,0.03370787,0.05617978,0.03370787,0.02808989,0.06179775,0.04494382,0.07865169,0.0,0.03370787
0.1,0.01666667,0.03888889,0.03888889,0.06111111,0.05,0.01111111,0.06666667,0.07777778,0.13333333,0.01666667,0.06666667,0.03888889,0.06666667,0.02777778,0.03888889,0.05,0.07222222,0.0,0.02777778
0.05813953,0.00581395,0.06395349,0.06976744,0.05813953,0.06976744,0.00581395,0.11627907,0.11627907,0.11046512,0.01744186,0.02906977,0.04651163,0.02325581,0.01744186,0.03488372,0.06395349,0.05813953,0.0,0.03488372
0.10465116,0.01162791,0.0755814,0.06395349,0.02906977,0.11046512,0.00581395,0.0872093,0.05813953,0.08139535,0.03488372,0.02906977,0.05232558,0.01744186,0.04069767,0.02325581,0.04069767,0.08139535,0.0,0.05232558
0.08092486,0.0,0.08092486,0.06936416,0.06358382,0.0867052,0.00578035,0.07514451,0.09248555,0.13294798,0.01734104,0.00578035,0.04624277,0.00578035,0.04624277,0.04046243,0.04046243,0.07514451,0.0,0.03468208
0.08092486,0.0,0.06936416,0.05202312,0.05202312,0.06358382,0.01156069,0.10982659,0.10404624,0.10982659,0.01156069,0.04624277,0.05202312,0.01156069,0.04046243,0.05202312,0.02312139,0.07514451,0.0,0.03468208
0.05369128,0.01342282,0.08724832,0.06040268,0.01342282,0.05369128,0.02013423,0.08724832,0.08053691,0.10738255,0.05369128,0.05369128,0.03355705,0.04026846,0.04697987,0.04697987,0.06711409,0.05369128,0.00671141,0.02013423
0.06079027,0.01215805,0.0668693,0.07598784,0.02735562,0.07294833,0.00911854,0.08510638,0.06079027,0.07598784,0.03951368,0.04255319,0.03647416,0.03039514,0.03039514,0.06079027,0.07598784,0.08510638,0.00607903,0.04559271
0.06845238,0.00892857,0.0625,0.08928571,0.0327381,0.06547619,0.0327381,0.05059524,0.06845238,0.11309524,0.02380952,0.02380952,0.05059524,0.04761905,0.05059524,0.07440476,0.03571429,0.04761905,0.02678571,0.02678571
0.08385093,0.01242236,0.06832298,0.0621118,0.03416149,0.0931677,0.01863354,0.0621118,0.06521739,0.07763975,0.01863354,0.02484472,0.03416149,0.04658385,0.04347826,0.04037267,0.0621118,0.09627329,0.0,0.05590062
0.06741573,0.02247191,0.04494382,0.12359551,0.02247191,0.05617978,0.01123596,0.06741573,0.06741573,0.13483146,0.0,0.03370787,0.02247191,0.06741573,0.03370787,0.05617978,0.04494382,0.05617978,0.03370787,0.03370787
0.09550562,0.00561798,0.05898876,0.0758427,0.03651685,0.09831461,0.01685393,0.08146067,0.09550562,0.08146067,0.02247191,0.05617978,0.0252809,0.01966292,0.02808989,0.05337079,0.03932584,0.07022472,0.0,0.03932584
0.04255319,0.0,0.05319149,0.12765957,0.0106383,0.08510638,0.0,0.07446809,0.08510638,0.07446809,0.0106383,0.05319149,0.0212766,0.04255319,0.05319149,0.03191489,0.08510638,0.12765957,0.0,0.0212766
0.05319149,0.0,0.05319149,0.12765957,0.0106383,0.11702128,0.0,0.07446809,0.10638298,0.09574468,0.0106383,0.0,0.03191489,0.03191489,0.04255319,0.0212766,0.04255319,0.14893617,0.0,0.03191489
0.07225434,0.01156069,0.04913295,0.08092486,0.02023121,0.06358382,0.01734104,0.07225434,0.08092486,0.10404624,0.03468208,0.01734104,0.06647399,0.02023121,0.04913295,0.07225434,0.06069364,0.09537572,0.0,0.01156069
0.07282913,0.01680672,0.05322129,0.07282913,0.01680672,0.07563025,0.01680672,0.08123249,0.09243697,0.07563025,0.03081232,0.03081232,0.05322129,0.02521008,0.04201681,0.06442577,0.05322129,0.1092437,0.0,0.01680672
0.07386364,0.00568182,0.05681818,0.05113636,0.01704545,0.06534091,0.02272727,0.09659091,0.06818182,0.07954545,0.03977273,0.04261364,0.05113636,0.04261364,0.04545455,0.08522727,0.05397727,0.08806818,0.0,0.01420455
0.05769231,0.00641026,0.06410256,0.10897436,0.00641026,0.04487179,0.00641026,0.12820513,0.06410256,0.04487179,0.01923077,0.04487179,0.04487179,0.04487179,0.04487179,0.05128205,0.05769231,0.12179487,0.01282051,0.02564103
0.13445378,0.00840336,0.08403361,0.06722689,0.03361345,0.04201681,0.01680672,0.11764706,0.07563025,0.05042017,0.07563025,0.03361345,0.02521008,0.05882353,0.03361345,0.02521008,0.03361345,0.07563025,0.0,0.00840336
0.03937008,0.01574803,0.05511811,0.09448819,0.00787402,0.03937008,0.02362205,0.05511811,0.07086614,0.1023622,0.05511811,0.01574803,0.04724409,0.06299213,0.05511811,0.02362205,0.09448819,0.11811024,0.00787402,0.01574803
0.0859375,0.0,0.08203125,0.04101563,0.03320313,0.08007813,0.01171875,0.08398438,0.06835938,0.0625,0.03125,0.05664063,0.04296875,0.03515625,0.03515625,0.06445313,0.05859375,0.10546875,0.00195313,0.01953125
0.11589404,0.0,0.06291391,0.0794702,0.02980132,0.06291391,0.01986755,0.06953642,0.04966887,0.07284768,0.05298013,0.06622517,0.02980132,0.02980132,0.05298013,0.04304636,0.04635762,0.08278146,0.0,0.03311258
0.10309278,0.0,0.09278351,0.06185567,0.02061856,0.06185567,0.0,0.08247423,0.09278351,0.09278351,0.03092784,0.02061856,0.01030928,0.04123711,0.02061856,0.05154639,0.07216495,0.12371134,0.01030928,0.01030928
0.06493506,0.01623377,0.04545455,0.06493506,0.05194805,0.02597403,0.02597403,0.05844156,0.07142857,0.10714286,0.02922078,0.03246753,0.0487013,0.05194805,0.05519481,0.06493506,0.06818182,0.06818182,0.00974026,0.03896104
0.06976744,0.0,0.04651163,0.10852713,0.03488372,0.0620155,0.00775194,0.08914729,0.05813953,0.11627907,0.02713178,0.0620155,0.01937984,0.03488372,0.05813953,0.07364341,0.04263566,0.06589147,0.0,0.02325581
0.07251908,0.00763359,0.06870229,0.07633588,0.03053435,0.06870229,0.00381679,0.06870229,0.05343511,0.11068702,0.03816794,0.05343511,0.03053435,0.02290076,0.05343511,0.04580153,0.07633588,0.08015267,0.00381679,0.03435115
0.10144928,0.02898551,0.11594203,0.08695652,0.01449275,0.07246377,0.02898551,0.02898551,0.08695652,0.04347826,0.02898551,0.01449275,0.0,0.05797101,0.0,0.07246377,0.02898551,0.17391304,0.0,0.01449275
0.05555556,0.00462963,0.05555556,0.05092593,0.03240741,0.10185185,0.03703704,0.10648148,0.06944444,0.06944444,0.01388889,0.05092593,0.03240741,0.03703704,0.06018519,0.03240741,0.06018519,0.09259259,0.00462963,0.03240741
0.13744076,0.01895735,0.07109005,0.08056872,0.02843602,0.07582938,0.00947867,0.06635071,0.09478673,0.06635071,0.01895735,0.01895735,0.02369668,0.00947867,0.02843602,0.04265403,0.09478673,0.1042654,0.00473934,0.00473934
0.05909091,0.02727273,0.03636364,0.09545455,0.04090909,0.05,0.00909091,0.1,0.13181818,0.06818182,0.01363636,0.06363636,0.01363636,0.01818182,0.01818182,0.08181818,0.05454545,0.09545455,0.0,0.02272727
0.06716418,0.00373134,0.08208955,0.05970149,0.03731343,0.05410448,0.02798507,0.07276119,0.06902985,0.08395522,0.03731343,0.07089552,0.0391791,0.04850746,0.02798507,0.05223881,0.04291045,0.04291045,0.03358209,0.04664179
0.13793103,0.01149425,0.04597701,0.06896552,0.02681992,0.08812261,0.01915709,0.06896552,0.04980843,0.06896552,0.03065134,0.03831418,0.03448276,0.01915709,0.04214559,0.08812261,0.05363985,0.08045977,0.01149425,0.01532567
0.06845238,0.00595238,0.04761905,0.0625,0.0297619,0.11309524,0.02083333,0.08333333,0.10119048,0.0625,0.02678571,0.05059524,0.02380952,0.01190476,0.01785714,0.05357143,0.05952381,0.125,0.00297619,0.0327381
0.07877462,0.01750547,0.05032823,0.0547046,0.03282276,0.07439825,0.01531729,0.09628009,0.08533917,0.0809628,0.01969365,0.06126915,0.02625821,0.04814004,0.01750547,0.04376368,0.06345733,0.09190372,0.00218818,0.03938731
0.06541406,0.01043841,0.06889353,0.08559499,0.04244955,0.06193459,0.02992345,0.07376479,0.07376479,0.09255393,0.02505219,0.03549061,0.03966597,0.03897008,0.04105776,0.05427975,0.05497564,0.06193459,0.00626305,0.03757829
0.07749077,0.01107011,0.05535055,0.06273063,0.03321033,0.06642066,0.0295203,0.08856089,0.0295203,0.10332103,0.02214022,0.04428044,0.03690037,0.05166052,0.04059041,0.04428044,0.06642066,0.06642066,0.01845018,0.05166052
0.08860759,0.0,0.01265823,0.05063291,0.02531646,0.08860759,0.05063291,0.06329114,0.06329114,0.02531646,0.02531646,0.03797468,0.01265823,0.03797468,0.13924051,0.10126582,0.11392405,0.02531646,0.02531646,0.01265823
0.07936508,0.00721501,0.06493506,0.08225108,0.03896104,0.07647908,0.02020202,0.06926407,0.08080808,0.05772006,0.03174603,0.03030303,0.04184704,0.03318903,0.04329004,0.05772006,0.06349206,0.08513709,0.004329,0.03174603
0.05405405,0.0,0.04324324,0.1027027,0.04864865,0.08648649,0.02702703,0.04324324,0.05945946,0.07027027,0.02702703,0.04324324,0.02702703,0.04324324,0.04324324,0.04864865,0.0972973,0.10810811,0.00540541,0.02162162
0.06451613,0.00537634,0.03763441,0.10215054,0.06451613,0.05913978,0.00537634,0.04301075,0.07526882,0.05376344,0.03763441,0.05376344,0.03763441,0.04301075,0.03225806,0.03763441,0.09139785,0.10752688,0.0,0.0483871
0.05263158,0.0,0.05789474,0.1,0.05263158,0.05789474,0.0,0.09473684,0.1,0.07368421,0.03157895,0.08947368,0.02105263,0.04210526,0.03684211,0.00526316,0.06842105,0.07894737,0.01052632,0.02631579
0.05319149,0.00531915,0.05319149,0.09574468,0.03723404,0.05851064,0.00531915,0.08510638,0.10638298,0.07978723,0.02659574,0.06382979,0.01595745,0.03191489,0.03191489,0.05319149,0.05851064,0.10106383,0.00531915,0.03191489
0.03208556,0.0,0.04278075,0.10160428,0.02673797,0.0802139,0.01069519,0.10160428,0.11229947,0.05882353,0.02673797,0.06951872,0.03208556,0.04812834,0.01604278,0.04812834,0.06951872,0.0802139,0.00534759,0.03743316
0.06989247,0.0,0.03763441,0.10215054,0.03225806,0.06989247,0.01075269,0.07526882,0.06451613,0.05913978,0.03763441,0.04301075,0.04301075,0.03763441,0.03225806,0.04301075,0.11290323,0.08064516,0.0,0.0483871
0.05851064,0.00531915,0.03723404,0.09574468,0.03723404,0.07446809,0.00531915,0.08510638,0.07978723,0.05319149,0.03191489,0.05319149,0.0212766,0.05851064,0.03191489,0.06914894,0.05851064,0.08510638,0.01595745,0.04255319
0.11437908,0.0130719,0.05555556,0.11437908,0.02287582,0.05882353,0.00653595,0.06535948,0.10784314,0.08496732,0.01960784,0.05555556,0.00653595,0.02941176,0.03921569,0.06862745,0.03267974,0.08169935,0.00326797,0.01960784
0.12286689,0.0,0.06484642,0.11945392,0.04095563,0.06143345,0.01023891,0.05460751,0.09897611,0.0443686,0.05460751,0.04778157,0.02047782,0.02389078,0.03412969,0.02730375,0.05119454,0.11604096,0.0,0.00682594
0.11643836,0.00684932,0.05479452,0.08561644,0.04109589,0.03082192,0.02054795,0.08219178,0.10958904,0.07191781,0.01369863,0.05136986,0.00684932,0.06506849,0.03082192,0.06506849,0.05136986,0.08561644,0.00342466,0.00684932
0.05704698,0.00671141,0.04697987,0.10738255,0.03691275,0.03020134,0.01342282,0.10738255,0.13422819,0.08724832,0.01677852,0.0704698,0.01006711,0.05704698,0.03020134,0.04362416,0.05033557,0.07718121,0.00671141,0.01006711
0.11525424,0.00338983,0.06779661,0.08474576,0.03050847,0.03728814,0.01355932,0.07118644,0.10508475,0.10508475,0.02711864,0.06779661,0.01355932,0.03050847,0.02711864,0.06101695,0.03728814,0.08474576,0.00338983,0.01355932
0.09931507,0.01027397,0.06164384,0.09589041,0.03767123,0.05136986,0.00342466,0.06849315,0.14041096,0.05821918,0.02739726,0.04794521,0.01369863,0.04452055,0.02739726,0.06164384,0.03767123,0.09931507,0.00684932,0.00684932
0.12244898,0.00340136,0.03741497,0.11564626,0.04421769,0.04761905,0.00680272,0.06122449,0.10884354,0.0952381,0.03741497,0.06122449,0.0170068,0.03401361,0.03061224,0.07142857,0.03401361,0.05102041,0.00340136,0.0170068
0.0647482,0.01079137,0.04676259,0.08273381,0.03597122,0.04676259,0.02158273,0.0647482,0.12589928,0.09352518,0.0323741,0.06115108,0.02517986,0.06834532,0.02517986,0.04676259,0.05395683,0.07194245,0.00359712,0.01798561
0.07432432,0.00337838,0.07094595,0.08783784,0.03378378,0.06081081,0.01351351,0.0777027,0.09797297,0.08445946,0.02702703,0.05743243,0.02364865,0.03378378,0.03716216,0.04391892,0.06081081,0.10135135,0.00337838,0.00675676
0.11,0.02,0.04,0.145,0.03,0.075,0.005,0.09,0.09,0.075,0.025,0.06,0.02,0.025,0.07,0.01,0.025,0.065,0.0,0.02
0.12714777,0.01030928,0.05154639,0.09965636,0.02749141,0.04467354,0.01030928,0.08247423,0.10652921,0.08591065,0.02061856,0.08247423,0.01718213,0.03092784,0.03780069,0.02405498,0.02749141,0.0790378,0.00687285,0.02749141
0.05952381,0.01190476,0.07539683,0.09126984,0.03968254,0.05952381,0.01984127,0.07142857,0.04761905,0.07936508,0.02380952,0.04761905,0.02777778,0.04761905,0.05952381,0.05952381,0.02380952,0.07936508,0.02380952,0.0515873
0.09090909,0.0,0.06909091,0.08,0.03636364,0.05454545,0.01818182,0.06181818,0.06181818,0.08727273,0.01454545,0.04727273,0.04363636,0.02909091,0.05454545,0.06181818,0.08727273,0.04363636,0.02545455,0.03272727
0.04316547,0.0,0.07913669,0.09352518,0.04316547,0.05755396,0.03597122,0.12230216,0.07194245,0.08633094,0.01438849,0.0647482,0.01438849,0.0,0.04316547,0.07194245,0.04316547,0.02158273,0.02158273,0.07194245
0.10822511,0.00649351,0.05194805,0.07575758,0.03030303,0.06277056,0.02380952,0.05844156,0.07359307,0.09090909,0.03896104,0.06493506,0.04112554,0.03896104,0.03030303,0.05627706,0.06060606,0.06277056,0.00865801,0.01515152
0.09198813,0.01186944,0.0504451,0.05341246,0.02373887,0.04747774,0.02670623,0.0652819,0.07715134,0.08308605,0.0148368,0.0504451,0.03264095,0.02670623,0.04747774,0.08308605,0.0504451,0.12166172,0.00593472,0.03560831
0.10290828,0.0,0.06487696,0.08053691,0.04697987,0.08053691,0.01118568,0.06711409,0.07158837,0.08948546,0.00894855,0.05592841,0.03355705,0.02908277,0.03355705,0.06040268,0.04474273,0.05816555,0.01342282,0.04697987
0.07836991,0.01567398,0.09717868,0.04702194,0.03761755,0.0846395,0.02194357,0.06269592,0.0815047,0.06896552,0.02507837,0.02821317,0.04702194,0.02821317,0.03448276,0.03448276,0.05642633,0.0846395,0.01880878,0.04702194
0.07169811,0.01509434,0.06037736,0.05660377,0.03396226,0.09811321,0.02264151,0.07924528,0.05660377,0.05660377,0.02641509,0.04528302,0.06415094,0.03018868,0.04528302,0.04528302,0.06037736,0.08301887,0.00754717,0.04150943
0.12149533,0.01869159,0.04672897,0.06542056,0.01557632,0.13395639,0.02180685,0.10280374,0.07788162,0.07476636,0.01246106,0.04984424,0.02803738,0.01869159,0.02180685,0.03115265,0.0623053,0.0623053,0.01869159,0.01557632
0.07621951,0.02134146,0.06707317,0.03658537,0.04268293,0.11585366,0.02134146,0.09756098,0.06402439,0.07012195,0.00609756,0.07317073,0.01829268,0.02743902,0.0152439,0.05182927,0.07012195,0.08231707,0.00609756,0.03658537
0.09029345,0.01354402,0.06772009,0.07674944,0.04740406,0.07223476,0.01805869,0.04740406,0.07223476,0.08803612,0.02934537,0.07900677,0.04514673,0.0248307,0.04288939,0.03160271,0.04514673,0.06094808,0.00902935,0.03837472
0.07191011,0.00898876,0.05842697,0.1011236,0.05617978,0.06292135,0.02247191,0.04269663,0.06741573,0.09213483,0.02921348,0.05168539,0.03595506,0.01573034,0.04719101,0.06067416,0.06741573,0.07191011,0.01123596,0.0247191
0.07027027,0.0018018,0.06666667,0.08108108,0.04144144,0.08108108,0.02522523,0.05045045,0.0954955,0.07747748,0.03243243,0.02882883,0.03243243,0.02162162,0.05405405,0.05225225,0.06666667,0.07387387,0.01081081,0.03603604
0.08552632,0.0,0.07236842,0.08717105,0.03125,0.07565789,0.01809211,0.04276316,0.0625,0.09375,0.01809211,0.03947368,0.03618421,0.04276316,0.04605263,0.04769737,0.07236842,0.09046053,0.00493421,0.03289474
0.08374384,0.01724138,0.03694581,0.03448276,0.05172414,0.07389163,0.02216749,0.06157635,0.07881773,0.10591133,0.01477833,0.06157635,0.03694581,0.05172414,0.0270936,0.06650246,0.05665025,0.07142857,0.00738916,0.03940887
0.09333333,0.00666667,0.06444444,0.07111111,0.04444444,0.10666667,0.02666667,0.06666667,0.05333333,0.06444444,0.02222222,0.04222222,0.03111111,0.01111111,0.03777778,0.04444444,0.07333333,0.09333333,0.00444444,0.04222222
0.05737705,0.00819672,0.04644809,0.09562842,0.05191257,0.07377049,0.04371585,0.06284153,0.07377049,0.09562842,0.03005464,0.04098361,0.03551913,0.04098361,0.03005464,0.06557377,0.04918033,0.04918033,0.00273224,0.04644809
0.07741935,0.00322581,0.06774194,0.10967742,0.03225806,0.06129032,0.02903226,0.05806452,0.06774194,0.07419355,0.02580645,0.02258065,0.05806452,0.03870968,0.03870968,0.0483871,0.04516129,0.07096774,0.01290323,0.05806452
0.05555556,0.0,0.08888889,0.08333333,0.03888889,0.06666667,0.01111111,0.09444444,0.08888889,0.10555556,0.02777778,0.01111111,0.03333333,0.01111111,0.03333333,0.07222222,0.03888889,0.08333333,0.0,0.05555556
0.02185792,0.00546448,0.06010929,0.12021858,0.0273224,0.08196721,0.02185792,0.08743169,0.09836066,0.12568306,0.01092896,0.03825137,0.03825137,0.0,0.03278689,0.04371585,0.04918033,0.09289617,0.0,0.04371585
0.03428571,0.02285714,0.08571429,0.03428571,0.06857143,0.06285714,0.02285714,0.11428571,0.11428571,0.09142857,0.01714286,0.05142857,0.04571429,0.03428571,0.01714286,0.06285714,0.01142857,0.08,0.00571429,0.02285714
0.05479452,0.0,0.05479452,0.08219178,0.02739726,0.06849315,0.02739726,0.09589041,0.08219178,0.08219178,0.04109589,0.02739726,0.04109589,0.0,0.06849315,0.02739726,0.06849315,0.10958904,0.0,0.04109589
0.01428571,0.0,0.04285714,0.08571429,0.02857143,0.07142857,0.04285714,0.12857143,0.12857143,0.1,0.02857143,0.04285714,0.02857143,0.0,0.05714286,0.05714286,0.02857143,0.08571429,0.0,0.02857143
0.02777778,0.0,0.02777778,0.06944444,0.01388889,0.09722222,0.0,0.125,0.11111111,0.09722222,0.01388889,0.04166667,0.01388889,0.04166667,0.05555556,0.05555556,0.05555556,0.11111111,0.0,0.04166667
0.03846154,0.0,0.06410256,0.06410256,0.03846154,0.07692308,0.02564103,0.07692308,0.1025641,0.14102564,0.03846154,0.05128205,0.03846154,0.03846154,0.08974359,0.01282051,0.01282051,0.07692308,0.0,0.01282051
0.01388889,0.0,0.06944444,0.05555556,0.01388889,0.05555556,0.05555556,0.13888889,0.13888889,0.08333333,0.05555556,0.02777778,0.02777778,0.01388889,0.05555556,0.08333333,0.02777778,0.05555556,0.0,0.02777778
0.01111111,0.0,0.04444444,0.07777778,0.03333333,0.05555556,0.03333333,0.08888889,0.15555556,0.07777778,0.05555556,0.05555556,0.02222222,0.03333333,0.03333333,0.04444444,0.06666667,0.06666667,0.0,0.04444444
0.03846154,0.0,0.03846154,0.08974359,0.02564103,0.02564103,0.0,0.12820513,0.12820513,0.07692308,0.01282051,0.08974359,0.05128205,0.0,0.07692308,0.06410256,0.05128205,0.06410256,0.0,0.03846154
0.01351351,0.0,0.06756757,0.05405405,0.01351351,0.09459459,0.02702703,0.08108108,0.06756757,0.09459459,0.05405405,0.06756757,0.02702703,0.02702703,0.08108108,0.04054054,0.06756757,0.09459459,0.0,0.02702703
0.1025641,0.00539811,0.0634278,0.09851552,0.02024291,0.0634278,0.01754386,0.07017544,0.11066127,0.05802969,0.03103914,0.03103914,0.0391363,0.04318489,0.048583,0.02834008,0.05263158,0.09581646,0.00134953,0.01889339
0.07647908,0.00577201,0.08080808,0.1010101,0.02453102,0.06782107,0.01731602,0.0952381,0.10822511,0.05627706,0.02597403,0.03463203,0.02453102,0.02164502,0.03607504,0.05916306,0.05050505,0.0966811,0.002886,0.01443001
0.0802005,0.00250627,0.05639098,0.07769424,0.02756892,0.07894737,0.02005013,0.06766917,0.07518797,0.05639098,0.02380952,0.09273183,0.03508772,0.06265664,0.05639098,0.03634085,0.06015038,0.07769424,0.00125313,0.0112782
0.09052632,0.0,0.06105263,0.09263158,0.02526316,0.06947368,0.01894737,0.06736842,0.09473684,0.05578947,0.01684211,0.05684211,0.03578947,0.04526316,0.06,0.04947368,0.06210526,0.08631579,0.00210526,0.00947368
0.07692308,0.0,0.06410256,0.05244755,0.01748252,0.08391608,0.02097902,0.05827506,0.05944056,0.05944056,0.01981352,0.12121212,0.03030303,0.05011655,0.06410256,0.05710956,0.06643357,0.08041958,0.0011655,0.01631702
0.09207161,0.00383632,0.05754476,0.08184143,0.02173913,0.07800512,0.01662404,0.07544757,0.08184143,0.0601023,0.02046036,0.07800512,0.04731458,0.03196931,0.04859335,0.04347826,0.0601023,0.08567775,0.00127877,0.0140665
0.05691057,0.00813008,0.06504065,0.07154472,0.02276423,0.06666667,0.01626016,0.11056911,0.10406504,0.07317073,0.01138211,0.0601626,0.02926829,0.03739837,0.02926829,0.06341463,0.05365854,0.08780488,0.00162602,0.03089431
0.07431341,0.00646204,0.05169628,0.05815832,0.04038772,0.07754443,0.02261712,0.10339257,0.10500808,0.08400646,0.01453958,0.06946688,0.02746365,0.04684976,0.02100162,0.04523425,0.05654281,0.07754443,0.00323102,0.01453958
0.07916667,0.00138889,0.06527778,0.09861111,0.02083333,0.07361111,0.01388889,0.08333333,0.09166667,0.0625,0.02361111,0.07638889,0.025,0.05,0.03611111,0.04444444,0.05416667,0.08194444,0.00138889,0.01666667
0.11899791,0.0,0.05219207,0.10438413,0.02400835,0.06158664,0.01356994,0.05323591,0.10125261,0.04592902,0.02087683,0.05532359,0.04070981,0.05323591,0.06367432,0.04384134,0.04175365,0.08872651,0.00208768,0.01461378
0.07920792,0.00424328,0.06082037,0.12305516,0.02545969,0.06223479,0.01131542,0.08486563,0.11598303,0.07072136,0.02545969,0.04101839,0.03394625,0.02687412,0.04243281,0.03536068,0.04243281,0.09759547,0.00141443,0.0155587
0.0781759,0.00651466,0.07003257,0.07491857,0.02931596,0.06351792,0.01628664,0.11726384,0.09446254,0.08631922,0.01791531,0.06514658,0.02117264,0.02442997,0.03583062,0.04560261,0.0504886,0.07654723,0.00162866,0.02442997
0.06857143,0.00571429,0.05142857,0.09142857,0.04571429,0.05142857,0.00571429,0.09142857,0.15428571,0.05714286,0.02857143,0.06857143,0.03428571,0.03428571,0.04571429,0.04,0.01714286,0.09714286,0.0,0.01142857
0.07909605,0.01129944,0.03954802,0.11299435,0.02824859,0.04519774,0.01694915,0.08474576,0.14689266,0.06779661,0.03389831,0.03389831,0.03389831,0.03389831,0.05084746,0.06779661,0.01694915,0.08474576,0.0,0.01129944
0.09248555,0.0,0.07514451,0.06358382,0.03468208,0.04624277,0.01156069,0.06358382,0.12716763,0.06358382,0.04046243,0.02312139,0.03468208,0.04046243,0.0867052,0.05780347,0.04046243,0.08092486,0.0,0.01734104
0.06603774,0.0,0.06132075,0.0990566,0.03301887,0.04716981,0.01886792,0.06132075,0.14150943,0.08490566,0.02358491,0.05188679,0.03773585,0.05660377,0.06132075,0.03773585,0.02830189,0.06603774,0.0,0.02358491
0.05472637,0.00497512,0.04477612,0.06965174,0.04975124,0.04975124,0.01492537,0.06965174,0.11940299,0.09950249,0.01492537,0.039801,0.039801,0.04975124,0.06965174,0.04975124,0.04975124,0.07960199,0.00497512,0.02487562
0.04020101,0.0,0.08040201,0.09045226,0.03015075,0.05527638,0.01507538,0.08542714,0.18592965,0.10552764,0.01005025,0.05527638,0.03015075,0.05025126,0.05527638,0.0201005,0.03517588,0.03015075,0.0,0.02512563
0.06857143,0.01142857,0.06285714,0.09142857,0.03428571,0.05142857,0.01142857,0.08571429,0.16,0.05714286,0.04,0.02285714,0.03428571,0.06285714,0.06857143,0.02285714,0.04571429,0.05714286,0.0,0.01142857
0.08648649,0.0,0.05945946,0.07567568,0.05405405,0.04864865,0.00540541,0.07567568,0.14594595,0.07027027,0.03243243,0.03243243,0.03243243,0.07027027,0.05945946,0.02702703,0.04324324,0.07027027,0.0,0.01081081
0.06666667,0.01111111,0.06666667,0.08333333,0.04444444,0.04444444,0.02222222,0.08888889,0.13333333,0.06111111,0.04444444,0.04444444,0.03333333,0.03888889,0.08333333,0.03333333,0.01111111,0.06666667,0.0,0.02222222
0.05617978,0.00561798,0.07303371,0.06741573,0.02247191,0.03932584,0.01123596,0.10674157,0.14044944,0.05617978,0.02808989,0.08426966,0.02247191,0.03932584,0.06741573,0.02808989,0.03370787,0.07303371,0.00561798,0.03932584
0.04201681,0.0,0.03361345,0.14285714,0.07563025,0.03361345,0.00840336,0.03361345,0.09243697,0.05042017,0.02521008,0.04201681,0.02521008,0.10084034,0.03361345,0.06722689,0.05042017,0.09243697,0.00840336,0.04201681
0.06097561,0.01219512,0.07926829,0.1097561,0.05487805,0.06707317,0.01219512,0.08536585,0.06707317,0.07926829,0.01219512,0.03658537,0.06707317,0.0304878,0.04878049,0.02439024,0.04268293,0.05487805,0.00609756,0.04878049
0.09717868,0.00626959,0.05329154,0.09090909,0.01567398,0.10344828,0.01567398,0.07210031,0.06896552,0.09090909,0.01567398,0.06583072,0.04075235,0.02194357,0.01880878,0.06583072,0.04388715,0.07836991,0.00626959,0.02821317
0.14141414,0.00673401,0.06397306,0.08080808,0.02020202,0.08080808,0.03367003,0.06060606,0.05723906,0.12794613,0.02693603,0.02020202,0.03703704,0.03703704,0.06060606,0.04040404,0.03703704,0.04040404,0.0,0.02693603
0.06985294,0.01102941,0.08088235,0.08455882,0.02205882,0.08088235,0.02941176,0.0625,0.07720588,0.12132353,0.02573529,0.02941176,0.02573529,0.01838235,0.04411765,0.07720588,0.0625,0.05882353,0.0,0.01838235
0.0815047,0.00940439,0.06269592,0.06269592,0.02194357,0.14420063,0.03761755,0.09404389,0.05642633,0.06896552,0.01567398,0.02507837,0.02194357,0.02821317,0.05956113,0.03761755,0.05956113,0.0815047,0.0031348,0.02821317
0.10344828,0.00940439,0.0815047,0.05642633,0.03134796,0.12225705,0.03448276,0.06896552,0.03761755,0.0846395,0.02821317,0.03448276,0.02507837,0.02194357,0.05329154,0.04702194,0.04388715,0.08777429,0.0,0.02821317
0.05069124,0.00921659,0.09677419,0.07373272,0.02764977,0.08294931,0.00921659,0.07834101,0.06912442,0.10599078,0.02764977,0.04147465,0.04608295,0.05069124,0.05069124,0.05069124,0.04147465,0.05990783,0.0,0.02764977
0.06046512,0.01860465,0.07906977,0.07906977,0.02325581,0.08837209,0.02325581,0.08372093,0.0744186,0.08837209,0.02790698,0.05581395,0.03255814,0.02790698,0.0372093,0.03255814,0.05116279,0.08837209,0.0,0.02790698
0.03286385,0.02347418,0.0657277,0.05633803,0.04225352,0.04694836,0.0,0.07981221,0.11267606,0.12676056,0.02347418,0.07981221,0.02816901,0.07042254,0.03286385,0.03286385,0.05164319,0.05164319,0.0,0.04225352
0.03271028,0.02336449,0.06542056,0.06542056,0.04672897,0.03738318,0.02803738,0.09345794,0.09345794,0.09345794,0.00934579,0.06542056,0.03738318,0.03271028,0.04672897,0.05607477,0.04672897,0.06542056,0.0046729,0.05607477
0.04672897,0.02803738,0.05607477,0.03738318,0.05140187,0.04672897,0.00934579,0.09345794,0.07943925,0.11214953,0.01401869,0.07476636,0.03738318,0.06542056,0.03738318,0.04205607,0.06074766,0.07476636,0.0,0.03271028
0.05581395,0.01860465,0.04186047,0.04651163,0.04651163,0.05581395,0.0372093,0.03255814,0.05581395,0.14883721,0.01860465,0.05116279,0.04186047,0.09767442,0.03255814,0.0372093,0.0744186,0.07906977,0.00465116,0.02325581
0.05633803,0.01877934,0.07042254,0.05633803,0.02347418,0.05164319,0.02816901,0.09389671,0.09389671,0.11267606,0.01408451,0.07981221,0.04225352,0.04694836,0.03755869,0.04225352,0.04225352,0.03755869,0.00469484,0.04694836
0.0610687,0.01145038,0.08778626,0.09541985,0.02671756,0.08396947,0.02671756,0.05343511,0.0648855,0.14503817,0.01145038,0.01908397,0.04198473,0.01145038,0.0610687,0.04198473,0.03435115,0.04961832,0.01526718,0.05725191
0.09119497,0.00628931,0.06289308,0.05974843,0.03773585,0.08176101,0.03144654,0.09748428,0.05345912,0.06918239,0.02830189,0.05031447,0.03144654,0.0408805,0.0408805,0.04402516,0.05974843,0.0754717,0.00628931,0.03144654
0.090625,0.009375,0.05625,0.06875,0.0375,0.09375,0.03125,0.071875,0.075,0.078125,0.01875,0.05625,0.03125,0.028125,0.01875,0.046875,0.046875,0.096875,0.00625,0.0375
0.09287926,0.00309598,0.07739938,0.07120743,0.0247678,0.08359133,0.0247678,0.06811146,0.07739938,0.07120743,0.0371517,0.03405573,0.0495356,0.02786378,0.02786378,0.05263158,0.04643963,0.09597523,0.0123839,0.02167183
0.1010929,0.00546448,0.06284153,0.08469945,0.02459016,0.08469945,0.01092896,0.05737705,0.05191257,0.1147541,0.03005464,0.03825137,0.04918033,0.02185792,0.06557377,0.05737705,0.04098361,0.07377049,0.00546448,0.01912568
0.10626703,0.00817439,0.0653951,0.07629428,0.02724796,0.07356948,0.02179837,0.0599455,0.05177112,0.09264305,0.02452316,0.03269755,0.03814714,0.01634877,0.0626703,0.08174387,0.05177112,0.07629428,0.00544959,0.02724796
0.10410959,0.00273973,0.05479452,0.10136986,0.04383562,0.06849315,0.01643836,0.04657534,0.06027397,0.10410959,0.02739726,0.04109589,0.04109589,0.02191781,0.04931507,0.07671233,0.03835616,0.07945205,0.00547945,0.01643836
0.0952381,0.00280112,0.06722689,0.08403361,0.02521008,0.08403361,0.00840336,0.06722689,0.07843137,0.08963585,0.03081232,0.04201681,0.03641457,0.00840336,0.04761905,0.06442577,0.03921569,0.08963585,0.00560224,0.03361345
0.10144928,0.0057971,0.06376812,0.06666667,0.03188406,0.07536232,0.02318841,0.07536232,0.07246377,0.11304348,0.03188406,0.03768116,0.04347826,0.03188406,0.03768116,0.06376812,0.04637681,0.05217391,0.00289855,0.02318841
0.06803594,0.00385109,0.05391528,0.10654685,0.01412067,0.07188703,0.01925546,0.06546855,0.08087291,0.12066752,0.02567394,0.02824134,0.042362,0.03465982,0.06546855,0.042362,0.05519897,0.07060334,0.00385109,0.02695764
0.04654088,0.00377358,0.0591195,0.09056604,0.03018868,0.0591195,0.01132075,0.09433962,0.10314465,0.09685535,0.01761006,0.0490566,0.03773585,0.03522013,0.04779874,0.0591195,0.05408805,0.07044025,0.00251572,0.03144654
0.07723577,0.0,0.05691057,0.07723577,0.04065041,0.04471545,0.02845528,0.11382114,0.07723577,0.08130081,0.03252033,0.08536585,0.02845528,0.04878049,0.03252033,0.02439024,0.06504065,0.04065041,0.00406504,0.04065041
0.08712871,0.0039604,0.07920792,0.08118812,0.05742574,0.06336634,0.01782178,0.05148515,0.04950495,0.08316832,0.02970297,0.03762376,0.03762376,0.03168317,0.04950495,0.05742574,0.04752475,0.05346535,0.02970297,0.05148515
0.09473684,0.0,0.05526316,0.07368421,0.03421053,0.08421053,0.02894737,0.07631579,0.07105263,0.11315789,0.01578947,0.02894737,0.03157895,0.02894737,0.01842105,0.07894737,0.06578947,0.06578947,0.00263158,0.03157895
0.09,0.0125,0.0675,0.0875,0.0225,0.0775,0.02,0.085,0.06,0.0675,0.015,0.03,0.0425,0.035,0.06,0.0525,0.0675,0.07,0.0025,0.035
0.04699739,0.02349869,0.05221932,0.04960836,0.04699739,0.07049608,0.02349869,0.07571802,0.06788512,0.09921671,0.01044386,0.07049608,0.03133159,0.04699739,0.02610966,0.07832898,0.04960836,0.08355091,0.01305483,0.03394256
0.05053191,0.00797872,0.08776596,0.04255319,0.05053191,0.07446809,0.01595745,0.10638298,0.09042553,0.07446809,0.0212766,0.06914894,0.02925532,0.03191489,0.03191489,0.08510638,0.04255319,0.05319149,0.00531915,0.02925532
0.03780069,0.00343643,0.05498282,0.08934708,0.06872852,0.02749141,0.03780069,0.07216495,0.08591065,0.15120275,0.02061856,0.07560137,0.02405498,0.03092784,0.03092784,0.08934708,0.02749141,0.03436426,0.0,0.03780069
0.06666667,0.00769231,0.05128205,0.08461538,0.05641026,0.09487179,0.03846154,0.05897436,0.05641026,0.08205128,0.02051282,0.04102564,0.04615385,0.02051282,0.03589744,0.06923077,0.05641026,0.06666667,0.00769231,0.03846154
0.07986111,0.00694444,0.06597222,0.07986111,0.0625,0.07291667,0.01041667,0.10069444,0.08333333,0.07986111,0.03125,0.05555556,0.01736111,0.03472222,0.02777778,0.03472222,0.05208333,0.0625,0.0,0.04166667
0.04842615,0.00726392,0.07021792,0.07021792,0.0653753,0.04600484,0.02179177,0.07021792,0.0653753,0.09927361,0.02663438,0.05569007,0.02663438,0.03631961,0.03874092,0.07990315,0.06053269,0.05084746,0.00484262,0.05569007
0.04278075,0.00356506,0.08377897,0.07843137,0.04099822,0.06238859,0.02495544,0.05882353,0.07130125,0.06238859,0.04099822,0.0516934,0.04099822,0.04278075,0.04991087,0.06060606,0.03208556,0.05882353,0.03030303,0.06238859
0.02846975,0.0,0.08007117,0.08896797,0.03024911,0.0658363,0.01957295,0.06049822,0.0747331,0.06761566,0.04270463,0.04982206,0.0569395,0.02491103,0.05871886,0.04982206,0.04092527,0.06049822,0.03024911,0.06939502
0.03401361,0.00680272,0.04761905,0.0952381,0.01360544,0.04761905,0.02040816,0.03401361,0.10204082,0.20408163,0.04081633,0.02721088,0.02721088,0.06122449,0.03401361,0.06122449,0.07482993,0.02040816,0.00680272,0.04081633
0.06233766,0.0025974,0.06493506,0.08831169,0.04935065,0.07272727,0.03636364,0.05194805,0.06753247,0.07272727,0.02337662,0.04415584,0.05974026,0.02857143,0.03896104,0.05974026,0.04935065,0.07272727,0.01818182,0.03636364
0.06632653,0.00255102,0.05612245,0.04846939,0.04336735,0.08418367,0.02806122,0.06377551,0.03061224,0.07653061,0.03061224,0.05867347,0.07397959,0.04846939,0.04591837,0.06887755,0.05102041,0.06887755,0.02295918,0.03061224
0.05822268,0.00102145,0.04800817,0.10418795,0.03983657,0.04698672,0.0102145,0.09805924,0.10827375,0.11440245,0.00919305,0.07048008,0.01123596,0.05720123,0.03166496,0.07354443,0.05107252,0.05005107,0.00102145,0.01532176
0.07026477,0.00407332,0.04989817,0.08553971,0.03767821,0.05193483,0.01425662,0.06720978,0.08757637,0.13034623,0.01527495,0.06313646,0.01832994,0.06619145,0.03564155,0.06211813,0.05498982,0.05397149,0.00407332,0.02749491
0.09302326,0.00930233,0.0372093,0.08372093,0.02790698,0.09767442,0.04186047,0.09767442,0.05581395,0.06511628,0.01395349,0.03255814,0.06976744,0.0372093,0.0372093,0.04651163,0.05116279,0.06976744,0.00930233,0.02325581
0.08490566,0.00471698,0.08018868,0.03301887,0.03773585,0.06603774,0.04716981,0.0990566,0.03773585,0.08490566,0.01415094,0.05660377,0.06603774,0.04716981,0.02830189,0.04716981,0.06603774,0.06603774,0.00471698,0.02830189
0.13023256,0.01860465,0.06976744,0.04186047,0.04651163,0.0744186,0.02790698,0.08837209,0.05581395,0.06046512,0.03255814,0.04186047,0.06511628,0.04651163,0.03255814,0.02790698,0.05581395,0.06511628,0.0,0.01860465
0.08153078,0.0,0.05823627,0.09816972,0.05657238,0.03993344,0.03660566,0.03494176,0.05657238,0.1014975,0.01996672,0.05657238,0.01830283,0.04492512,0.03327787,0.06156406,0.06322795,0.06156406,0.00831947,0.06821963
0.06013363,0.00668151,0.0935412,0.05790646,0.06013363,0.05567929,0.02004454,0.05345212,0.09131403,0.077951,0.02895323,0.07349666,0.04008909,0.03786192,0.03340757,0.05790646,0.04008909,0.0623608,0.02004454,0.02895323
0.09744409,0.0,0.07348243,0.09105431,0.06230032,0.03833866,0.01597444,0.0543131,0.08785942,0.0942492,0.01757188,0.05271565,0.0399361,0.03194888,0.02715655,0.06709265,0.05111821,0.04153355,0.02076677,0.03514377
0.06829268,0.00243902,0.06585366,0.0902439,0.03902439,0.0804878,0.02195122,0.08292683,0.06829268,0.06829268,0.03414634,0.05853659,0.04634146,0.03902439,0.02439024,0.04146341,0.07317073,0.05609756,0.0,0.03902439
0.062954,0.00726392,0.08474576,0.08958838,0.05084746,0.07748184,0.03389831,0.05326877,0.0653753,0.07506053,0.03874092,0.05569007,0.04116223,0.03389831,0.03874092,0.04358354,0.04358354,0.062954,0.0,0.04116223
0.06815203,0.00131062,0.07470511,0.07077326,0.05504587,0.04849279,0.02359109,0.05504587,0.0733945,0.11402359,0.01965924,0.0576671,0.03145478,0.03669725,0.03800786,0.06159895,0.05373526,0.05635649,0.02096986,0.03931848
0.02941176,0.0210084,0.06722689,0.07983193,0.03361345,0.09663866,0.02941176,0.07983193,0.1092437,0.12184874,0.0210084,0.04201681,0.02521008,0.01260504,0.04621849,0.02521008,0.04621849,0.06302521,0.00840336,0.04201681
0.04562738,0.01901141,0.06463878,0.07224335,0.0418251,0.07224335,0.03041825,0.05703422,0.08745247,0.09125475,0.03041825,0.03422053,0.04562738,0.02281369,0.05323194,0.02661597,0.08365019,0.06844106,0.01520913,0.03802281
0.07451923,0.00961538,0.05288462,0.05288462,0.05048077,0.07451923,0.00961538,0.07451923,0.11298077,0.11538462,0.01923077,0.05769231,0.01682692,0.04567308,0.01201923,0.07932692,0.04567308,0.07692308,0.00480769,0.01442308
0.07386364,0.00426136,0.05681818,0.109375,0.03267045,0.08380682,0.015625,0.08238636,0.07528409,0.08238636,0.02556818,0.02556818,0.03551136,0.03977273,0.05113636,0.05965909,0.04545455,0.08806818,0.00142045,0.01136364
0.11003236,0.00970874,0.06148867,0.10679612,0.02588997,0.0420712,0.01294498,0.07119741,0.08414239,0.10679612,0.01618123,0.06148867,0.02265372,0.03559871,0.02265372,0.0420712,0.05177994,0.09385113,0.0,0.02265372
0.07446809,0.00851064,0.04680851,0.06382979,0.03191489,0.0893617,0.02765957,0.05744681,0.08297872,0.1,0.02978723,0.02978723,0.04468085,0.04042553,0.03191489,0.07446809,0.06382979,0.07021277,0.00638298,0.02553191
0.07504363,0.0052356,0.08027923,0.07678883,0.05061082,0.04712042,0.01396161,0.09947644,0.10122164,0.10820244,0.02443281,0.04013962,0.02094241,0.04886562,0.02617801,0.06631763,0.04013962,0.04886562,0.0017452,0.02443281
0.06993007,0.00524476,0.05944056,0.05244755,0.04895105,0.05594406,0.01048951,0.08216783,0.1013986,0.10664336,0.03146853,0.05769231,0.02447552,0.05244755,0.02622378,0.05769231,0.05769231,0.06643357,0.00524476,0.02797203
0.08219178,0.00684932,0.05479452,0.10273973,0.05479452,0.06164384,0.03424658,0.07534247,0.05479452,0.12328767,0.03424658,0.04794521,0.03424658,0.05479452,0.02054795,0.06164384,0.02739726,0.05479452,0.0,0.01369863
0.0797546,0.0,0.06748466,0.05521472,0.03680982,0.03680982,0.02453988,0.09202454,0.06748466,0.07361963,0.03680982,0.03680982,0.03067485,0.03680982,0.06748466,0.08588957,0.04907975,0.11042945,0.00613497,0.00613497
0.05194805,0.00649351,0.07142857,0.05844156,0.06493506,0.09090909,0.01948052,0.07142857,0.1038961,0.08441558,0.01948052,0.05194805,0.03896104,0.02597403,0.00649351,0.05194805,0.06493506,0.11038961,0.00649351,0.0
0.15909091,0.0,0.03409091,0.07954545,0.02272727,0.07954545,0.01136364,0.07954545,0.09090909,0.07954545,0.04545455,0.03409091,0.02272727,0.02272727,0.01136364,0.06818182,0.09090909,0.05681818,0.0,0.01136364
0.09090909,0.0,0.04545455,0.11363636,0.01136364,0.10227273,0.01136364,0.09090909,0.09090909,0.07954545,0.03409091,0.01136364,0.01136364,0.03409091,0.01136364,0.07954545,0.06818182,0.07954545,0.0,0.03409091
0.15909091,0.0,0.05681818,0.03409091,0.02272727,0.05681818,0.01136364,0.14772727,0.09090909,0.04545455,0.04545455,0.05681818,0.01136364,0.06818182,0.01136364,0.06818182,0.07954545,0.03409091,0.0,0.0
0.14285714,0.0,0.07142857,0.09821429,0.03571429,0.05357143,0.02678571,0.05357143,0.05357143,0.08035714,0.08035714,0.03571429,0.0,0.07142857,0.03571429,0.01785714,0.07142857,0.05357143,0.0,0.01785714
0.13333333,0.00952381,0.04761905,0.1047619,0.01904762,0.07619048,0.04761905,0.04761905,0.05714286,0.12380952,0.05714286,0.01904762,0.00952381,0.01904762,0.03809524,0.06666667,0.04761905,0.04761905,0.0,0.02857143
0.08965517,0.02758621,0.03448276,0.13793103,0.03448276,0.06896552,0.0137931,0.08965517,0.05517241,0.08965517,0.02758621,0.05517241,0.02068966,0.05517241,0.0137931,0.03448276,0.04137931,0.08965517,0.0,0.02068966
0.0979021,0.0,0.07692308,0.1048951,0.03496503,0.07692308,0.02097902,0.07692308,0.06293706,0.06993007,0.01398601,0.06293706,0.01398601,0.04195804,0.01398601,0.06293706,0.04195804,0.11188811,0.00699301,0.00699301
0.08275862,0.0137931,0.11034483,0.05517241,0.04827586,0.07586207,0.02068966,0.08965517,0.06206897,0.07586207,0.02068966,0.04137931,0.03448276,0.06896552,0.0137931,0.02758621,0.03448276,0.10344828,0.0,0.02068966
0.075,0.00833333,0.075,0.11666667,0.02777778,0.05555556,0.01388889,0.06666667,0.08888889,0.07777778,0.03333333,0.05277778,0.01944444,0.03333333,0.05833333,0.05555556,0.04722222,0.06111111,0.00555556,0.02777778
0.06944444,0.0,0.09166667,0.1,0.02222222,0.05555556,0.025,0.05277778,0.06388889,0.075,0.03888889,0.05,0.01944444,0.05277778,0.06666667,0.05833333,0.04722222,0.075,0.00277778,0.03333333
0.07821229,0.0,0.08659218,0.11731844,0.01675978,0.06145251,0.01675978,0.05865922,0.06703911,0.08379888,0.03351955,0.04469274,0.02513966,0.03351955,0.07821229,0.04748603,0.05865922,0.05586592,0.0027933,0.03351955
0.08108108,0.0,0.06216216,0.10540541,0.02702703,0.05135135,0.01891892,0.07837838,0.09459459,0.07837838,0.02432432,0.05675676,0.01621622,0.05405405,0.05135135,0.04054054,0.05675676,0.06756757,0.00810811,0.02702703
0.08055556,0.00555556,0.06111111,0.10555556,0.025,0.04444444,0.02222222,0.075,0.08611111,0.08333333,0.04166667,0.05833333,0.02777778,0.03888889,0.05277778,0.05555556,0.04166667,0.06111111,0.00555556,0.02777778
0.06128134,0.00835655,0.04178273,0.10306407,0.03899721,0.03899721,0.01949861,0.0724234,0.09749304,0.10306407,0.01114206,0.0724234,0.03064067,0.05571031,0.04178273,0.05849582,0.05013928,0.07520891,0.00557103,0.01392758
0.04735376,0.00278552,0.04735376,0.11977716,0.02228412,0.05292479,0.01949861,0.07799443,0.10306407,0.08913649,0.03064067,0.06406685,0.02506964,0.02506964,0.04735376,0.07520891,0.04735376,0.06406685,0.00557103,0.03342618
0.05292479,0.00278552,0.05292479,0.10584958,0.02506964,0.05292479,0.01392758,0.09470752,0.10306407,0.09470752,0.02228412,0.04735376,0.01949861,0.0362117,0.04178273,0.10584958,0.04456825,0.04735376,0.00278552,0.03342618
0.06703911,0.0,0.07541899,0.12569832,0.01396648,0.06145251,0.01955307,0.06145251,0.08100559,0.08379888,0.02234637,0.03910615,0.02234637,0.04748603,0.05307263,0.0726257,0.05307263,0.06424581,0.0,0.03631285
0.08356546,0.0,0.0724234,0.11699164,0.01392758,0.05849582,0.01671309,0.05571031,0.06963788,0.06963788,0.0362117,0.03342618,0.01949861,0.05849582,0.06406685,0.05013928,0.05571031,0.08635097,0.00278552,0.0362117
0.05737705,0.00546448,0.07103825,0.11202186,0.0273224,0.06010929,0.0273224,0.05191257,0.06284153,0.09836066,0.03278689,0.04371585,0.02459016,0.04644809,0.06557377,0.06557377,0.05464481,0.04918033,0.01092896,0.03278689
0.06849315,0.0,0.0739726,0.10410959,0.02739726,0.07671233,0.01643836,0.04657534,0.04383562,0.09041096,0.05753425,0.04931507,0.01917808,0.05479452,0.05753425,0.06027397,0.04109589,0.06027397,0.01369863,0.03835616
0.10084034,0.0,0.08403361,0.07563025,0.0280112,0.07002801,0.03641457,0.03921569,0.04201681,0.08403361,0.03081232,0.03921569,0.03081232,0.06442577,0.06162465,0.05322129,0.04481793,0.06162465,0.0140056,0.03921569
0.05916031,0.0019084,0.0610687,0.09351145,0.0610687,0.07442748,0.01335878,0.0629771,0.0629771,0.07633588,0.03435115,0.04389313,0.04007634,0.04961832,0.04961832,0.04961832,0.05534351,0.06679389,0.00763359,0.03625954
0.05182342,0.00575816,0.07101727,0.08637236,0.06909789,0.05566219,0.02303263,0.07101727,0.06909789,0.0806142,0.03454894,0.04990403,0.03454894,0.04414587,0.04222649,0.04606526,0.0537428,0.07293666,0.01151631,0.0268714
0.0923913,0.0,0.08695652,0.10869565,0.00543478,0.0326087,0.0,0.07065217,0.0923913,0.09782609,0.01630435,0.0326087,0.03804348,0.04347826,0.0923913,0.04347826,0.07065217,0.05978261,0.0,0.01630435
0.05769231,0.0,0.04807692,0.15384615,0.03846154,0.03846154,0.01923077,0.06730769,0.08653846,0.06730769,0.02884615,0.04807692,0.05769231,0.01923077,0.03846154,0.05769231,0.04807692,0.06730769,0.02884615,0.02884615
0.04545455,0.01515152,0.09090909,0.04545455,0.04040404,0.13131313,0.01010101,0.07070707,0.07070707,0.09090909,0.02525253,0.06060606,0.01515152,0.03030303,0.05050505,0.06060606,0.04040404,0.06565657,0.01010101,0.03030303
0.0851735,0.0,0.04574132,0.09148265,0.02839117,0.08044164,0.01892744,0.04258675,0.04100946,0.13249211,0.0126183,0.01735016,0.04574132,0.03943218,0.08990536,0.0488959,0.05205047,0.09305994,0.0126183,0.02208202
0.09266409,0.00772201,0.05791506,0.06949807,0.02316602,0.04633205,0.03474903,0.09266409,0.06563707,0.0965251,0.03088803,0.03474903,0.04633205,0.02702703,0.05019305,0.06563707,0.04247104,0.07335907,0.003861,0.03861004
0.046875,0.00520833,0.09375,0.08333333,0.05208333,0.03125,0.05729167,0.0625,0.06770833,0.13541667,0.03645833,0.046875,0.015625,0.04166667,0.03645833,0.0625,0.046875,0.03645833,0.01041667,0.03125
0.04090909,0.01818182,0.07727273,0.07727273,0.05,0.05909091,0.03636364,0.09545455,0.08181818,0.09545455,0.01363636,0.04090909,0.03181818,0.04090909,0.06363636,0.02727273,0.04545455,0.06363636,0.00909091,0.03181818
0.07053942,0.01244813,0.05809129,0.07883817,0.08298755,0.06224066,0.04149378,0.07053942,0.04979253,0.10373444,0.02489627,0.02074689,0.06224066,0.0746888,0.04149378,0.05809129,0.02904564,0.03319502,0.00829876,0.01659751
0.07727273,0.00454545,0.0625,0.09545455,0.04204545,0.08636364,0.02045455,0.05227273,0.06931818,0.07613636,0.02727273,0.05,0.02954545,0.03522727,0.04204545,0.04886364,0.05113636,0.09545455,0.00909091,0.025
0.04426788,0.01702611,0.06583428,0.10215664,0.0431328,0.07945516,0.01816118,0.08286039,0.10442679,0.0692395,0.02724177,0.05561862,0.01929625,0.01816118,0.04426788,0.05675369,0.04994325,0.06810443,0.00567537,0.02837684
0.06712173,0.01365188,0.0625711,0.11262799,0.04209329,0.08418658,0.01592719,0.06029579,0.09101251,0.0887372,0.02502844,0.05688282,0.02047782,0.01592719,0.04323094,0.04891923,0.04550626,0.07622298,0.00568828,0.02389078
0.05574516,0.01251422,0.05688282,0.10807736,0.03981797,0.08532423,0.0182025,0.09442548,0.10580205,0.08304892,0.01706485,0.05005688,0.02161547,0.02275313,0.03981797,0.05346985,0.04095563,0.06484642,0.00568828,0.02389078
0.08636364,0.00113636,0.06363636,0.09772727,0.03977273,0.07954545,0.02386364,0.06136364,0.06590909,0.08409091,0.02272727,0.04431818,0.03522727,0.04090909,0.04090909,0.03977273,0.05340909,0.08181818,0.01136364,0.02613636
0.07936508,0.00340136,0.08503401,0.07596372,0.04195011,0.07482993,0.0260771,0.0600907,0.08843537,0.07936508,0.02154195,0.04648526,0.03514739,0.0430839,0.03628118,0.04421769,0.04875283,0.07596372,0.01020408,0.02380952
0.08486239,0.00229358,0.05963303,0.0940367,0.04357798,0.07798165,0.02178899,0.06077982,0.06995413,0.08944954,0.02178899,0.04013761,0.03440367,0.03784404,0.03669725,0.05504587,0.05504587,0.08142202,0.00917431,0.02408257
0.04333333,0.01,0.05777778,0.06333333,0.06666667,0.04222222,0.02111111,0.08333333,0.09333333,0.10222222,0.00333333,0.08666667,0.02444444,0.05333333,0.03555556,0.05888889,0.05666667,0.05111111,0.01,0.03666667
0.03683036,0.00669643,0.07366071,0.06808036,0.0546875,0.04799107,0.01450893,0.08705357,0.10044643,0.08705357,0.01116071,0.08370536,0.0234375,0.04352679,0.03794643,0.05133929,0.06584821,0.05580357,0.01004464,0.04017857
0.06849315,0.00114155,0.06506849,0.0890411,0.04452055,0.07077626,0.01940639,0.0696347,0.0696347,0.06849315,0.03310502,0.05821918,0.03196347,0.0456621,0.04109589,0.05251142,0.05593607,0.07648402,0.00799087,0.03082192
0.06605923,0.01252847,0.06947608,0.10364465,0.03644647,0.08200456,0.01366743,0.07972665,0.09225513,0.0808656,0.01480638,0.03302961,0.023918,0.023918,0.05125285,0.05353075,0.04214123,0.0808656,0.00797267,0.03189066
0.07296137,0.00643777,0.07296137,0.09871245,0.05364807,0.06223176,0.01502146,0.07939914,0.09227468,0.07081545,0.02575107,0.05579399,0.027897,0.027897,0.04935622,0.04291845,0.0472103,0.04506438,0.01287554,0.04077253
0.09151786,0.00446429,0.07142857,0.08705357,0.06473214,0.05803571,0.02232143,0.05357143,0.06696429,0.06473214,0.02232143,0.05803571,0.02455357,0.03571429,0.04464286,0.05357143,0.05357143,0.07142857,0.015625,0.03571429
0.11276596,0.00638298,0.08085106,0.06382979,0.05106383,0.05744681,0.02340426,0.05744681,0.06170213,0.06170213,0.01702128,0.04680851,0.03404255,0.04680851,0.04893617,0.02978723,0.0787234,0.07021277,0.0106383,0.04042553
0.07218684,0.00424628,0.08704883,0.09341826,0.0552017,0.05307856,0.02547771,0.07006369,0.06794055,0.08704883,0.02123142,0.05307856,0.02547771,0.03184713,0.05732484,0.03609342,0.05732484,0.05307856,0.01061571,0.03821656
0.05491991,0.01144165,0.05034325,0.0389016,0.04576659,0.04347826,0.04118993,0.0778032,0.09382151,0.11899314,0.01601831,0.05720824,0.03432494,0.0778032,0.02745995,0.04805492,0.04118993,0.06407323,0.02517162,0.03203661
0.07905983,0.0042735,0.08760684,0.07905983,0.04273504,0.0534188,0.02564103,0.07264957,0.06837607,0.08119658,0.02564103,0.05555556,0.02777778,0.03418803,0.0534188,0.04700855,0.05128205,0.05982906,0.01495726,0.03632479
0.06866953,0.00429185,0.07725322,0.08154506,0.0472103,0.05364807,0.03218884,0.08369099,0.06437768,0.06437768,0.02145923,0.06866953,0.03433476,0.03648069,0.05150215,0.04935622,0.03862661,0.06437768,0.01072961,0.0472103
0.08053691,0.00671141,0.08053691,0.08277405,0.05816555,0.06487696,0.0246085,0.07158837,0.0738255,0.05816555,0.02684564,0.05816555,0.02237136,0.02908277,0.03803132,0.04697987,0.05369128,0.07158837,0.01565996,0.03579418
0.07066381,0.00428266,0.07494647,0.1006424,0.04496788,0.04496788,0.0235546,0.07280514,0.10278373,0.08137045,0.02569593,0.05567452,0.02997859,0.01498929,0.05139186,0.04068522,0.04496788,0.05139186,0.01498929,0.04925054
0.03669725,0.00688073,0.0733945,0.05504587,0.03669725,0.0412844,0.03211009,0.10779817,0.10321101,0.11238532,0.02522936,0.11009174,0.01834862,0.03440367,0.01834862,0.03440367,0.02981651,0.04816514,0.01605505,0.05963303
0.08233276,0.00343053,0.06689537,0.08747856,0.05660377,0.07375643,0.02058319,0.04459691,0.0651801,0.12006861,0.03259005,0.03773585,0.02915952,0.04459691,0.06346484,0.04116638,0.03773585,0.06003431,0.00857633,0.02401372
0.06890756,0.00504202,0.07563025,0.08907563,0.05714286,0.07226891,0.01680672,0.04537815,0.06722689,0.11596639,0.02689076,0.02521008,0.04033613,0.04201681,0.05882353,0.0487395,0.04705882,0.06722689,0.00504202,0.02521008
0.05527638,0.01005025,0.0720268,0.09882747,0.06030151,0.07705193,0.01172529,0.06197655,0.08040201,0.10050251,0.03517588,0.03685092,0.04020101,0.03015075,0.05527638,0.03685092,0.04690117,0.05862647,0.00670017,0.02512563
0.08305085,0.00169492,0.08135593,0.08305085,0.05254237,0.06101695,0.01016949,0.05084746,0.0779661,0.10847458,0.0220339,0.03898305,0.03389831,0.03728814,0.05254237,0.04745763,0.05762712,0.06440678,0.00847458,0.02711864
0.08361204,0.00167224,0.09197324,0.06354515,0.05685619,0.07525084,0.01672241,0.05183946,0.05685619,0.08695652,0.02675585,0.03511706,0.04347826,0.05016722,0.05685619,0.04013378,0.05016722,0.06187291,0.01003344,0.04013378
0.08798646,0.00338409,0.07106599,0.09306261,0.05583756,0.06937394,0.01184433,0.05922166,0.07275804,0.10152284,0.01861252,0.03891709,0.04230118,0.02876481,0.05245347,0.03891709,0.05245347,0.0642978,0.00676819,0.03045685
0.05383023,0.00621118,0.05797101,0.08488613,0.05590062,0.03312629,0.01449275,0.09109731,0.07867495,0.10766046,0.02070393,0.07453416,0.02691511,0.05797101,0.04554865,0.05383023,0.03726708,0.05383023,0.00621118,0.03933747
0.04137931,0.00689655,0.05862069,0.08103448,0.07241379,0.05,0.00517241,0.09310345,0.09827586,0.08275862,0.02241379,0.06896552,0.03448276,0.03275862,0.04310345,0.06034483,0.04137931,0.06206897,0.00517241,0.03965517
0.0556553,0.00718133,0.06104129,0.06104129,0.05385996,0.0502693,0.02333932,0.05745063,0.07899461,0.10951526,0.02513465,0.05206463,0.04847397,0.05385996,0.05206463,0.04129264,0.05206463,0.07360862,0.01256732,0.03052065
0.06598985,0.00169205,0.08291032,0.07952623,0.04399323,0.06598985,0.01692047,0.05922166,0.06598985,0.11336717,0.02707276,0.03384095,0.03891709,0.04399323,0.05922166,0.0642978,0.04399323,0.05414552,0.00676819,0.0321489
0.06802721,0.00510204,0.06972789,0.0952381,0.05102041,0.06972789,0.01190476,0.04931973,0.06632653,0.0952381,0.0255102,0.03571429,0.03911565,0.04251701,0.05782313,0.03231293,0.06462585,0.08333333,0.00680272,0.03061224
0.05067568,0.00506757,0.06756757,0.09797297,0.05405405,0.06587838,0.0152027,0.06418919,0.07939189,0.10304054,0.03040541,0.03040541,0.04222973,0.03040541,0.06587838,0.0472973,0.03547297,0.08108108,0.00675676,0.02702703
0.0467128,0.00519031,0.07266436,0.06228374,0.06401384,0.0467128,0.01038062,0.08477509,0.08304498,0.10899654,0.02249135,0.06574394,0.03633218,0.04152249,0.05190311,0.0449827,0.05017301,0.05709343,0.00692042,0.03806228
0.05613306,0.00623701,0.05405405,0.1018711,0.04989605,0.06860707,0.02079002,0.07692308,0.08108108,0.08523909,0.02286902,0.02910603,0.03742204,0.02910603,0.06444906,0.04573805,0.05613306,0.05821206,0.01039501,0.04573805
0.03917526,0.00618557,0.05773196,0.10721649,0.05154639,0.06185567,0.02061856,0.08865979,0.09484536,0.08659794,0.02886598,0.02886598,0.04948454,0.02061856,0.06391753,0.04123711,0.0371134,0.05773196,0.01237113,0.04536082
0.08453608,0.00206186,0.04948454,0.10721649,0.03917526,0.07216495,0.02268041,0.05773196,0.06391753,0.09690722,0.02474227,0.03092784,0.03917526,0.05154639,0.04948454,0.05360825,0.03298969,0.07216495,0.01443299,0.03505155
0.07361963,0.00613497,0.0593047,0.10633947,0.04498978,0.06543967,0.02453988,0.05521472,0.06952965,0.09815951,0.0204499,0.0204499,0.04703476,0.05521472,0.0593047,0.0408998,0.03680982,0.06339468,0.01226994,0.0408998
0.07509158,0.00549451,0.07326007,0.10622711,0.04212454,0.05311355,0.02014652,0.06043956,0.0970696,0.06959707,0.03296703,0.03479853,0.04578755,0.01831502,0.04761905,0.05128205,0.04212454,0.05677656,0.00915751,0.05860806
0.04098361,0.0102459,0.06557377,0.0942623,0.04303279,0.06557377,0.03278689,0.07991803,0.09016393,0.10040984,0.02254098,0.05532787,0.04303279,0.01639344,0.03483607,0.05532787,0.04918033,0.04098361,0.0102459,0.04918033
0.074,0.006,0.064,0.096,0.034,0.07,0.026,0.068,0.08,0.082,0.034,0.032,0.038,0.044,0.05,0.05,0.05,0.05,0.014,0.038
0.0766129,0.0,0.07056452,0.08266129,0.04637097,0.06048387,0.02419355,0.07258065,0.09072581,0.07459677,0.03830645,0.03427419,0.04435484,0.04233871,0.05241935,0.04637097,0.0483871,0.04637097,0.0141129,0.03427419
0.06720978,0.00610998,0.0610998,0.10183299,0.04887984,0.0610998,0.02240326,0.0610998,0.07942974,0.09164969,0.02647658,0.04276986,0.04684318,0.03665988,0.04480652,0.05295316,0.03665988,0.06720978,0.01425662,0.0305499
0.0502008,0.00803213,0.06024096,0.07028112,0.04618474,0.04016064,0.02610442,0.08835341,0.09236948,0.1184739,0.01405622,0.07831325,0.03815261,0.04016064,0.03413655,0.05421687,0.03212851,0.04417671,0.01204819,0.05220884
0.06404959,0.00619835,0.04752066,0.06404959,0.06404959,0.04958678,0.0268595,0.09504132,0.09297521,0.10743802,0.00619835,0.08057851,0.0268595,0.04752066,0.0392562,0.04338843,0.04752066,0.04132231,0.01033058,0.0392562
0.05338809,0.01026694,0.05749487,0.0698152,0.06570842,0.04517454,0.01437372,0.10061602,0.11293634,0.08418891,0.02053388,0.07597536,0.04517454,0.02669405,0.02874743,0.06570842,0.04722793,0.04106776,0.00821355,0.02669405
0.05128205,0.00213675,0.06410256,0.08119658,0.03846154,0.04059829,0.02136752,0.09188034,0.11111111,0.09615385,0.01709402,0.07478632,0.02991453,0.04059829,0.03632479,0.06196581,0.04059829,0.02136752,0.01709402,0.06196581
0.06339468,0.00204499,0.06339468,0.11042945,0.05112474,0.06339468,0.02658487,0.06748466,0.06748466,0.09815951,0.02658487,0.03885481,0.03680982,0.04907975,0.05725971,0.03680982,0.04703476,0.03885481,0.01431493,0.0408998
0.06790123,0.0,0.06584362,0.11934156,0.04526749,0.06584362,0.02469136,0.07407407,0.07201646,0.08436214,0.0308642,0.03909465,0.04115226,0.02880658,0.05144033,0.04320988,0.04938272,0.04320988,0.01440329,0.03909465
0.04979253,0.01244813,0.06016598,0.06431535,0.04771784,0.03941909,0.02282158,0.11618257,0.09958506,0.09958506,0.0186722,0.07676349,0.02904564,0.03526971,0.03112033,0.0560166,0.04564315,0.0373444,0.01037344,0.04771784
0.05278592,0.01759531,0.06158358,0.09090909,0.05278592,0.07038123,0.01759531,0.07038123,0.1085044,0.07331378,0.04398827,0.03225806,0.04692082,0.03812317,0.03812317,0.03812317,0.04985337,0.07038123,0.00293255,0.02346041
0.05747126,0.01149425,0.09195402,0.07471264,0.04885057,0.07758621,0.02586207,0.04597701,0.05747126,0.09770115,0.02586207,0.02873563,0.04885057,0.05172414,0.06321839,0.03448276,0.04885057,0.07758621,0.00287356,0.02873563
0.05714286,0.01428571,0.05142857,0.1,0.04285714,0.07714286,0.02,0.06285714,0.06857143,0.08857143,0.04285714,0.03142857,0.04285714,0.03714286,0.04571429,0.05428571,0.08571429,0.04857143,0.00285714,0.02571429
0.04297994,0.01719198,0.07163324,0.05730659,0.08309456,0.03438395,0.03438395,0.08309456,0.08309456,0.08595989,0.03151862,0.06303725,0.03438395,0.0487106,0.03151862,0.04297994,0.05444126,0.06017192,0.01146132,0.0286533
0.04398827,0.01759531,0.07038123,0.03519062,0.07038123,0.04105572,0.02346041,0.08211144,0.08504399,0.1085044,0.02052786,0.07917889,0.02346041,0.03812317,0.02932551,0.07624633,0.09090909,0.02932551,0.01466276,0.02052786
0.03519062,0.01173021,0.07624633,0.07917889,0.06158358,0.03812317,0.02346041,0.1026393,0.12903226,0.08504399,0.02052786,0.07331378,0.02052786,0.02639296,0.03519062,0.06158358,0.02932551,0.04692082,0.00879765,0.03519062
0.04261364,0.01420455,0.06818182,0.09375,0.04261364,0.07386364,0.03125,0.05397727,0.07670455,0.09090909,0.03977273,0.03693182,0.03977273,0.05113636,0.05113636,0.05397727,0.04261364,0.06534091,0.00284091,0.02840909
0.04289544,0.01072386,0.0616622,0.08042895,0.05093834,0.08310992,0.02680965,0.05093834,0.07238606,0.10187668,0.03485255,0.02680965,0.03485255,0.0536193,0.05898123,0.05630027,0.0616622,0.06702413,0.00536193,0.01876676
0.04424779,0.01179941,0.05014749,0.10914454,0.05309735,0.08259587,0.02064897,0.07964602,0.07964602,0.08849558,0.03834808,0.02064897,0.05309735,0.02654867,0.0619469,0.04129794,0.05014749,0.05309735,0.00294985,0.03244838
0.04804805,0.01501502,0.07507508,0.04804805,0.07207207,0.03603604,0.03303303,0.09309309,0.09309309,0.0960961,0.02402402,0.09309309,0.01801802,0.03603604,0.03303303,0.04804805,0.04804805,0.05405405,0.01201201,0.02402402
0.09181141,0.00620347,0.0471464,0.10421836,0.03225806,0.07816377,0.01985112,0.04962779,0.0707196,0.0942928,0.02729529,0.03225806,0.03722084,0.02853598,0.04094293,0.0471464,0.05831266,0.10049628,0.00372208,0.02977667
0.08292079,0.00618812,0.05569307,0.10767327,0.03341584,0.08415842,0.01856436,0.04331683,0.0470297,0.10024752,0.01856436,0.03341584,0.03712871,0.03960396,0.0519802,0.04579208,0.05569307,0.09777228,0.00742574,0.03341584
0.09577114,0.00373134,0.05348259,0.09577114,0.02487562,0.0721393,0.01741294,0.05845771,0.07089552,0.10820896,0.01368159,0.03482587,0.03606965,0.03358209,0.03855721,0.05348259,0.05970149,0.09328358,0.00497512,0.03109453
0.04292929,0.01136364,0.06565657,0.09848485,0.0239899,0.06186869,0.01388889,0.09469697,0.08838384,0.08333333,0.02272727,0.06439394,0.03535354,0.01767677,0.04166667,0.05681818,0.0530303,0.09343434,0.00378788,0.02651515
0.0630517,0.01765448,0.07566204,0.09205549,0.02395965,0.06179067,0.00882724,0.07818411,0.08196721,0.09457755,0.02648172,0.0554855,0.03656999,0.01891551,0.04161412,0.0592686,0.05044136,0.07944515,0.0037831,0.03026482
0.09169765,0.00619579,0.04213135,0.09789343,0.02106568,0.06567534,0.01363073,0.06443618,0.05204461,0.08550186,0.02106568,0.05080545,0.03841388,0.04213135,0.03593556,0.05576208,0.07063197,0.09913259,0.00743494,0.03841388
0.08406524,0.00376412,0.05646173,0.08531995,0.02885822,0.06900878,0.01380176,0.07904642,0.06148055,0.08531995,0.03011292,0.04516939,0.04140527,0.03513174,0.03638645,0.06398996,0.05646173,0.09410289,0.00501882,0.0250941
0.09440994,0.00745342,0.08322981,0.05962733,0.02360248,0.06583851,0.0310559,0.0621118,0.04720497,0.09689441,0.02732919,0.02981366,0.04968944,0.03602484,0.04099379,0.04720497,0.07701863,0.08447205,0.00745342,0.02857143
0.08354115,0.00498753,0.05112219,0.10473815,0.02119701,0.0723192,0.02369077,0.07605985,0.06608479,0.09975062,0.01620948,0.03241895,0.03740648,0.02493766,0.03865337,0.05610973,0.06982544,0.08354115,0.00872818,0.0286783
0.03101737,0.01240695,0.05334988,0.04466501,0.06451613,0.03473945,0.01985112,0.10049628,0.09677419,0.11290323,0.01364764,0.09801489,0.02977667,0.04962779,0.01736973,0.0707196,0.05831266,0.06203474,0.00620347,0.0235732
0.05465839,0.00993789,0.05341615,0.05962733,0.05093168,0.04596273,0.01987578,0.08322981,0.07950311,0.1242236,0.0136646,0.07701863,0.03354037,0.04720497,0.03975155,0.0484472,0.05838509,0.06459627,0.00621118,0.02981366
0.05548705,0.00616523,0.06165228,0.09001233,0.03699137,0.06041924,0.02096178,0.07151665,0.06288533,0.09124538,0.02466091,0.05055487,0.0431566,0.04932182,0.03945746,0.04932182,0.04932182,0.09247842,0.00739827,0.03699137
0.06875,0.005,0.08,0.07875,0.03125,0.065,0.01375,0.08375,0.0525,0.09,0.01875,0.04375,0.035,0.04125,0.0475,0.06125,0.06,0.085,0.00375,0.035
0.08489388,0.00499376,0.05493134,0.0886392,0.03121099,0.06866417,0.01248439,0.07240949,0.05742821,0.0886392,0.02247191,0.03995006,0.0349563,0.03245943,0.03870162,0.06367041,0.07490637,0.0948814,0.00499376,0.02871411
0.06171285,0.00755668,0.04911839,0.11335013,0.0302267,0.06801008,0.01133501,0.07178841,0.07934509,0.10201511,0.02644836,0.03904282,0.0465995,0.0138539,0.05415617,0.04785894,0.0440806,0.09949622,0.00503778,0.02896725
0.05699482,0.01036269,0.0634715,0.04533679,0.04274611,0.02590674,0.02202073,0.10621762,0.09067358,0.11658031,0.01165803,0.11528497,0.0246114,0.03756477,0.01943005,0.05829016,0.04404145,0.06217617,0.00388601,0.04274611
0.07255521,0.00630915,0.05047319,0.10094637,0.04731861,0.0851735,0.02208202,0.04731861,0.06309148,0.09463722,0.01892744,0.03785489,0.03785489,0.05362776,0.04416404,0.04731861,0.04100946,0.05993691,0.01892744,0.05047319
0.08658009,0.002886,0.05194805,0.10678211,0.04473304,0.06060606,0.01875902,0.05916306,0.06493506,0.10822511,0.01443001,0.02741703,0.03607504,0.05339105,0.04761905,0.04906205,0.04040404,0.09090909,0.00577201,0.03030303
0.09131075,0.0,0.05891016,0.09720177,0.04712813,0.05743741,0.02356406,0.06038292,0.07511046,0.10014728,0.02209131,0.04418262,0.0353461,0.04270987,0.03976436,0.05891016,0.04123711,0.06921944,0.00883652,0.02650957
0.09806835,0.0,0.05943536,0.10104012,0.05052006,0.04606241,0.02080238,0.07280832,0.06983655,0.09806835,0.02526003,0.0564636,0.02971768,0.02526003,0.04011887,0.05794948,0.03566122,0.07875186,0.01040119,0.02377415
0.09798271,0.0,0.08933718,0.06195965,0.05331412,0.04755043,0.02161383,0.05763689,0.07204611,0.08645533,0.02881844,0.03025937,0.03314121,0.0518732,0.05331412,0.03458213,0.05907781,0.08645533,0.00864553,0.0259366
0.07122093,0.00145349,0.06104651,0.10755814,0.04505814,0.0494186,0.01744186,0.07267442,0.06831395,0.10755814,0.02325581,0.04360465,0.0377907,0.0377907,0.0494186,0.0377907,0.05813953,0.07122093,0.01162791,0.02761628
0.11340206,0.0,0.06627393,0.08689249,0.05154639,0.05301915,0.01767305,0.04270987,0.0544919,0.11192931,0.02503682,0.04270987,0.02945508,0.03829161,0.04565538,0.05596465,0.05596465,0.08394698,0.00441826,0.02061856
0.06681514,0.01336303,0.04454343,0.07572383,0.08240535,0.04454343,0.02449889,0.0467706,0.06904232,0.10690423,0.00668151,0.05122494,0.04008909,0.077951,0.04899777,0.04899777,0.03340757,0.06904232,0.01781737,0.0311804
0.05183585,0.01079914,0.07991361,0.08639309,0.0712743,0.06047516,0.01943844,0.06695464,0.0712743,0.06479482,0.02807775,0.04967603,0.04103672,0.03455724,0.04967603,0.06695464,0.05183585,0.04103672,0.02159827,0.03239741
0.04439746,0.01691332,0.06131078,0.07188161,0.06342495,0.04016913,0.03171247,0.0782241,0.09090909,0.09725159,0.01902748,0.07399577,0.02959831,0.0359408,0.0422833,0.04862579,0.04862579,0.04651163,0.01268499,0.04651163
0.04816514,0.01605505,0.05045872,0.08256881,0.03899083,0.06880734,0.0,0.08944954,0.06651376,0.11238532,0.02752294,0.06651376,0.03440367,0.03440367,0.05045872,0.05045872,0.06192661,0.05963303,0.0,0.0412844
0.07943925,0.01401869,0.06308411,0.0817757,0.03504673,0.08411215,0.02336449,0.04906542,0.05373832,0.09579439,0.02803738,0.03738318,0.03504673,0.04906542,0.06074766,0.03504673,0.05607477,0.07009346,0.00700935,0.04205607
0.02790698,0.00697674,0.04651163,0.10465116,0.04418605,0.07209302,0.0,0.1,0.10232558,0.10232558,0.02325581,0.06744186,0.02093023,0.03023256,0.03488372,0.05116279,0.04418605,0.06976744,0.0,0.05116279
0.06024096,0.02650602,0.05542169,0.1060241,0.04337349,0.0746988,0.00963855,0.08433735,0.09638554,0.07710843,0.03373494,0.03373494,0.03373494,0.02650602,0.05301205,0.04337349,0.04096386,0.05060241,0.00240964,0.04819277
0.03644647,0.00455581,0.06150342,0.09339408,0.0501139,0.07289294,0.01138952,0.10933941,0.09794989,0.08656036,0.01366743,0.05922551,0.02961276,0.02733485,0.04555809,0.0546697,0.04328018,0.05694761,0.0,0.04555809
0.06928406,0.00230947,0.0669746,0.09699769,0.04387991,0.06466513,0.01847575,0.06466513,0.06004619,0.08083141,0.04157044,0.03233256,0.04849885,0.03926097,0.05080831,0.05080831,0.05311778,0.06235566,0.00230947,0.05080831
0.05140187,0.0,0.0817757,0.09345794,0.05373832,0.07242991,0.01635514,0.05373832,0.06074766,0.0864486,0.02102804,0.05373832,0.03504673,0.03971963,0.06308411,0.05607477,0.04205607,0.07476636,0.0046729,0.03971963
0.09069767,0.00465116,0.06046512,0.10930233,0.05348837,0.0627907,0.01162791,0.06511628,0.06511628,0.09767442,0.02325581,0.0372093,0.03953488,0.03488372,0.05813953,0.03023256,0.05348837,0.05348837,0.00465116,0.04418605
0.0915493,0.00234742,0.08450704,0.06807512,0.0399061,0.07276995,0.02112676,0.03755869,0.06103286,0.09389671,0.02816901,0.02347418,0.0399061,0.04460094,0.05633803,0.03755869,0.0657277,0.07276995,0.00234742,0.05633803
0.05176471,0.01176471,0.04470588,0.11764706,0.04470588,0.07058824,0.02352941,0.06823529,0.07529412,0.09647059,0.02117647,0.04,0.04470588,0.03529412,0.05176471,0.04235294,0.06117647,0.05882353,0.00235294,0.03764706
0.04728132,0.0070922,0.06146572,0.06146572,0.04964539,0.03309693,0.01654846,0.07801418,0.08510638,0.13475177,0.01654846,0.05673759,0.02364066,0.07565012,0.04491726,0.06146572,0.04491726,0.03546099,0.01182033,0.05437352
0.05555556,0.01449275,0.04830918,0.07246377,0.07246377,0.04347826,0.00483092,0.06280193,0.09178744,0.12801932,0.00966184,0.07487923,0.03140097,0.04347826,0.04347826,0.0410628,0.05072464,0.0531401,0.02173913,0.03623188
0.03140097,0.01207729,0.06280193,0.06763285,0.05072464,0.0410628,0.00724638,0.09903382,0.10869565,0.10869565,0.01449275,0.08695652,0.02173913,0.04830918,0.0410628,0.04830918,0.05797101,0.0410628,0.00241546,0.04830918
0.01643192,0.00938967,0.05633803,0.09389671,0.06338028,0.05164319,0.00704225,0.08685446,0.11502347,0.0915493,0.01173709,0.0915493,0.0258216,0.02347418,0.04225352,0.06103286,0.04225352,0.05633803,0.00469484,0.04929577
0.06763285,0.00966184,0.03864734,0.06280193,0.03623188,0.06280193,0.01207729,0.06038647,0.04589372,0.1352657,0.00483092,0.0531401,0.0410628,0.08695652,0.0531401,0.03140097,0.07246377,0.06280193,0.02173913,0.0410628
0.03809524,0.00238095,0.06666667,0.07857143,0.09761905,0.04761905,0.00952381,0.08333333,0.11904762,0.1047619,0.00714286,0.09047619,0.02619048,0.0452381,0.03571429,0.05,0.02380952,0.03809524,0.0047619,0.03095238
0.05594406,0.01165501,0.06759907,0.09090909,0.04662005,0.07925408,0.02097902,0.04895105,0.06526807,0.08624709,0.03962704,0.03962704,0.03729604,0.05128205,0.05594406,0.05361305,0.04895105,0.05827506,0.002331,0.03962704
0.04265403,0.02606635,0.04265403,0.05450237,0.06635071,0.05924171,0.02843602,0.05924171,0.06872038,0.10900474,0.01658768,0.06161137,0.03317536,0.07345972,0.04265403,0.04739336,0.0521327,0.05924171,0.00473934,0.0521327
0.04481132,0.00943396,0.08018868,0.08490566,0.03301887,0.06603774,0.01886792,0.06839623,0.06839623,0.09433962,0.03301887,0.06132075,0.03301887,0.03537736,0.06132075,0.0495283,0.04245283,0.05896226,0.00235849,0.05424528
0.06526807,0.004662,0.06993007,0.07925408,0.05128205,0.06060606,0.01631702,0.05827506,0.07459207,0.09090909,0.02097902,0.03729604,0.03729604,0.04662005,0.05827506,0.05361305,0.05361305,0.07459207,0.002331,0.04428904
0.05755396,0.0263789,0.05035971,0.10551559,0.0383693,0.08153477,0.01678657,0.06714628,0.08393285,0.09832134,0.02398082,0.0383693,0.0383693,0.01678657,0.05755396,0.03597122,0.05275779,0.05755396,0.00239808,0.05035971
0.03571429,0.00238095,0.05238095,0.07619048,0.05238095,0.0547619,0.01428571,0.09047619,0.09761905,0.14285714,0.01666667,0.05952381,0.03095238,0.03809524,0.0452381,0.05952381,0.04285714,0.03571429,0.00714286,0.0452381
0.03515625,0.00878906,0.06054688,0.06445313,0.04101563,0.04589844,0.02441406,0.09277344,0.09179688,0.08984375,0.01269531,0.09765625,0.03417969,0.02832031,0.03125,0.0703125,0.05078125,0.046875,0.01953125,0.05371094
0.07166124,0.00760043,0.06840391,0.08903366,0.0412595,0.06080347,0.02605863,0.05646037,0.07383279,0.07926167,0.02062975,0.03800217,0.04668838,0.03148751,0.04885993,0.05754615,0.04994571,0.07491857,0.01954397,0.03800217
0.03575419,0.01899441,0.05139665,0.04916201,0.06145251,0.03687151,0.02122905,0.08379888,0.11843575,0.10726257,0.00893855,0.08715084,0.02905028,0.04357542,0.02458101,0.06815642,0.04357542,0.05139665,0.02346369,0.03575419
0.06215921,0.00654308,0.07742639,0.0785169,0.0436205,0.05888768,0.02944384,0.05997819,0.07415485,0.07960742,0.02071974,0.04471101,0.04143948,0.03271538,0.0436205,0.05452563,0.05670665,0.07415485,0.01962923,0.04143948
0.07849462,0.00537634,0.06129032,0.09032258,0.04516129,0.06021505,0.01935484,0.05806452,0.05698925,0.08064516,0.0172043,0.03655914,0.04086022,0.03655914,0.04516129,0.05913978,0.06021505,0.08387097,0.02473118,0.03978495
0.04276986,0.00203666,0.0509165,0.11405295,0.05498982,0.0509165,0.01832994,0.10183299,0.09979633,0.10794297,0.0203666,0.0509165,0.02851324,0.02647658,0.04684318,0.04276986,0.05906314,0.04684318,0.00203666,0.03258656
0.05588822,0.0,0.06786427,0.10578842,0.04391218,0.06786427,0.03792415,0.05189621,0.05988024,0.09181637,0.03592814,0.03193613,0.04191617,0.03193613,0.06586826,0.03792415,0.05588822,0.07784431,0.00399202,0.03393214
0.04660194,0.00776699,0.08543689,0.09902913,0.04271845,0.05631068,0.01747573,0.06990291,0.10291262,0.08349515,0.0368932,0.03300971,0.03883495,0.02718447,0.05436893,0.03106796,0.06601942,0.05825243,0.00194175,0.0407767
0.06275304,0.0,0.06477733,0.1194332,0.05870445,0.07894737,0.03643725,0.05668016,0.07489879,0.08502024,0.03846154,0.03441296,0.03036437,0.02024291,0.05668016,0.02834008,0.06072874,0.05870445,0.00202429,0.03238866
0.07014028,0.0,0.09619238,0.08817635,0.06412826,0.06813627,0.03607214,0.06412826,0.06012024,0.0761523,0.03607214,0.03206413,0.03607214,0.04408818,0.06412826,0.02004008,0.05210421,0.05611222,0.00601202,0.03006012
0.04508197,0.00614754,0.06147541,0.0942623,0.05737705,0.05327869,0.01844262,0.07172131,0.10040984,0.09836066,0.02254098,0.04303279,0.04098361,0.02254098,0.05532787,0.03483607,0.07786885,0.04918033,0.00409836,0.04303279
0.04435484,0.00604839,0.05846774,0.09879032,0.05645161,0.04435484,0.02620968,0.07862903,0.09879032,0.09677419,0.02419355,0.0483871,0.04032258,0.03427419,0.0483871,0.04637097,0.05443548,0.05241935,0.00201613,0.04032258
0.05306122,0.0122449,0.04897959,0.07959184,0.06734694,0.03877551,0.02653061,0.07346939,0.09183673,0.1122449,0.02040816,0.05714286,0.03265306,0.05714286,0.03877551,0.04693878,0.05918367,0.05714286,0.00408163,0.02244898
0.04303279,0.00204918,0.05942623,0.0942623,0.06967213,0.05327869,0.01434426,0.06967213,0.07991803,0.07786885,0.04918033,0.07581967,0.03893443,0.0307377,0.05737705,0.03278689,0.07581967,0.04303279,0.00409836,0.02868852
0.04498978,0.00408998,0.05521472,0.09202454,0.06952965,0.04907975,0.02453988,0.06748466,0.10224949,0.08793456,0.03476483,0.05725971,0.03680982,0.03271984,0.05316973,0.03680982,0.04703476,0.06339468,0.00408998,0.03680982
0.05210421,0.00200401,0.0741483,0.09218437,0.0501002,0.06412826,0.02004008,0.08416834,0.07214429,0.09619238,0.03206413,0.04809619,0.03807615,0.02004008,0.07014028,0.03006012,0.0501002,0.06412826,0.00400802,0.03607214
0.04868154,0.0040568,0.05882353,0.09127789,0.06693712,0.04462475,0.02839757,0.0831643,0.0851927,0.10750507,0.02434077,0.06288032,0.03245436,0.03245436,0.04665314,0.04056795,0.05070994,0.05679513,0.0040568,0.03042596
0.05714286,0.00496894,0.06708075,0.05590062,0.05341615,0.03975155,0.02608696,0.07826087,0.08198758,0.10310559,0.01987578,0.09192547,0.03602484,0.04968944,0.02857143,0.0447205,0.03850932,0.04720497,0.02236025,0.05341615
0.04255319,0.00750939,0.05757196,0.0738423,0.05381727,0.05131414,0.02002503,0.08635795,0.11389237,0.08886108,0.0212766,0.0738423,0.04130163,0.03003755,0.0212766,0.04130163,0.0387985,0.06257822,0.02753442,0.04630788
0.06557377,0.00252207,0.04665826,0.06179067,0.05800757,0.0554855,0.02522068,0.05296343,0.07944515,0.10592686,0.02017654,0.06052963,0.04665826,0.05422446,0.03152585,0.03783102,0.06935687,0.06431274,0.02269861,0.03909206
0.04213135,0.00123916,0.05576208,0.08798017,0.05328377,0.05576208,0.01486989,0.07311029,0.11524164,0.09913259,0.01858736,0.06195787,0.03593556,0.03717472,0.02478315,0.04956629,0.04460967,0.06195787,0.02478315,0.04213135
0.04914005,0.0036855,0.06633907,0.08968059,0.03316953,0.07002457,0.02334152,0.06388206,0.07862408,0.08353808,0.02334152,0.05528256,0.04914005,0.03316953,0.03316953,0.04791155,0.05528256,0.06879607,0.02702703,0.04545455
0.09483794,0.0,0.06602641,0.08883553,0.03841537,0.06482593,0.01920768,0.04681873,0.06842737,0.08283313,0.01920768,0.04081633,0.04801921,0.03121248,0.03721489,0.04081633,0.06242497,0.08043217,0.030012,0.03961585
0.05372405,0.01343101,0.05982906,0.10500611,0.04639805,0.05982906,0.01831502,0.05860806,0.08547009,0.07203907,0.02930403,0.03785104,0.04884005,0.02075702,0.04761905,0.03907204,0.05128205,0.07203907,0.02442002,0.05616606
0.04962779,0.00496278,0.05707196,0.06203474,0.03970223,0.0483871,0.02605459,0.08560794,0.08188586,0.0942928,0.01985112,0.07816377,0.04590571,0.0471464,0.02853598,0.04590571,0.04094293,0.0707196,0.02233251,0.05086849
0.05873494,0.00150602,0.06174699,0.10090361,0.0376506,0.06174699,0.01807229,0.05873494,0.08433735,0.09789157,0.02409639,0.03313253,0.04819277,0.03915663,0.04066265,0.03915663,0.05873494,0.07228916,0.01506024,0.04819277
0.05736434,0.0124031,0.06046512,0.08372093,0.0372093,0.0620155,0.01550388,0.0744186,0.08837209,0.10232558,0.02170543,0.04341085,0.0496124,0.0248062,0.03255814,0.04186047,0.05581395,0.07751938,0.01550388,0.04341085
0.08784773,0.00292826,0.08052709,0.0658858,0.03513909,0.06442167,0.02196193,0.05856515,0.08052709,0.09956076,0.02928258,0.04099561,0.04538799,0.02928258,0.03074671,0.04245974,0.05856515,0.06295754,0.01756955,0.04538799
0.03710938,0.0234375,0.05859375,0.04882813,0.0703125,0.0390625,0.02539063,0.09375,0.0859375,0.10546875,0.015625,0.07421875,0.02539063,0.04296875,0.03710938,0.05664063,0.05273438,0.04882813,0.02148438,0.03710938
0.03143418,0.00392927,0.05697446,0.08251473,0.06876228,0.03929273,0.021611,0.09233792,0.11984283,0.1021611,0.01178782,0.06679764,0.01964637,0.02750491,0.02357564,0.06876228,0.04518664,0.05304519,0.01768173,0.04715128
0.05335366,0.0,0.06554878,0.08231707,0.03810976,0.05487805,0.02134146,0.0777439,0.08384146,0.08993902,0.02896341,0.05030488,0.05182927,0.03506098,0.03506098,0.05792683,0.0472561,0.06554878,0.01371951,0.0472561
0.08571429,0.00300752,0.07518797,0.06766917,0.04210526,0.06315789,0.02255639,0.05864662,0.06466165,0.08721805,0.03609023,0.02857143,0.04511278,0.03308271,0.03759398,0.05413534,0.0481203,0.08421053,0.01654135,0.04661654
0.04388715,0.00626959,0.06112853,0.09561129,0.04231975,0.07053292,0.01567398,0.0830721,0.09561129,0.09247649,0.03134796,0.02821317,0.04075235,0.02351097,0.04231975,0.05015674,0.05172414,0.05956113,0.01880878,0.04702194
0.04414587,0.0134357,0.04798464,0.07101727,0.04798464,0.03646833,0.02303263,0.0940499,0.07677543,0.10364683,0.02303263,0.08253359,0.03071017,0.04222649,0.02879079,0.06525912,0.04606526,0.04798464,0.01535509,0.05950096
0.06976744,0.00465116,0.0627907,0.08837209,0.0627907,0.07209302,0.0372093,0.06976744,0.05348837,0.08604651,0.01395349,0.01627907,0.04883721,0.03023256,0.05581395,0.05581395,0.05813953,0.05581395,0.01627907,0.04186047
0.06666667,0.00860215,0.05376344,0.09677419,0.07311828,0.06236559,0.0172043,0.06666667,0.06021505,0.0688172,0.03225806,0.04086022,0.03655914,0.02795699,0.04731183,0.05806452,0.06021505,0.07096774,0.01075269,0.04086022
0.06666667,0.00222222,0.05111111,0.10888889,0.06444444,0.07333333,0.03111111,0.07555556,0.06,0.06888889,0.02222222,0.03111111,0.04444444,0.03333333,0.04222222,0.05111111,0.06444444,0.04888889,0.01111111,0.04888889
0.06712963,0.00694444,0.06944444,0.09722222,0.07175926,0.06944444,0.03472222,0.04861111,0.0462963,0.08101852,0.03240741,0.03009259,0.04166667,0.03240741,0.0625,0.05555556,0.03703704,0.05787037,0.0162037,0.04166667
0.07017544,0.01096491,0.04166667,0.06140351,0.08114035,0.03947368,0.01535088,0.07236842,0.09429825,0.10526316,0.01754386,0.06578947,0.03070175,0.0504386,0.03289474,0.07236842,0.05482456,0.0504386,0.01096491,0.02192982
0.05960265,0.01545254,0.03752759,0.08609272,0.07284768,0.05739514,0.02207506,0.06181015,0.09050773,0.07284768,0.02649007,0.07064018,0.02428256,0.02207506,0.03752759,0.06843267,0.05298013,0.06401766,0.00883002,0.04856512
0.05111111,0.0,0.05111111,0.09555556,0.05777778,0.05777778,0.02,0.08222222,0.09555556,0.1,0.02444444,0.05111111,0.03111111,0.04,0.03777778,0.05555556,0.04666667,0.06,0.00666667,0.03555556
0.07048458,0.00440529,0.05286344,0.08810573,0.06167401,0.05726872,0.02422907,0.05726872,0.07268722,0.10132159,0.02863436,0.05947137,0.02643172,0.06167401,0.04185022,0.04185022,0.03964758,0.06387665,0.01101322,0.03524229
0.09574468,0.00531915,0.06028369,0.09929078,0.03191489,0.06737589,0.02836879,0.06205674,0.05851064,0.08333333,0.02836879,0.03014184,0.03368794,0.04609929,0.05673759,0.05141844,0.04078014,0.07624113,0.00531915,0.03900709
0.07068607,0.01871102,0.05821206,0.09147609,0.04158004,0.06237006,0.02910603,0.05821206,0.07276507,0.07692308,0.02910603,0.03118503,0.04365904,0.03326403,0.05197505,0.04158004,0.07276507,0.05613306,0.02079002,0.03950104
0.05175983,0.02277433,0.03726708,0.05383023,0.06418219,0.03519669,0.01656315,0.05590062,0.08902692,0.11594203,0.01449275,0.06625259,0.0310559,0.07660455,0.02691511,0.0621118,0.07453416,0.05175983,0.01863354,0.03519669
0.04710145,0.01811594,0.06884058,0.09782609,0.05434783,0.05253623,0.0307971,0.07427536,0.07608696,0.06884058,0.01992754,0.0634058,0.05434783,0.01268116,0.05978261,0.05434783,0.05072464,0.04710145,0.01086957,0.03804348
0.10611511,0.00359712,0.06115108,0.09532374,0.03417266,0.07014388,0.01978417,0.04856115,0.07913669,0.09532374,0.0323741,0.04856115,0.02338129,0.0323741,0.04496403,0.04316547,0.04316547,0.06115108,0.00539568,0.05215827
0.06405694,0.01067616,0.04448399,0.12633452,0.06405694,0.06049822,0.01957295,0.05338078,0.08540925,0.09430605,0.01779359,0.0480427,0.03024911,0.03202847,0.03024911,0.0480427,0.04270463,0.07651246,0.01245552,0.03914591
0.07664884,0.00713012,0.06060606,0.09090909,0.04456328,0.06773619,0.03743316,0.04456328,0.07486631,0.1087344,0.01960784,0.02673797,0.03565062,0.04278075,0.05347594,0.03565062,0.04456328,0.07664884,0.01426025,0.03743316
0.07610619,0.00884956,0.05486726,0.11150442,0.05309735,0.05663717,0.01769912,0.06725664,0.10265487,0.09380531,0.02123894,0.05840708,0.03185841,0.01769912,0.03539823,0.04070796,0.03362832,0.06902655,0.01061947,0.03893805
0.08880995,0.0,0.05506217,0.10479574,0.04440497,0.05328597,0.02486679,0.05683837,0.07992895,0.10124334,0.01953819,0.06394316,0.03197158,0.04085258,0.03730018,0.04085258,0.03552398,0.07104796,0.01243339,0.03730018
0.10283688,0.0,0.06914894,0.08156028,0.04078014,0.06914894,0.0177305,0.07269504,0.09219858,0.08865248,0.0177305,0.04609929,0.03014184,0.03368794,0.03191489,0.04964539,0.03368794,0.07269504,0.0106383,0.03900709
0.10498221,0.0,0.08007117,0.07117438,0.04448399,0.05160142,0.02669039,0.05516014,0.08540925,0.10142349,0.01957295,0.03914591,0.03914591,0.03558719,0.03024911,0.0569395,0.04092527,0.06939502,0.01245552,0.03558719
0.09172662,0.0,0.07194245,0.09172662,0.04136691,0.06115108,0.02158273,0.05935252,0.0647482,0.10251799,0.02517986,0.04496403,0.02697842,0.02697842,0.05395683,0.0557554,0.04136691,0.06834532,0.00539568,0.04496403
0.04537205,0.00181488,0.05807623,0.06533575,0.04355717,0.04174229,0.03266788,0.07985481,0.09255898,0.10707804,0.0199637,0.07985481,0.0199637,0.04900181,0.02903811,0.05626134,0.05444646,0.06715064,0.01270417,0.04355717
0.05027933,0.01489758,0.05772812,0.04655493,0.06517691,0.02979516,0.02048417,0.08566108,0.09124767,0.12104283,0.01675978,0.08007449,0.01489758,0.05027933,0.02793296,0.0707635,0.04655493,0.05400372,0.01303538,0.04283054
0.06703911,0.01303538,0.05586592,0.05027933,0.05214153,0.03724395,0.04283054,0.05027933,0.07821229,0.13221601,0.01675978,0.05400372,0.02420857,0.0707635,0.02793296,0.04469274,0.05214153,0.0726257,0.01489758,0.04283054
0.10071942,0.00359712,0.08992806,0.07733813,0.04676259,0.06654676,0.02877698,0.06115108,0.08093525,0.08273381,0.02517986,0.04496403,0.02338129,0.04136691,0.03956835,0.04136691,0.03956835,0.06294964,0.00719424,0.03597122
0.10488246,0.00180832,0.07775769,0.08679928,0.03797468,0.05424955,0.03074141,0.08499096,0.07594937,0.07414105,0.02712477,0.06148282,0.02350814,0.02893309,0.03797468,0.03616637,0.05786618,0.05063291,0.00361664,0.04339964
0.10834813,0.0,0.04973357,0.08703375,0.04262877,0.05150977,0.02309059,0.07460036,0.07637655,0.09769094,0.01598579,0.05506217,0.03197158,0.04262877,0.04085258,0.05150977,0.04085258,0.05683837,0.01243339,0.04085258
0.08007117,0.00177936,0.05871886,0.09786477,0.04448399,0.07295374,0.02313167,0.07295374,0.09074733,0.08896797,0.03202847,0.04626335,0.02846975,0.02491103,0.04448399,0.03558719,0.03202847,0.07829181,0.00711744,0.03914591
0.07272727,0.00363636,0.06363636,0.04909091,0.03454545,0.03636364,0.02363636,0.08727273,0.08727273,0.10727273,0.01636364,0.1,0.01818182,0.04909091,0.02727273,0.04181818,0.05636364,0.04727273,0.01090909,0.06727273
0.07565012,0.00945626,0.06619385,0.07565012,0.03073286,0.06382979,0.02364066,0.04255319,0.06619385,0.08510638,0.02836879,0.04018913,0.04964539,0.05910165,0.04728132,0.04491726,0.06382979,0.07092199,0.00472813,0.05200946
0.05882353,0.00705882,0.06352941,0.10588235,0.04,0.06588235,0.02117647,0.06823529,0.11058824,0.09647059,0.01882353,0.04705882,0.03764706,0.02352941,0.04470588,0.05411765,0.03294118,0.05411765,0.00941176,0.04
0.07764706,0.00470588,0.08235294,0.08705882,0.04235294,0.05882353,0.02823529,0.04235294,0.06823529,0.08470588,0.02588235,0.03058824,0.04705882,0.04235294,0.05647059,0.04705882,0.06352941,0.07058824,0.00705882,0.03294118
0.05633803,0.00704225,0.07042254,0.09859155,0.04225352,0.06807512,0.01408451,0.07042254,0.07981221,0.07981221,0.02112676,0.05164319,0.04694836,0.02816901,0.06807512,0.04694836,0.0399061,0.0657277,0.00704225,0.03755869
0.07025761,0.00936768,0.06323185,0.11943794,0.04683841,0.05854801,0.01639344,0.05386417,0.06791569,0.10070258,0.0234192,0.03747073,0.03981265,0.02810304,0.07494145,0.05152225,0.04215457,0.05620609,0.00702576,0.03278689
0.07142857,0.00952381,0.0547619,0.09047619,0.0452381,0.04047619,0.01666667,0.06190476,0.11428571,0.1,0.01666667,0.05,0.03333333,0.03809524,0.04761905,0.05952381,0.04761905,0.04285714,0.0047619,0.0547619
0.04225352,0.00938967,0.05868545,0.07746479,0.03521127,0.04225352,0.01173709,0.07981221,0.10328638,0.11502347,0.02347418,0.06807512,0.02816901,0.02112676,0.03755869,0.1056338,0.06338028,0.03521127,0.00704225,0.03521127
0.08571429,0.01428571,0.04761905,0.08571429,0.0452381,0.0452381,0.01428571,0.04047619,0.1,0.13333333,0.01904762,0.0452381,0.03333333,0.0547619,0.04761905,0.03809524,0.06190476,0.05,0.00714286,0.03095238
0.04513064,0.00475059,0.05938242,0.08551069,0.06413302,0.05463183,0.01425178,0.08788599,0.12351544,0.10926366,0.01662708,0.06413302,0.03325416,0.03087886,0.03800475,0.06650831,0.03087886,0.03800475,0.0023753,0.03087886
0.07009346,0.01168224,0.07009346,0.10514019,0.03971963,0.05841121,0.01168224,0.06074766,0.07242991,0.0771028,0.03037383,0.04906542,0.04439252,0.03271028,0.06308411,0.04672897,0.06308411,0.05841121,0.00934579,0.02570093
0.08685446,0.00469484,0.07981221,0.08685446,0.0399061,0.06103286,0.01643192,0.06338028,0.06338028,0.08920188,0.02347418,0.0399061,0.0399061,0.04225352,0.0657277,0.04694836,0.05399061,0.04929577,0.00938967,0.03755869
0.05980861,0.01435407,0.06698565,0.06220096,0.0430622,0.03349282,0.01196172,0.07177033,0.09090909,0.12440191,0.01435407,0.07416268,0.03827751,0.04545455,0.04066986,0.06698565,0.04545455,0.05263158,0.00956938,0.03349282
0.06112853,0.00783699,0.05956113,0.09561129,0.04702194,0.07053292,0.03605016,0.06269592,0.06583072,0.09404389,0.02664577,0.03134796,0.03448276,0.05485893,0.06269592,0.05172414,0.02507837,0.06739812,0.00783699,0.03761755
0.0620155,0.00465116,0.06666667,0.10542636,0.0372093,0.06976744,0.0248062,0.0496124,0.07286822,0.10077519,0.0372093,0.0248062,0.04651163,0.03410853,0.05891473,0.0372093,0.04341085,0.0744186,0.00775194,0.04186047
0.07309487,0.01088647,0.06687403,0.10264386,0.04199067,0.05909798,0.02177294,0.07465008,0.0777605,0.08709176,0.02332815,0.04510109,0.04043546,0.02799378,0.05754277,0.04354588,0.04354588,0.05287714,0.00933126,0.04043546
0.08409786,0.00152905,0.08256881,0.07798165,0.03975535,0.0733945,0.02140673,0.05351682,0.06116208,0.0795107,0.03058104,0.03975535,0.0382263,0.04587156,0.05963303,0.05351682,0.0382263,0.06880734,0.00764526,0.04281346
0.04432624,0.01241135,0.04964539,0.06028369,0.07978723,0.04964539,0.0248227,0.09219858,0.10992908,0.12056738,0.01595745,0.06382979,0.03014184,0.05319149,0.03900709,0.05141844,0.03368794,0.03723404,0.00886525,0.02304965
0.03735144,0.00339559,0.05602716,0.08998302,0.05602716,0.05093379,0.02037351,0.09677419,0.10356537,0.10016978,0.0237691,0.05602716,0.03056027,0.03904924,0.04074703,0.06112054,0.04244482,0.03565365,0.00679117,0.04923599
0.07882535,0.00463679,0.07109737,0.09582689,0.04018547,0.06027821,0.03400309,0.0633694,0.05409583,0.08037094,0.02936631,0.03400309,0.04173107,0.03863988,0.0633694,0.04173107,0.05409583,0.05718702,0.01081917,0.04636785
0.04658385,0.00621118,0.05590062,0.11645963,0.04968944,0.07142857,0.03416149,0.08385093,0.08540373,0.09161491,0.02950311,0.02795031,0.04192547,0.02329193,0.05590062,0.04037267,0.03726708,0.04658385,0.01242236,0.04347826
0.03275862,0.00862069,0.05862069,0.06896552,0.04310345,0.04310345,0.03275862,0.1,0.08275862,0.10689655,0.02068966,0.07241379,0.03793103,0.04827586,0.04137931,0.04827586,0.05172414,0.04655172,0.01034483,0.04482759
0.06022727,0.00454545,0.06590909,0.10681818,0.0375,0.0625,0.025,0.05909091,0.07272727,0.08522727,0.03181818,0.02840909,0.04318182,0.03636364,0.05,0.04318182,0.05340909,0.06136364,0.03068182,0.04204545
0.08102109,0.00110988,0.07769145,0.06437292,0.04439512,0.06215316,0.02441731,0.05771365,0.07658158,0.07658158,0.0299667,0.03551609,0.05105438,0.04439512,0.05105438,0.03440622,0.06104329,0.0654828,0.02885683,0.03218646
0.07159905,0.0071599,0.04415274,0.03460621,0.05727924,0.03460621,0.0274463,0.0477327,0.08949881,0.10859189,0.01312649,0.05847255,0.05011933,0.06563246,0.02863962,0.05727924,0.07398568,0.07637232,0.02386635,0.02983294
0.03203661,0.01029748,0.06292906,0.06292906,0.05491991,0.02974828,0.02059497,0.09839817,0.10297483,0.11212815,0.02059497,0.09038902,0.02860412,0.03318078,0.02745995,0.04347826,0.05606407,0.04462243,0.0228833,0.04576659
0.06744868,0.00293255,0.04985337,0.08504399,0.03225806,0.06451613,0.01466276,0.08797654,0.08211144,0.08504399,0.02346041,0.05278592,0.04692082,0.04105572,0.04985337,0.04398827,0.06451613,0.07038123,0.0,0.03519062
0.07100592,0.00887574,0.04733728,0.07100592,0.0295858,0.06213018,0.01183432,0.07100592,0.10059172,0.09467456,0.02662722,0.0739645,0.04142012,0.04142012,0.03254438,0.05029586,0.04733728,0.06213018,0.00591716,0.05029586
0.08333333,0.00892857,0.04464286,0.08333333,0.02678571,0.06845238,0.00892857,0.07738095,0.07142857,0.08928571,0.02678571,0.04464286,0.03869048,0.06845238,0.04761905,0.05059524,0.05357143,0.06845238,0.00297619,0.03571429
0.04,0.00571429,0.06571429,0.05142857,0.03428571,0.04571429,0.02285714,0.10285714,0.11142857,0.11142857,0.02857143,0.07428571,0.02571429,0.04857143,0.02285714,0.06571429,0.05142857,0.05142857,0.00285714,0.03714286
0.0518732,0.0,0.06340058,0.03170029,0.04034582,0.04610951,0.01440922,0.05475504,0.12103746,0.15273775,0.03458213,0.07204611,0.0259366,0.06340058,0.02305476,0.04899135,0.06628242,0.06051873,0.0,0.02881844
0.05373134,0.01791045,0.05970149,0.05373134,0.03880597,0.04477612,0.0119403,0.08656716,0.11940299,0.08955224,0.03880597,0.08358209,0.02089552,0.04776119,0.01492537,0.06268657,0.06268657,0.04776119,0.0,0.04477612
0.04819277,0.0060241,0.04518072,0.06325301,0.03313253,0.04819277,0.01506024,0.07228916,0.12048193,0.11746988,0.02409639,0.08433735,0.03614458,0.03915663,0.02108434,0.06325301,0.06927711,0.05120482,0.00301205,0.03915663
0.07294833,0.00607903,0.0881459,0.04863222,0.03647416,0.0668693,0.01215805,0.07902736,0.09726444,0.07902736,0.03343465,0.03951368,0.04559271,0.04863222,0.04255319,0.04863222,0.04863222,0.06382979,0.00303951,0.03951368
0.06176471,0.00294118,0.06176471,0.07647059,0.03235294,0.07058824,0.02352941,0.07058824,0.07352941,0.09411765,0.03529412,0.05,0.04411765,0.03823529,0.05,0.05294118,0.05882353,0.05882353,0.0,0.04411765
0.06116208,0.00917431,0.06727829,0.0795107,0.04281346,0.05504587,0.01834862,0.05504587,0.08868502,0.10703364,0.03363914,0.03363914,0.03669725,0.03669725,0.04281346,0.05198777,0.05198777,0.08868502,0.00611621,0.03363914
0.05705706,0.01201201,0.07207207,0.02702703,0.04504505,0.03903904,0.01201201,0.08708709,0.09309309,0.13213213,0.03003003,0.07507508,0.03603604,0.05405405,0.02102102,0.05405405,0.06906907,0.04204204,0.003003,0.03903904
0.06398104,0.00236967,0.05924171,0.08767773,0.04739336,0.07345972,0.01184834,0.06872038,0.07819905,0.10189573,0.01421801,0.04976303,0.02369668,0.04739336,0.04739336,0.06635071,0.05924171,0.04976303,0.01184834,0.03554502
0.05582524,0.0,0.05339806,0.09466019,0.0315534,0.0631068,0.03883495,0.05825243,0.09951456,0.11407767,0.03883495,0.03398058,0.03640777,0.05097087,0.04126214,0.04368932,0.04854369,0.06796117,0.00485437,0.02427184
0.04914005,0.002457,0.04668305,0.06388206,0.04176904,0.04914005,0.02457002,0.09336609,0.11793612,0.13513514,0.02457002,0.07862408,0.01228501,0.04176904,0.02457002,0.04914005,0.05896806,0.04422604,0.01474201,0.02702703
0.09022556,0.0075188,0.04260652,0.04761905,0.04260652,0.07017544,0.01253133,0.05513784,0.07769424,0.12030075,0.03007519,0.04511278,0.02255639,0.06516291,0.04761905,0.04260652,0.06516291,0.0726817,0.01253133,0.03007519
0.03100775,0.00775194,0.08527132,0.09302326,0.03875969,0.05426357,0.03875969,0.09302326,0.11627907,0.09302326,0.01550388,0.02325581,0.01550388,0.04651163,0.03100775,0.02325581,0.05426357,0.06976744,0.02325581,0.04651163
0.14540816,0.01020408,0.05357143,0.06377551,0.0255102,0.10459184,0.01020408,0.07397959,0.08673469,0.07142857,0.02806122,0.04336735,0.03316327,0.0255102,0.03061224,0.04591837,0.04081633,0.07908163,0.01020408,0.01785714
0.14249364,0.01272265,0.05597964,0.05852417,0.02544529,0.11704835,0.01526718,0.05089059,0.05343511,0.08142494,0.03562341,0.03307888,0.03562341,0.03307888,0.05089059,0.04834606,0.03562341,0.09160305,0.01017812,0.01272265
0.14285714,0.00892857,0.01785714,0.04464286,0.01785714,0.125,0.0,0.08035714,0.03571429,0.07142857,0.04464286,0.03571429,0.03571429,0.01785714,0.09821429,0.0625,0.0625,0.08928571,0.00892857,0.0
0.05525847,0.00534759,0.0802139,0.07308378,0.04456328,0.06238859,0.03386809,0.0516934,0.05882353,0.06951872,0.03208556,0.05347594,0.04278075,0.03386809,0.04278075,0.05525847,0.06238859,0.05525847,0.0285205,0.05882353
0.09761388,0.01301518,0.05422993,0.06290672,0.03036876,0.07809111,0.01735358,0.09110629,0.07592191,0.0824295,0.02169197,0.03687636,0.04555315,0.02386117,0.03253796,0.06073753,0.05422993,0.0867679,0.0021692,0.03253796
0.06329114,0.00632911,0.09177215,0.04746835,0.06012658,0.05696203,0.06012658,0.04746835,0.06329114,0.11075949,0.01898734,0.02531646,0.06012658,0.04113924,0.03797468,0.04113924,0.05063291,0.05063291,0.0221519,0.0443038
0.05734767,0.00358423,0.06810036,0.06451613,0.05734767,0.0609319,0.01433692,0.07885305,0.07885305,0.08243728,0.02508961,0.06451613,0.03942652,0.0609319,0.03584229,0.02867384,0.05017921,0.05376344,0.02150538,0.05376344
0.03460208,0.00692042,0.05536332,0.06920415,0.06574394,0.05536332,0.02768166,0.06920415,0.09688581,0.09688581,0.01730104,0.05882353,0.0449827,0.04844291,0.03114187,0.0449827,0.05190311,0.05882353,0.02422145,0.04152249
0.04529617,0.00348432,0.05574913,0.05574913,0.06271777,0.04529617,0.02439024,0.05923345,0.09059233,0.11149826,0.01045296,0.06620209,0.04181185,0.04878049,0.02787456,0.05574913,0.04878049,0.06968641,0.02090592,0.05574913
0.07495741,0.00851789,0.07155026,0.05792164,0.02044293,0.0988075,0.02555366,0.09028961,0.05792164,0.06643952,0.04429302,0.04088586,0.04258944,0.02214651,0.03918228,0.06303237,0.07836457,0.05451448,0.00681431,0.03577513
0.05882353,0.00980392,0.08823529,0.05882353,0.07843137,0.11764706,0.02941176,0.05882353,0.09803922,0.05882353,0.00980392,0.04901961,0.02941176,0.01960784,0.04901961,0.02941176,0.02941176,0.08823529,0.00980392,0.02941176
0.09,0.0,0.06,0.1,0.03,0.06,0.03,0.07,0.07,0.11,0.06,0.03,0.05,0.02,0.05,0.03,0.06,0.07,0.0,0.01
0.04666667,0.0,0.1,0.07333333,0.02666667,0.04666667,0.06,0.11333333,0.09333333,0.08666667,0.02,0.03333333,0.02666667,0.03333333,0.02,0.04,0.04666667,0.10666667,0.0,0.02666667
0.05369128,0.00671141,0.08724832,0.08724832,0.02013423,0.02684564,0.03355705,0.11409396,0.10067114,0.10067114,0.03355705,0.05369128,0.01342282,0.03355705,0.03355705,0.04026846,0.04026846,0.06711409,0.0,0.05369128
0.12437811,0.00497512,0.04477612,0.07462687,0.03482587,0.04477612,0.0199005,0.05472637,0.07462687,0.10447761,0.01492537,0.04975124,0.02985075,0.06467662,0.0199005,0.07960199,0.04975124,0.05970149,0.01492537,0.03482587
0.05016722,0.01337793,0.05685619,0.07692308,0.0367893,0.10367893,0.01003344,0.1270903,0.07023411,0.05351171,0.02006689,0.0735786,0.06354515,0.01672241,0.02675585,0.04013378,0.090301,0.02006689,0.02675585,0.02341137
0.12328767,0.01027397,0.05136986,0.05993151,0.04109589,0.07363014,0.02054795,0.07020548,0.05308219,0.06335616,0.03082192,0.04109589,0.06678082,0.03424658,0.04623288,0.03253425,0.05308219,0.08219178,0.0119863,0.03424658
0.11160714,0.00446429,0.07142857,0.08928571,0.06473214,0.07366071,0.03794643,0.03348214,0.06473214,0.09821429,0.02901786,0.04017857,0.02678571,0.01785714,0.04464286,0.02901786,0.06026786,0.04017857,0.01116071,0.05133929
0.09339408,0.00683371,0.07972665,0.07289294,0.07744875,0.06378132,0.02733485,0.0523918,0.08883827,0.07517084,0.02733485,0.04783599,0.02961276,0.02505695,0.03416856,0.03644647,0.0546697,0.04783599,0.01138952,0.04783599
0.10022272,0.00222717,0.09131403,0.06681514,0.05345212,0.07572383,0.0311804,0.0467706,0.06681514,0.08017817,0.02449889,0.04454343,0.03340757,0.03786192,0.03786192,0.0467706,0.0467706,0.0467706,0.0155902,0.05122494
0.07744875,0.0022779,0.07289294,0.08883827,0.06605923,0.05922551,0.02961276,0.0546697,0.08200456,0.08428246,0.02733485,0.07744875,0.02277904,0.02050114,0.02505695,0.0546697,0.06150342,0.03872437,0.01138952,0.04328018
0.08965517,0.00229885,0.08045977,0.07126437,0.05977011,0.06896552,0.02988506,0.04367816,0.07126437,0.08735632,0.03678161,0.07356322,0.02988506,0.02758621,0.02528736,0.03908046,0.05517241,0.04367816,0.01149425,0.05287356
0.11290323,0.00806452,0.03225806,0.08870968,0.0483871,0.05645161,0.03225806,0.06451613,0.06451613,0.0483871,0.02419355,0.04032258,0.0483871,0.0483871,0.01612903,0.05645161,0.05645161,0.12096774,0.0,0.03225806
