pse_pssm_0,pse_pssm_1,pse_pssm_2,pse_pssm_3,pse_pssm_4,pse_pssm_5,pse_pssm_6,pse_pssm_7,pse_pssm_8,pse_pssm_9,pse_pssm_10,pse_pssm_11,pse_pssm_12,pse_pssm_13,pse_pssm_14,pse_pssm_15,pse_pssm_16,pse_pssm_17,pse_pssm_18,pse_pssm_19,pse_pssm_20,pse_pssm_21,pse_pssm_22,pse_pssm_23,pse_pssm_24,pse_pssm_25,pse_pssm_26,pse_pssm_27,pse_pssm_28,pse_pssm_29,pse_pssm_30,pse_pssm_31,pse_pssm_32,pse_pssm_33,pse_pssm_34,pse_pssm_35,pse_pssm_36,pse_pssm_37,pse_pssm_38,pse_pssm_39
0.159745282126,0.107408265603,0.104817278952,0.132786364633,-0.0816524766324,0.200512496452,0.321200811266,-0.348586329455,0.176985968531,-0.0595370230675,-0.257807710003,0.26479977123,0.217732393442,-0.24134762505,-0.398130605241,0.1649442217,0.19626845009,-0.528199269708,-0.105556938795,-0.0263833260736,1.29137698709,1.54941142908,1.48576766436,2.28919935101,1.89062671798,1.20175916182,1.98018525758,2.00019085499,1.1842522296,2.3489871622,2.07021945357,1.6131434885,1.47062488814,2.00893248901,1.8422422902,1.04167394335,1.15955085208,3.28389246877,1.40748404576,1.60741247691
0.201266859676,0.00528166809559,0.156305248284,-0.115487521261,0.049873156869,0.200296865357,0.108890218685,-0.192124606386,0.242622895346,-0.000691104771852,-0.22898014702,0.183157819267,0.149513478802,-0.200424304457,-0.191463988335,0.253881142642,0.195562874307,-0.701908914572,-0.0757321591554,-0.0398394813715,1.15435756858,1.59747842354,1.67481877376,2.38254242637,3.25474017506,1.11990511902,1.63281586611,2.33201662647,2.12608159332,2.04754340623,1.6588880856,1.37090529179,1.57479198982,2.10496148754,2.18323149355,0.840305364019,0.812121246498,4.64085369871,1.64697405619,1.35025714901
0.2838939855,-0.0932511744988,0.0252272703176,-0.0707666505871,0.0224949935888,0.0733929332292,0.121071178783,-0.215469593925,0.386904154351,0.0616262913251,-0.284749568141,0.0222622808282,0.338834647307,-0.173692334354,-0.378296818524,0.0242359239765,0.0780404677133,-0.370102409858,0.143314773025,0.00502964994343,1.53436558311,1.4955311253,1.63042060062,2.33191013151,3.19541451215,1.25118958668,1.739343972,1.99647600254,2.01230101033,1.79829347482,1.43108002369,1.49691983682,1.88349242588,1.92720956675,1.88533313063,0.679480334657,0.631640087045,5.0229832951,1.75438392467,1.77639067624
0.308501116721,-0.083449921566,0.0458403893366,-0.095776559646,0.0590626424034,0.0775811796921,0.0856884569217,-0.257523689316,0.388718103845,0.0634204346672,-0.262133648559,0.0428714441182,0.378973746214,-0.155135414141,-0.414735312892,0.0295897113504,0.0599821978276,-0.40380491884,0.130511659978,0.00181838188427,1.38038852334,1.44375508952,1.56751567201,2.14553045094,3.17811138388,1.25944370184,1.92154240093,2.20807158687,2.00829775904,1.98045366686,1.70522361591,1.44900686983,1.87860305401,1.98744836342,1.84781318144,0.841673773609,0.526334492057,5.51455039558,1.61368819289,1.83519321272
0.265440324812,-0.0420057060158,0.0612008997209,-0.0279827686859,0.0267521228404,0.0835587016886,0.133184155652,-0.230353666227,0.361968598126,-0.00175311267562,-0.250674638099,0.0596852553449,0.401052624354,-0.149604402561,-0.361571964272,-0.023302015956,0.0712073302144,-0.498725717458,0.129070980657,-0.00714700145958,1.39616460967,1.53542570001,1.60569739401,2.1289195396,2.79375808589,1.07276309856,1.87743837607,2.18982690983,1.82739574133,1.87869443015,1.52429001239,1.53195586347,1.75176537196,2.0614225104,2.28964525184,0.709063935805,0.704841074687,4.25901320197,1.71543440451,1.71208280546
0.0886933304771,-4.45579086329e-05,0.0873795404714,-0.138451794246,0.395293873132,0.0242223344648,-0.158627657692,-0.221539208285,0.519279685169,-0.0685373116201,-0.307634052728,0.00351785414529,0.353988836971,-0.19306694701,-0.0911714200874,0.159419499339,0.110197511709,-0.539649917793,0.0673311373055,-0.0906007358146,0.931423363297,1.43410503184,1.61438183486,2.16175857696,4.12887883357,0.905588039557,1.30759294363,2.0115580319,2.11661793105,1.54809869708,1.25293868893,1.25865271952,1.87533045984,2.23046166112,2.03737051813,0.602499552445,0.688116728391,5.75276360255,1.83593287392,1.29316862765
0.145184736346,0.0100084446193,0.0216328179802,-0.12429536584,0.320325825908,0.0133588807502,-0.143225168793,-0.25202150017,0.428219491215,-0.063359723381,-0.286413816019,0.0564393612641,0.372638366243,-0.177518880811,-0.149819063014,0.196038967267,0.161053565588,-0.537612333189,0.0548381855642,-0.0454727915265,0.95710083894,1.42024316559,1.63190408331,1.94455468093,3.63437944266,1.05361708195,1.2208638121,1.81723144098,2.07284000702,1.56947177033,1.26221449793,1.27496380896,1.60465003819,2.38363389538,2.19790761731,0.697010210787,0.748730959207,5.07598389557,1.79480884772,1.38967411578
0.179293695586,0.133877151632,0.143972732502,-0.0284832411136,-0.343472801572,0.280444939128,0.0361192647148,-0.304077017062,0.431850932634,-0.180889978754,-0.340234408082,0.00111627926875,0.166700994649,-0.104248575178,0.124506593564,0.140259155579,0.174877288094,-0.453173393646,0.00695121835202,-0.0653908302942,0.774403378798,1.61320168607,1.40176181842,1.94768522282,3.62670958929,1.14107488004,1.31311213739,1.90458407568,2.31322686842,1.39969064664,1.40159382996,1.28498462579,1.58106731628,2.17913351287,2.84714252475,0.797943456716,0.945129657804,5.29455202338,1.71562765355,1.28033442487
0.202867579387,0.116451367344,0.212863101672,0.0270504196613,-0.34850626954,0.305604132433,0.0470080155685,-0.25274737825,0.411910408027,-0.191143073634,-0.353755621992,0.0266265770888,0.0755692005259,-0.135712357981,0.143725295874,0.176945195192,0.19696054716,-0.546645370598,-0.0604000129366,-0.0546717550028,0.832153137112,1.54887327491,1.48584327178,1.96123775915,3.27109025883,1.17173937844,1.25495485173,2.06759377922,2.17452464084,1.59425599478,1.37549024202,1.13962710069,1.4123447319,2.4090277573,2.6312556943,0.894974880868,0.948712085156,4.70892230432,1.89404328311,1.27087633165
0.350337758669,-0.112230772796,-0.0216039132264,-0.109947392891,0.132941809157,0.11497086824,0.0678931852893,-0.459276130846,0.224620107277,0.0690920572119,-0.101454093778,0.0562370968707,0.354074950709,-0.15608039912,-0.382835018261,0.0661451506547,0.137306142337,-0.338975460357,0.144697570361,-0.0359135155016,1.12697027609,1.2928564193,1.65293482823,2.01000932086,2.61918749627,1.14405679456,1.78455899679,2.34719879114,1.60036266445,2.47809084134,2.10100744481,1.67172948454,1.44001257245,2.00090666322,2.06047676551,0.840405659381,1.01115549147,4.98085677195,1.69119462275,1.50360810209
0.371838706733,-0.102718622516,-0.0136867590081,-0.037254551134,0.0589056524415,0.135957711323,0.0643835835683,-0.386649042557,0.161258012718,0.0855602288133,-0.0967486116855,0.0822157031262,0.267444870908,-0.134366854779,-0.308466135523,0.054613817778,0.0691095033694,-0.45497519558,0.168371250671,0.0152067313327,1.10903140348,1.48503566685,1.6212962926,2.14872089763,2.71952962064,1.23182805135,1.96829038852,2.35871321891,1.48851215766,2.51164520107,2.15601947248,1.65916855018,1.82019321464,2.11108820052,1.98655954979,0.837749961804,0.950241087311,4.4354805463,1.52710701047,1.65336567808
0.237447492665,-0.0857318922019,0.103513559582,-0.0669177648519,0.0401380405174,0.0387185781659,0.0227498824269,-0.204459917885,0.23053747881,0.0355870940511,-0.192207943266,0.0855265891876,0.201534104974,-0.12679611841,-0.219548730004,0.117019572375,0.102391698458,-0.341260105391,0.0711847030097,-0.0494263222123,1.24076591116,1.53926082666,1.32660969533,2.10942037313,2.32479322365,0.869647261338,1.71627675648,2.70582428346,1.81305162288,1.83942403401,1.78755669284,1.30677349898,1.69681323074,2.02825073634,2.08584945583,1.02123602425,0.851568486287,4.49512944808,1.63079473009,1.50218586627
0.232735057366,-0.0630099318708,0.131708287942,-0.0723158602854,0.000990136435514,0.0338909033049,0.0382878826325,-0.196223742966,0.236160172684,0.0395637457436,-0.183270884677,0.0787838821936,0.192915060401,-0.111509735,-0.235789449648,0.144619719163,0.110170775801,-0.376076102094,0.0656265417846,-0.0672564589117,1.22593090758,1.44915471363,1.38834165501,2.06541496811,2.0283642185,0.812280473905,1.6158621888,2.67057892276,1.75627654905,1.77236746715,1.6760948448,1.30040882005,1.52789847545,1.87629114732,2.14978682051,0.958648970184,0.94245269708,4.73639791101,1.66249079354,1.41323443826
0.261829766539,-0.0452266943976,0.125855066495,-0.0535564913316,0.0179149988933,0.0446994902823,0.0614401754285,-0.187499946138,0.217700442594,0.00794877884448,-0.187241168087,0.0724849079855,0.21616700842,-0.181614272001,-0.239046775788,0.148103348501,0.0897091764383,-0.362680256139,0.0537469889496,-0.0607345454889,1.22811495168,1.43443701234,1.4222720939,2.13677985465,2.14475140567,0.992920664393,1.60848938373,2.6722467459,1.80808923255,1.84551406248,1.82851473874,1.25145777659,1.59026847329,2.06226179064,2.25391112799,0.986848431703,0.835419969782,4.36132858002,1.71616815105,1.3150184347
0.00928068495903,-0.0377250266764,0.03568547839,-0.154219941423,0.484796464795,0.0382709901838,-0.0498820176013,-0.317747911105,0.442047451352,0.0367974570804,-0.300607252991,-0.055997907336,0.476540925875,-0.0943211142124,-0.514714060661,0.0481100357897,0.0352981227836,-0.235316157961,0.195507156936,-0.0418033781769,1.09898967316,1.34977815133,1.15401613261,1.78176548856,2.78334859039,0.908833929202,1.27721389507,2.55084887042,1.82355662399,1.71767447099,1.45622287881,0.927233130804,1.25927419497,1.54005331252,1.71928695263,0.87851206281,0.850226171149,5.68846707679,1.28691793666,1.25599597371
0.206695531783,-0.0272092864179,0.124273114275,-0.00843800622292,0.0202601361501,0.104407851537,0.109309183038,-0.253559018734,0.150893130264,0.0322279635097,-0.147939087801,0.215805888354,0.242145146899,-0.0669286436964,-0.327497958191,0.176502880413,0.12053308704,-0.710297476767,-0.000418960725252,0.0392345252933,1.13440518165,1.25094423912,1.46383919451,2.00160885559,3.23020366584,0.933252440693,1.55012147072,1.98511924876,2.10866289804,1.91599024249,1.77509230636,1.58151749471,1.69496402471,2.19801077039,2.22442269546,0.876312191139,0.812972185524,3.65115004036,1.49468085288,1.59815203365
0.178616011557,-0.0183938139027,0.101316086084,-0.0100360038188,0.0513797794059,0.085174626797,0.129103677198,-0.262200093416,0.171378343952,0.0186310751786,-0.136750637852,0.213072354644,0.228105866662,-0.107285681682,-0.275388952386,0.159532783975,0.090347245312,-0.649445779687,0.00965868025818,0.023184431721,1.07523469237,1.2647426082,1.54798679631,1.87407007901,3.29080883632,0.893593663692,1.51325985051,2.19850442672,1.86773842031,1.87737980554,1.86702733118,1.50745059663,1.66444320346,2.13006906192,2.36232001971,0.850950847981,0.776516189546,3.76612961296,1.37790259065,1.50496277208
0.18430179147,-0.00142285553394,0.0803027295611,-0.0251204777797,-0.00525180598689,0.0614255301554,0.123031893375,-0.29490424352,0.139035521548,0.047735163329,-0.104174393405,0.243685275976,0.201403991149,-0.0620652652658,-0.278300233185,0.164066350731,0.100578345784,-0.660648650548,0.024634626643,0.0616867055019,1.03592938813,1.34118568158,1.38249743651,1.96951144612,3.35550839729,0.958399898022,1.59708767695,2.21993814503,1.81569200927,2.00206676783,1.87091924055,1.56153444777,1.66126170861,2.10788730774,2.36961761685,0.900354301255,0.86340776696,4.03485859352,1.19984360002,1.53778290738
0.143512298909,-0.0621081958838,0.200403669172,-0.0128588304699,-0.0181576567414,0.0822679480727,0.0860467048567,-0.346520427452,0.362038077618,-0.0239389155675,-0.143094338573,0.037347142611,0.20934286495,0.0409298659,-0.30412616969,0.0251098319883,0.0195957397292,-0.243936918364,0.0995405129391,-0.151393204004,1.04933680363,1.25452936464,1.39093970315,1.84156265263,2.19176501565,1.05133155688,1.6330421845,2.31911057795,1.67093548223,1.8494554081,1.93318466816,1.23519976816,1.35627589433,1.96015888943,2.2337937216,0.800391011988,0.817067467398,5.11336971362,1.54664527977,1.2536429013
0.15978925712,-0.0040471352797,0.19426044151,-0.0118233309189,-0.313129609107,0.0755687281562,0.0950164764129,-0.151063929371,0.202129220544,0.00881918282726,-0.208250477213,0.172661770015,0.193073662416,-0.14034733834,-0.158552285806,0.147225847399,0.174063032087,-0.479981455513,0.111806996444,-0.0672190533826,1.19332219151,1.49687205365,1.51711499496,2.15029601167,2.52449473309,0.995212589047,1.43587858697,2.62978254293,2.31313743721,1.92706500619,1.6509389252,1.31493969769,1.6787676297,2.05326050147,2.40271472405,0.828026119649,1.05551493029,3.79784447025,1.87980007271,1.63319318595
0.431811747497,0.159648597215,-0.0662726049686,0.105716063896,-0.450605813028,0.0633156733894,0.262699242216,-0.348447096537,0.176783742736,0.12030294778,0.104095755896,0.193882917206,0.14716293556,-0.138480779529,-0.385014229059,0.0439540369642,0.104193038775,-0.527339212179,-0.0897297107274,0.0923227468983,1.28253408436,1.4833829715,1.56137816093,3.00912075311,1.66927492238,1.09002042159,2.16205574941,2.61972522841,1.08076268179,2.55422267924,2.59800646729,1.66100912763,1.5863998224,2.56106472647,2.21336904788,1.23816620805,0.968521977494,1.72616114325,1.61290988919,1.93322647778
0.165698114827,-0.0440001777135,0.182463989153,-0.0292994407105,-0.0339788067284,0.0852999437965,0.0959887890491,-0.352781708525,0.301765133577,0.011394721272,-0.116062434581,0.0678939311577,0.214812343391,0.0650276973042,-0.365347948997,0.0460973813209,0.00762748065044,-0.252450677601,0.086626210026,-0.136774540669,0.983580516367,1.37566519264,1.52462185532,1.77041483209,2.23741926405,0.969759827217,1.65995663872,2.06221924967,1.73759530838,1.93636737276,1.97943936836,1.20911067132,1.40793768495,2.08930691379,2.1963887829,0.858133311744,0.754785909195,4.67819847129,1.76870282319,1.26988253346
0.154116751569,-0.0738534062071,0.219974496007,0.00555603696661,-0.0401602336158,0.0837081056438,0.092792112027,-0.385206551084,0.327601597161,0.0165281774727,-0.106807534615,0.049824656438,0.189784758066,0.0844616964637,-0.391553471405,0.063629659809,0.035166983862,-0.262289125892,0.0825874336111,-0.145862142278,1.03318090928,1.38193395285,1.4517518863,1.86556907496,2.42733923311,0.987335428938,1.48930070371,2.12076930161,1.78457638399,1.79892234305,2.02216861141,1.14608598668,1.51127317982,1.96933602922,2.17474756627,0.810621859675,0.883739326109,4.4410012809,1.78236207712,1.33222858218
0.243039555443,-0.128987776945,0.0579725568286,-0.145402450343,0.30387226681,0.0711005044412,0.0241303035605,-0.262415644621,0.197634486183,0.0355014994784,-0.246004143877,0.0769655557312,0.248887772039,-0.0936002265653,-0.297027153667,0.136112904847,0.0955684331768,-0.210823947908,-0.00310236979778,-0.103422124816,1.16986331528,1.10378142614,1.54140183261,1.98606023207,2.49084291766,1.04331537807,1.84400232644,2.14865050534,1.90071248912,1.79492685487,1.73588918954,1.45815421892,1.5742654808,1.7322234336,2.38540203481,0.858122129069,0.778348482897,5.52934723866,1.3335495898,1.6891477291
0.250166369037,-0.160479490745,0.0778967869268,-0.0430548560359,0.221077129392,0.0805413611268,0.10277308775,-0.243427414904,0.182668091078,0.0131832135438,-0.22909763708,0.0668031508095,0.192238464319,-0.0772596629284,-0.243155770402,0.156223716897,0.0657333865525,-0.360944701338,0.00646636912193,-0.0583515931204,1.11754220361,1.16273331594,1.66591955823,2.08312220742,2.47691584594,1.09376899614,1.90213007193,1.91132245764,1.86065116323,2.06973538217,1.69988459257,1.47574625682,1.34762899062,1.92334978639,2.19913334173,0.940635417717,0.706605507608,5.60853969327,1.42672932504,1.62419932381
0.302990105362,-0.138822684085,0.0757117012519,-0.0928381493966,0.207834273228,0.115726789678,0.104685088928,-0.263015763384,0.143147671372,0.0284259338291,-0.234961135952,0.103537590847,0.18861773602,-0.0956188034382,-0.267529158858,0.164018641587,0.0822599972874,-0.341894405811,-0.0151092367111,-0.067166191754,1.06353832485,1.18528813773,1.55265608729,2.11890691474,2.5844079279,1.36071443574,1.98637039706,1.83611298803,1.91416085189,1.95536134836,1.78877696694,1.49397573653,1.47615387494,1.75474454516,2.09985914399,0.912590504405,0.833257773099,4.64996423939,1.36627329739,1.79438532378
0.465029896946,0.220693465901,-0.122368957576,0.00166463355711,-0.260119288864,0.229559317168,0.262300436871,-0.283522587332,0.140474902783,0.0576471828545,0.0226220201233,0.0586872526159,0.220297927309,-0.25786831294,-0.335940837011,0.143824613598,0.103001078945,-0.503554397669,-0.196975751692,0.0345474044116,1.25905739006,1.91190911927,1.27061831667,2.42994103273,1.97364512969,1.11327347587,2.03890078767,2.30487851978,1.30268702822,2.57155569042,2.34327902496,1.25654231848,1.60405626315,1.85456925074,2.33101393333,0.934104497714,0.83541443355,2.802341924,1.4040600902,1.945010138
0.474268908411,0.223425687143,-0.133437548327,-0.00650410320213,-0.254009354128,0.234008019273,0.260383551955,-0.304660253284,0.166465725806,0.0497679587719,0.0068923288952,0.0544063512233,0.213583009892,-0.248364640178,-0.33534742537,0.131129632212,0.114756654536,-0.49653652497,-0.169922930303,0.0196949516436,1.31399538474,1.95962823221,1.38529623325,2.42035793583,2.09401944985,1.11339730448,2.02872660241,2.28786816036,1.3916897027,2.49779060622,2.29623479976,1.38204991845,1.53476711729,1.77165300171,2.16483483608,0.916467365322,0.837905913674,3.01407287008,1.40323103927,2.00274495442
0.464209978623,0.212157885254,-0.147838485959,-0.0183172999307,-0.240809286087,0.23415920045,0.26138712049,-0.297262886559,0.151285980972,0.0411966630812,0.0320973651422,0.0521965411746,0.242678061686,-0.249663067001,-0.32927115138,0.128937526025,0.115704720863,-0.520721939704,-0.172948039879,0.0408211127407,1.27400370155,1.91471858868,1.24263657991,2.41004210361,1.98920662014,1.11252640912,2.03730797605,2.21011450135,1.52681742913,2.40670786438,2.23438150993,1.32024176349,1.38465361317,1.83342390701,2.00875522047,0.923386330985,0.850629436715,3.05112121476,1.51247725499,1.85268486082
0.191202585065,0.0489647250492,-0.0927938719454,-0.071503813775,0.063299682354,0.1618123192,0.121005368367,-0.348731473798,0.434370985132,-0.154192215597,-0.288779860099,-0.0458460666298,0.394320913715,-0.111286354795,-0.166197348351,0.0066994144937,0.0596694293989,-0.128847035118,0.0575639171303,-0.130731299799,1.20638376919,1.52807557873,1.13667849924,1.84696017635,2.48637710353,1.23192980728,1.56515888944,1.9250043099,1.81276749567,1.7983081511,1.48660824081,1.1171926868,1.52756304676,1.75148205779,1.917052354,0.737163811687,0.565665028182,5.5570201397,1.74224283138,1.24585660057
0.338792159504,-0.04169872125,-0.116031140277,-0.220518179313,0.152418341711,-0.0629506354737,-0.118781904688,-0.132164717497,0.245491296649,0.0620143327542,-0.104529045944,-0.174010168413,0.393587433804,-0.0414272516376,-0.286642633138,0.05976849155,0.115052447252,-0.303870457898,0.136510984375,0.0989893679293,1.14507458971,1.77667794079,1.20629267256,2.36936835779,2.07070335313,1.08046076976,1.93617408998,2.80128231823,1.64397883841,2.00660130091,1.96938375202,1.37969710346,1.41751393851,1.82301526462,2.38466452391,0.903662806166,0.904757209152,3.72299485478,1.46448399322,1.72483293734
0.67170128879,0.0583853913071,-0.0321743137115,0.00748030358507,-0.67126628553,0.201989535667,0.313707411676,-0.0567557910211,-0.0949961239357,0.0262499294383,-0.124367970204,0.22177625356,0.0414774702771,-0.44513806947,0.123978352225,0.348953074119,0.399118405364,-0.878111473322,-0.428672365018,0.316664976204,1.24222682824,1.53163991758,1.3685095991,2.05781196473,1.10729148518,0.982114528045,1.8109616836,2.20783748729,1.04984755222,2.48871334892,1.98924075324,1.39826115613,1.44472519787,1.63342282272,2.0831781455,1.08631042883,1.2030560973,1.49200061668,1.03394257827,2.04782098088
0.661839054633,0.0687639060218,-0.0776740940559,0.0270503775168,-0.686005372475,0.214605877884,0.339773272679,-0.0539299492982,-0.0641012839442,0.0241605550901,-0.166878937665,0.185396167391,0.0510936422129,-0.473197782872,0.180795128572,0.309573236999,0.389128882532,-0.865607446252,-0.408375527169,0.343590292201,1.17014376687,1.30143134878,1.16633126669,2.00700528571,1.42757734506,0.982605142031,1.8701304429,2.15237882781,1.01165871481,2.38809255016,1.79065163193,1.37303810036,1.3902809426,1.50016204354,2.00864701073,0.992240284637,1.18954070528,2.17017821348,1.03888404332,2.0847760376
0.671996466991,0.0658766087786,-0.0394402772945,-0.0172202333171,-0.652357934522,0.196492454905,0.299552640715,-0.0674889672316,-0.0799767900941,0.0339224389014,-0.112476143695,0.21824317321,0.0455081841775,-0.450642060219,0.0986275076361,0.349509607758,0.409226227614,-0.871576664623,-0.437090037631,0.339313797941,1.19981252053,1.53122939179,1.3209504724,2.07370806657,1.08403509977,0.973395754787,1.71222127368,2.15983078212,1.12306478453,2.47808405007,1.97249452095,1.42451025581,1.41396150988,1.66126905768,2.09800731916,1.10637155739,1.25499102934,1.45067107171,1.02881119998,2.05996212994
0.510249532772,0.080917722913,0.0118927014384,-0.0747798321912,-0.437861935454,0.0640450625758,0.14806567796,-0.00762955815177,0.110460359487,0.0848816414255,-0.0171842935279,0.13434677801,0.108317332779,-0.230399365096,-0.407225593561,0.239052877306,0.303941290651,-0.674455368056,-0.182361828881,0.235726797599,1.55510423521,1.63824158958,1.47355987707,2.2292240205,1.34345014779,1.10138688462,2.23125196894,3.33052035682,1.7015684171,2.77255023294,2.27351170436,1.63193724204,1.49320250302,2.08202351409,1.93539341696,1.01008131882,1.27875016529,1.3946297966,1.43050796998,2.35041180806
0.518437697357,0.0752195210066,0.0105146229547,-0.0651204392584,-0.436664184894,0.0655289564324,0.151377029083,-0.00633452427113,0.108226212323,0.0835819573856,-0.0177617357194,0.139015560786,0.106778110508,-0.23158977622,-0.412682378038,0.241385671311,0.291581774992,-0.675102365021,-0.185039991256,0.238648280539,1.55156328847,1.67226717145,1.49363247892,2.20262258412,1.35918674954,1.11363133962,2.27317234941,3.36850737849,1.64653531132,2.83070541304,2.2904694505,1.56208459849,1.51612288234,2.04399366129,1.92282567392,1.00529606802,1.28718268086,1.43973564162,1.42814700273,2.31390630781
0.509974498862,0.0776972372341,0.012609153676,-0.0790461415654,-0.433070952281,0.0572967157522,0.139884483765,-0.00398548506383,0.110464983446,0.0852277637216,-0.0107079332849,0.139534558795,0.11117459598,-0.227732856134,-0.412947238322,0.25265755861,0.294364963228,-0.673901975101,-0.179692937406,0.230199006088,1.54777369768,1.64539902535,1.49538706247,2.19904016326,1.42001548422,1.11053815962,2.22008165464,3.32905787203,1.65599563888,2.84130972952,2.27859589568,1.58933022428,1.50357619612,2.04607740657,1.99585778809,0.990473526545,1.27023621775,1.42901694055,1.43270322282,2.33856617346
0.107975302486,0.0454501822024,0.00392150213328,-0.0751989620625,0.263292905772,0.00426259255851,0.0321840402587,-0.372376565332,0.265646314909,0.0806359902595,-0.254726851168,0.0983151281927,0.347738019845,-0.158044815592,-0.289452087775,0.110088229252,0.139092558556,-0.360003597945,-0.00534157332348,0.0165416867738,1.31908051935,1.63674129565,1.31753718692,1.89592934217,2.4689476138,1.03833829703,1.57081311786,2.48155860366,1.75317666645,2.24611166686,1.53389422216,1.4044909778,1.51062741126,1.56629273955,2.11223828336,0.903919359121,1.09893023469,4.76764772831,1.27786962853,1.8622783315
0.124314547124,0.0426704658195,-0.00467940008358,-0.0740179015255,0.213388210399,0.0088734242211,0.0539945682643,-0.331183955654,0.253682081359,0.11017055457,-0.228885176147,0.0777440445033,0.335488332721,-0.142465800888,-0.292483313433,0.130769783974,0.155255506171,-0.437143944121,-0.0205602305449,0.0250682032701,1.32115274883,1.65322668482,1.39824912379,1.90679530862,2.0673230704,0.989238334097,1.72738483382,2.463720097,1.95711369635,2.24810308299,1.63770489456,1.46274813442,1.5303442565,1.56528275773,2.41074220507,0.961788629096,1.02491091258,4.55666204184,1.37551440029,1.95844249676
0.0811180002115,0.062021183119,0.0147628930597,-0.127707573466,0.315244929108,0.0379474343295,0.0138734644237,-0.388508966775,0.326592716964,0.0308674921611,-0.238963746139,0.0637762170234,0.375921394691,-0.15169777362,-0.293863869468,0.116199164483,0.172519205837,-0.379108260483,0.00190860236564,-0.032902507826,1.16959848603,1.73679894296,1.42549193765,1.97627204463,2.54716408115,0.968973283611,1.6873586522,2.19717799676,1.90080493093,2.21464647076,1.60691650349,1.37571186525,1.43276446807,1.61603334963,2.38085821104,0.882449318615,1.00187538879,4.01730569938,1.17968377691,1.67417926093
0.653074735884,0.100804285695,-0.0705616870892,-0.0690387429219,-0.377282186332,0.156344151993,0.107957133739,-0.0136650151513,0.0205314738081,-0.000915088142361,-0.00603697741679,-0.00509059813443,0.0902234308552,-0.284564488876,-0.230903504856,0.264902378273,0.317337240998,-0.587563778475,-0.264399790267,0.198847026416,1.59309349023,1.82862384553,1.42915188041,2.11574383609,1.30447006774,1.11201058795,1.996871174,3.25960212114,1.13881829191,2.37927324022,1.9025120617,1.43118278381,1.37549103639,2.20851612249,2.49059599656,1.02798382071,1.18762235304,1.87020412298,1.35310664911,2.12734650721
0.154411084365,-0.0173851861731,0.103147070423,-0.162784670346,0.129951006662,0.143459500958,0.00691924355283,-0.368672490368,0.343615357142,-0.0406827381628,-0.214033189516,-0.00251287855163,0.281661008593,-0.0400523955443,-0.184071090685,0.0817610923178,0.0809321780499,-0.299953330002,0.125797239142,-0.121506811856,1.04764621698,1.52597940875,1.44447544901,2.10904409044,3.57650154943,1.21286215061,1.53698169813,1.68833637578,2.25597946874,1.53940845451,1.56475822466,1.20522763471,1.78965629579,2.13088326523,2.38040045947,0.81547143811,0.680709310089,5.04728013806,1.80253987116,1.27371225588
0.152959034485,0.0121397628662,0.0730205070395,-0.143523246223,0.139931599821,0.149918936045,-0.00962442386908,-0.330813316663,0.349034497407,-0.0317464439909,-0.238383241864,-0.0155253250917,0.270529633186,-0.0261912547193,-0.213984871301,0.0799973575118,0.0481115877106,-0.307294175806,0.149286519008,-0.107843135552,0.995678185419,1.52394830777,1.47574410344,2.10059835134,3.95533037771,1.09833562274,1.61811734889,1.65180589465,2.36716301902,1.6761883881,1.68196546674,1.20382536285,1.57926938903,2.10610544661,2.42681472207,0.772971603596,0.622965035282,5.14990927785,1.84746473432,1.33826422663
0.0977534103223,0.0635312731794,-0.0502997326419,-0.0492392310936,0.228007937388,0.00817281903627,-0.0268424527123,-0.342241879069,0.509441196015,-0.160381748417,-0.24729493853,-0.17286516309,0.372460256489,-0.053341508334,-0.268329085756,-0.00561293774274,0.0710809140134,0.100047787887,0.101197226369,-0.175244143313,1.02702912635,1.74418523665,1.17571034657,2.19763225486,2.12722779571,0.827499282366,1.78101202617,1.94467539158,1.38231857374,1.77050812162,1.74774305444,1.25731484358,1.32505921057,2.17407346374,2.54200248714,0.988758260277,0.757794748789,5.18881359217,1.34766802617,1.25746172837
0.126795215992,0.0499831217933,-0.0706036134667,-0.0173461359604,0.238237986407,0.00663724530354,-0.0270598534127,-0.342694644176,0.452942291313,-0.144432790584,-0.240549293862,-0.189711065575,0.390576308296,-0.0393504390967,-0.194017299219,-0.0138155699323,0.0485346808385,0.0572718659431,0.0973578232877,-0.188755833889,1.05505099283,1.81645725933,1.24005464448,2.42174657551,1.98356650616,0.882973980464,1.76943110078,2.01636430308,1.44811304631,1.7789874988,1.79035937692,1.28656916241,1.16696606379,2.19238049194,2.61260868727,0.946875208622,0.839148239368,5.16532114979,1.52217801878,1.41582056453
0.19406208371,0.173072031981,-0.00519407571982,0.089502015139,-0.327808612702,0.0691561227614,0.234912079347,-0.307338266545,0.198538166687,9.38264057856e-05,-0.101050803525,0.00027415728486,0.121395818517,-0.0862265633641,-0.0677280742778,0.0290468231088,0.0682217020206,-0.315669775584,0.0237494365712,0.00899190818389,0.876418349676,1.85686635852,1.58289821908,2.13379926211,2.9601477309,1.03038271492,1.86256869603,2.12303872409,2.12803005473,2.13438856666,2.04562596262,1.23733234487,1.86983922683,2.01018530545,2.29773581792,0.881743152849,0.885322404905,4.09353390028,1.61730556907,1.71742026487
0.0602782175454,0.0665722999314,-0.0287754311091,-0.0996304253098,0.11762741536,0.070788722569,0.0127340913462,-0.383701009881,0.490668225688,-0.0962880698987,-0.257738965824,0.01403177657,0.429386545181,-0.0718277890159,-0.201727143687,0.0413750587624,0.0279767426356,-0.160186023222,0.114501752384,-0.146065990027,1.09276556139,1.56741827639,1.31016678398,1.87515013687,2.88147444235,0.996543708288,1.56918220958,1.54218475997,1.82894886924,1.56400492255,1.68013825217,1.31584818678,1.62786939017,1.7304531574,1.87589015335,0.875386708774,0.774329511473,5.64088686584,1.48063216858,1.28111840958
0.091478067118,0.0662624607528,-0.0382630907233,-0.129542561108,0.0913077488162,0.0579666800441,-0.0269432931651,-0.343379795652,0.433769050177,-0.0595551262418,-0.24527098339,-0.00889427660293,0.431037517303,-0.0551927857762,-0.179254093062,0.0588886276206,0.0529525838248,-0.191163401311,0.117815425205,-0.124018753829,1.12964970268,1.66625085452,1.10593171436,1.7331173919,3.07401237877,0.95769445813,1.46024269635,1.70233835856,2.03133017104,1.52886266354,1.69757412403,1.19514946215,1.52074780014,1.72047260578,1.77394847244,0.830886063023,0.775937033211,5.54884117881,1.38400192705,1.29730185314
0.140180740652,0.150226334268,-0.0374739465879,-0.0545046111667,0.0923240351447,0.121810485933,0.101240050632,-0.301312290324,0.432959424461,-0.0759481542295,-0.298086845707,0.0199605684057,0.347731254858,-0.13076126505,-0.312973584948,0.0669322247769,0.0734672973679,-0.380551863799,0.121828629373,-0.0770484840599,1.14096952575,1.39108986688,1.30796782989,1.99160036203,3.35347170853,1.12360355881,1.61961758106,2.10638997226,1.84458833061,1.68953412756,1.3998159582,1.29068991284,1.39883130483,1.88106489591,2.32408720584,0.757322173624,0.679738632069,5.64599808283,1.65806224927,1.34447641476
0.143378049947,0.114016150178,-0.0649568939724,-0.105641517411,0.196758763973,0.0786423594239,0.0119176974335,-0.262850499944,0.47638686455,-0.046970337536,-0.286885526317,-0.0497716878886,0.3363969592,-0.0926023964246,-0.325907599336,0.0126587364608,0.0922067628577,-0.319154594076,0.12749434987,-0.0351156409878,1.17830132208,1.43583921158,1.42844208706,2.00072701933,3.55908162374,1.08421921565,1.48330529163,2.17481494533,1.85657539331,1.75800590708,1.59566973983,1.0567752571,1.38378715797,1.87712592995,2.31702091438,0.829721786095,0.787700133793,6.03599614049,1.57933087262,1.39641330798
0.119719587357,0.0716280284923,-0.0593937981844,-0.029903065489,0.239675485244,0.0175273104138,-0.00905343894383,-0.317578059602,0.494707657162,-0.15039666934,-0.222702421385,-0.186594266091,0.351897109445,-0.0372695714343,-0.255676608096,-0.00654662030398,0.0760092330922,0.0444358278823,0.0388903378492,-0.179376058069,1.0663597286,1.66747499291,1.16064635361,2.39105941776,2.04996537764,0.86077923305,1.67161212389,2.02599549645,1.42016810065,1.63121765174,1.86482294666,1.30907063399,1.50551558617,2.09706676853,2.61776251208,0.933035097477,0.825363152937,4.92248272341,1.55841990615,1.30879842
0.131734871386,0.0998395609555,-0.0191420423072,-0.0400508050815,0.188955203115,0.141425847604,0.0964445780404,-0.321840928055,0.444484864574,-0.0870567414423,-0.334165618358,0.0325921542588,0.37820382296,-0.174690911706,-0.297272444536,0.0194059561096,0.106519689296,-0.405456358468,0.117304735945,-0.07723543429,1.06354591428,1.44126538848,1.31065398261,1.88820400605,3.41415562022,0.877872309949,1.46712981408,2.00331920339,2.09330106624,1.61192974675,1.43337539307,1.21712620855,1.42860890548,1.83139995806,2.42097274349,0.721328146926,0.782269612981,5.88842465523,1.57023929806,1.25591381681
0.231666344264,0.0816568950975,-0.10211888916,-0.15357876762,0.142698068924,-0.03827016242,-0.0311396359234,-0.150456697405,0.427647204361,-0.0582974788748,-0.230235828999,-0.050763485012,0.267718718102,-0.168336152555,-0.19480408904,0.0563229099257,0.0757425085058,-0.117022454828,0.0616319341911,-0.0500609415337,1.37711138874,1.58668823055,1.30891212035,2.0405214616,2.4537597167,0.87792283425,1.73758261446,2.47125459686,1.31213505172,2.03005457571,1.63420354978,1.49493157494,1.45267742912,1.73269768402,2.47467810995,0.898280099578,0.952789927677,3.88195312818,1.3931753305,1.47693166432
0.284642252604,0.0991470477077,-0.0970392349111,-0.116176943729,0.134230478179,-0.0957151822228,-0.0294592095962,-0.113734226991,0.355242858277,-0.0359391552351,-0.206214994833,-0.0750863162856,0.224288155312,-0.211123581004,-0.187286794693,0.0631547769428,0.0774273799169,-0.123842406269,0.0658994586282,-0.0124143617976,1.29331374354,1.56508089486,1.41672944398,1.91151096097,2.08610544997,0.864041812127,1.75830534116,2.70860296488,1.44728186834,2.20853756708,1.83219956677,1.54020354645,1.53626125269,1.65176507098,2.50305415953,0.908700865748,0.951142179289,3.40129029981,1.41448669954,1.47888434483
0.21633805163,0.0469827255667,0.0353474735418,-0.0542667437672,0.0613346609125,0.10531080131,0.0419183058544,-0.21254632215,0.323494512566,-0.0437823470823,-0.261080067304,0.0380571258209,0.285691777304,-0.130720887314,-0.100629142103,0.0617095102618,0.124404670461,-0.572452826062,0.0732452341523,-0.0383565135978,1.11863291449,1.3202495652,1.23169781489,1.81557963729,3.13128653376,0.994123793306,1.4592003691,2.37169414952,1.97126411875,1.77816716036,1.54410160252,1.17652795235,1.70910698784,1.71491123679,2.35509592165,0.663697072097,0.874783037422,4.91591732064,1.50552631244,1.54338314263
0.22892985763,0.0595420447329,0.0436537834319,-0.0777998408652,-0.0142495345696,0.139112445958,0.0401111738491,-0.197500601167,0.328510808571,-0.0370199397169,-0.211977930298,0.0755933785408,0.255800174339,-0.150574210033,-0.092515985946,0.0826130917751,0.0913995836482,-0.584370510049,0.0471649733227,-0.026422763154,1.08194189447,1.21751582682,1.12305689184,1.8553620515,3.07069340453,1.0249239847,1.48157488137,2.33309473143,2.11725869205,1.96168197731,1.69859378108,1.24445903423,1.63142711164,1.66274644311,2.20318572764,0.785641742082,0.800481932732,4.98876296235,1.58003807006,1.49624640723
0.167716901721,0.0346693960102,0.00595787546051,-0.0817032442574,0.126600694454,0.0810420584897,0.0154727185405,-0.258658695051,0.382543951422,0.00760289543485,-0.226378530811,0.0367735170255,0.306895235587,-0.144116816871,-0.0737504024004,0.024625569517,0.0833539147003,-0.568708413737,0.113110417702,-0.0330490429368,1.10416215766,1.33740167313,1.3471792227,1.72374786981,2.60616297873,1.03705546491,1.54870566917,2.11539556517,2.08165858497,1.68335971896,1.64195975075,1.3009404037,1.55526311892,1.75351126758,2.2113385119,0.637103630945,0.915701782833,5.47831781011,1.70815200739,1.4043587506
0.192189968289,0.142888875351,-0.106476990921,-0.0954522736243,0.0817607218203,0.0967952654676,0.0534913139727,-0.234775611346,0.367225170734,-0.0331534618913,-0.210610554568,0.0191687916241,0.339728741363,-0.150839099492,-0.332918783154,0.0566950251239,0.0927607389446,-0.276019593124,0.0298648538175,-0.0323230983876,1.28490908461,1.69860570533,1.41317279836,2.02036989487,3.16504419555,1.09180725804,1.42752118978,2.33363894008,1.91675103532,1.80381742578,1.59306011587,1.11176092013,1.53316554259,1.86440478113,2.1537250693,0.814050552594,0.70444158015,5.758774893,1.4799435138,1.46499391636
0.108296150233,-0.0963540527488,0.0533336159449,-0.169197372347,0.473167390803,0.108344524205,-0.05686622166,-0.34758863849,0.33845590339,0.0608323858905,-0.279422275401,-0.0139266519552,0.435508091589,-0.141816960611,-0.364181094332,0.0526363496187,0.102999173118,-0.335123030162,0.068303618176,0.00259909473962,1.33210990939,1.05742536409,1.18713193466,1.81201351974,2.24286898507,0.729031649105,1.39092655146,2.55030179603,1.60122183413,1.74532007061,1.69490734601,1.21773874565,1.3515510056,1.45363903822,1.80506625326,1.0066248346,0.697053577694,5.67421375974,1.51267824907,1.63012663313
0.109962993777,-0.089452692554,0.0697847258738,-0.128690259115,0.448820088488,0.100408402967,0.0134080844685,-0.324235864696,0.301949008308,0.0763275334627,-0.296422825849,0.0236600583176,0.398811822157,-0.205959309498,-0.348941516566,0.0602680401257,0.101992384164,-0.340286339499,0.0308617058613,-0.00226604019483,1.29473415897,0.970590102088,1.36047982393,1.80499225095,2.14080066565,0.890519937531,1.43566987388,2.47946816145,1.66787593296,1.74586165628,1.63518349603,1.21080280802,1.38038261099,1.52753319565,1.77891914949,0.901777040191,0.733252167785,5.51723722105,1.29397461239,1.5366246972
0.448804827748,0.0869647531327,0.0479853149239,0.04899394559,-0.511945414383,0.21350535462,0.259787039721,-0.0650780854386,-0.0200977414392,-0.0473231302353,-0.0680738200502,0.21338560127,0.144658537114,-0.244515544519,-0.290015315438,0.245282694922,0.190933926717,-0.638891447984,-0.064301997787,0.0499405015156,1.63104968791,1.76014055839,1.47406627495,2.45263617633,2.20405448767,1.23561273914,1.73621151067,3.14661700221,1.58386829731,2.12818775036,1.76917769996,1.53663408485,1.53048338812,2.15070118928,1.93450605544,0.940527160153,0.848758832193,2.64447552526,1.91957437974,1.61177236486
0.463399058147,0.373375113434,0.0434074186479,-0.195047889303,-0.549230266473,0.237632725945,0.237843530329,-0.293385745004,-0.0204913624202,0.0848181203995,-0.151979396643,0.743988028509,0.0856176757652,-0.365028587582,-0.488576331919,0.313366485059,0.428099257011,-0.889603129193,-0.337934647202,0.279729942493,1.27977450962,2.11547056106,1.67333756181,2.2511900728,1.12187068106,1.06962898215,2.30190646112,2.43241036812,0.974059560227,2.30714896423,2.16919176516,2.81553743881,1.33138842022,2.40250731395,2.25923696148,1.14859657475,1.46246097978,1.49177118084,0.570498314527,1.92432840619
0.448397175863,0.351949158869,-0.0179859130739,-0.233337861395,-0.507731085103,0.233383043574,0.247566288655,-0.331625051145,-0.0157717852805,0.105839348797,-0.112868443847,0.686407645307,0.111086002031,-0.331423621612,-0.485037985614,0.308393330558,0.455513370591,-0.880273970939,-0.324131326924,0.291651680688,1.30269444384,2.2541277368,1.58127337361,2.27679670357,1.06998627679,1.08504085993,2.40746643216,2.20911072836,0.898960101422,2.3967797865,2.22821146818,2.84648576876,1.34781178229,2.40847685225,2.39746251136,1.22349408095,1.45171870038,1.42387179353,0.593339489322,1.9552554216
0.165101603536,0.0957710830186,0.173943473673,0.106558813477,-0.251411810164,0.0498502698327,0.109066630314,0.0126646680169,0.0399967332411,0.0065497915074,-0.137971638129,0.296316916667,-0.0160576894574,-0.100628697585,-0.262107971346,0.198176199495,0.362792533977,-0.679608876741,-0.2353948953,0.0663928619666,1.12607832394,1.69165270091,1.75366740243,1.96670948225,2.0134968264,1.2696075201,1.71678380969,3.49829457022,1.72373518711,2.35858110383,1.94164579899,1.77560883869,1.32976441867,2.76830710662,2.39184695396,1.00022211794,1.52568523855,1.2285996183,1.35747431591,1.87586758469
0.237957197915,0.0329332652248,0.204003473801,0.279787479945,-0.85122316823,0.400381058096,0.700450184831,-0.482671605156,-0.123734036009,0.0277056916417,-0.0962212798935,0.610653277613,0.189372067128,-0.20247112799,-0.512278685751,0.112644388248,0.1644313875,-0.868266632185,0.0519388808728,0.124608182399,0.936820701538,1.27961755568,1.44122980975,2.50006925518,1.4820934374,1.32997737142,2.62660091217,2.02218260319,0.773624386633,2.42311170546,2.22298425355,2.00622097114,1.43668843454,2.53377207585,1.58237652784,0.773680982433,0.796990477865,2.15180876502,1.71564387621,1.85534333075
0.259325983912,0.0448457893569,0.197482919979,0.27524936866,-0.881857492481,0.389895243826,0.711562584021,-0.469010873576,-0.112629494683,0.0422487553973,-0.0977060078844,0.611609528762,0.187725882547,-0.215823081314,-0.516267752858,0.110621560298,0.172768297147,-0.877932204666,0.0250869948623,0.142803998694,0.940249771409,1.23350571135,1.48554963302,2.45162355977,1.42230215495,1.34545290951,2.49918421622,2.07322302299,0.73990309788,2.42001034493,2.17485356004,1.9979993917,1.4160184252,2.49381302293,1.52797207354,0.815671313506,0.793298018312,2.07802740227,1.69535162156,1.90477934631
0.239742834557,0.0404255874868,0.203413773829,0.276110559995,-0.881765018374,0.394892420993,0.722355818947,-0.490568034634,-0.0913021805351,0.0627132300709,-0.115656377928,0.642143291889,0.186903819269,-0.179324401577,-0.520614711748,0.093979702541,0.169901031725,-0.90081892829,0.0149582165325,0.13250936525,0.965916989778,1.1482860872,1.41914701772,2.31235486585,1.48470778607,1.28168129789,2.43979040655,1.87544500612,0.855751559514,2.38331263644,2.15064398133,1.92075657862,1.37445922313,2.22815675475,1.56919356036,0.810447170144,0.761632965226,2.1637542247,1.64821446185,1.94738267247
0.136938778665,0.0889970550387,-0.00444818966524,-0.0131122857914,0.0209078029362,0.13717739589,0.217305083757,-0.297859405769,0.358499547677,-0.051423439161,-0.302375573681,0.0706897270784,0.336635272802,-0.150639808271,-0.233132450259,0.106672852386,0.15965460932,-0.539546193643,-0.0464714036373,0.00553062432785,1.06084188198,1.69694264819,1.20695509989,2.04078808644,2.58844893255,1.083753353,1.97716757023,2.31536697835,1.68050919697,1.84141683951,1.71457467721,1.31840719995,1.4871319784,1.90214107718,2.38482024236,0.809462397337,0.864285152002,4.92916860991,1.65397852701,1.63856532723
0.122404561838,0.115810744909,0.00209764501062,-0.0193018692125,-0.0225762286938,0.173955955744,0.194915683326,-0.295201260111,0.364218369013,-0.0217518481146,-0.28733866551,0.0676179686681,0.330809933214,-0.167964145264,-0.245691564404,0.108516614881,0.180287763556,-0.553849757246,-0.0464225841147,-0.000537317491936,1.07433459821,1.75490784197,1.21022276857,2.07285571176,2.65393682055,1.12625476034,1.8891345054,2.30823629481,1.73354589368,1.79748818617,1.74431898294,1.36002347436,1.46267373283,1.91241533674,2.25042710401,0.800279570133,0.899540021806,4.85595810268,1.51011084245,1.63176133159
0.141546728613,0.091125272524,-0.0165392864047,-0.0194704109737,0.00823219856402,0.158955951474,0.191754751453,-0.300941674706,0.349576604,0.0032464377388,-0.282024863264,0.0607846999895,0.299909608379,-0.157441322784,-0.253648703955,0.119119629377,0.179676738644,-0.518527309407,-0.0724678926654,0.0171328434031,1.18599240414,1.63447733073,1.23207528719,2.05198284552,2.60340621885,1.18492750255,1.95060658018,2.35862048164,1.76216292047,1.9430519571,1.76566403743,1.32988435775,1.61970100892,1.91406861688,2.25287806338,0.869261594285,0.941500546664,4.65111778928,1.62474197872,1.71681628667
0.356206632072,-0.00571165753739,0.217389029822,0.0699673902478,-0.116451546749,0.299946234381,0.32130349009,-0.25938518579,0.112953466629,0.0284720029979,-0.23795113213,0.345753544585,0.26770847118,-0.359573375313,-0.268853627818,0.258831873663,0.144176856185,-1.07642642693,-0.19491555469,0.096559515108,1.14516301183,1.42350789948,1.36870826059,2.13520377395,3.00303109808,1.01612308736,2.00065720341,2.02879069997,1.6336719835,2.06475894111,1.66677798614,1.44227236094,1.75360089403,2.08799811335,1.4566640858,0.6749479146,0.769036865955,3.39757843837,1.4455184574,1.71204424667
0.331419449797,0.00927427931138,0.189989842817,0.107012889986,-0.147311830583,0.276576457001,0.334583918853,-0.246785929087,0.0343119166843,0.00704792237548,-0.218679099157,0.343830477966,0.263403032379,-0.333196642009,-0.308623944728,0.271391232916,0.146461595999,-0.944128939146,-0.20248550301,0.0859088716352,1.21393809941,1.34946117109,1.21121125091,1.98271337083,2.86152381051,1.02054263231,1.93199155749,2.22985698177,1.78515672294,2.21425919711,1.78477229745,1.52297716349,1.79344392266,2.01533270303,1.22116833723,0.65638562706,0.796958616875,3.83463485065,1.6438264502,1.6933701579
0.300990451139,-0.0148770610962,0.160367877485,0.0437273089375,-0.159422419797,0.337296272124,0.334808881095,-0.262366444034,0.098399858169,0.00521137574174,-0.212602242881,0.330847106503,0.294490906226,-0.293386382089,-0.318399670599,0.247584098455,0.136136080821,-0.898467610921,-0.19591667111,0.06557828583,1.05685249085,1.45087095898,1.28567403058,1.92008501385,3.00010052114,1.1067213862,1.95970961687,2.02933996207,1.96428636719,2.1878393625,1.75396812263,1.60810861186,1.75873276903,1.93801070562,1.56079757305,0.655253338099,0.702351866203,3.67360211158,1.47997897569,1.6048712537
0.380848765731,0.0262725315596,0.172577015655,0.0804256854352,-0.215799271023,0.392568745588,0.355123654842,-0.293376282742,0.0276667309203,0.0280696660093,-0.184337525119,0.373252911002,0.309003119322,-0.339875941694,-0.27110414617,0.255615118213,0.14372050363,-1.09134784344,-0.257437861948,0.108134424227,1.15248671702,1.32369802571,1.29593986002,1.88539909259,2.71340325506,1.0690786198,1.87533550254,1.96349695551,1.5740337041,2.28688554144,1.8612733879,1.47571400217,1.57961509116,2.03545211614,1.57098359551,0.678192242803,0.623101274036,3.39378061803,1.68934836215,1.65690380758
0.454071606278,0.346434524396,0.0174713773173,-0.213470798787,-0.522836484213,0.223187735953,0.23970856426,-0.305548524045,-0.0174249413886,0.110346325246,-0.118701826501,0.684254641434,0.102313834338,-0.350556479395,-0.4944017307,0.312436188389,0.455275367102,-0.903046416526,-0.310326692318,0.29081372916,1.25979156842,2.24774293261,1.6714419295,2.16852332627,1.01781540239,1.10416111702,2.32635776152,2.20116061079,0.925670112337,2.31474432938,2.24151060026,2.77431040223,1.44838914918,2.39721122641,2.43313144675,1.15828208124,1.40985345012,1.42370973072,0.602385189014,1.99581675833
0.265808220662,0.130720100193,-0.0459460765085,-0.0388393700527,-0.126254223308,0.0733342209364,0.155797681472,-0.200446610019,0.0360708472913,0.181171320001,-0.0461669666446,0.197650883357,0.144503777,-0.236605249693,-0.261009492696,0.175785995859,0.291319973153,-0.672987857851,-0.224661352279,0.200754179128,1.18538122689,2.11550770378,1.38737258624,2.34097938314,1.73179714657,1.20685621531,1.69543287742,2.99689831787,1.69243143858,2.43094598405,2.09468645961,1.61341043035,1.52986394164,1.857405144,2.21608796787,0.916426372869,1.23738792699,2.46565760459,1.40231204712,1.98339137815
0.148654157957,-0.045225906257,0.0168740294052,0.0448997842189,-0.43740245584,0.179622873192,0.210289828837,-0.187078670093,0.0468712924079,0.0897583649966,-0.0980571839565,0.267093168073,0.279925135874,-0.285090137913,-0.0953544924912,0.148774833181,0.164067531405,-0.582876929898,-0.120141822836,0.254396599736,0.87114268463,1.34918046944,1.06124537767,1.99519291816,1.79691509376,1.15950316469,1.3954584713,2.73016443583,1.23367127801,2.43802468832,1.45272798566,1.83728463504,1.50132471749,1.78224554422,2.01003486832,0.62542838062,0.82764931612,2.49848268748,1.6027174856,1.96427036798
0.166207585824,0.0338672717634,0.0044406166178,0.00565018562533,-0.465419169839,0.257953014877,0.218526019174,-0.229016561014,0.105606423788,0.0664534036918,-0.103107274887,0.303462493667,0.243347512162,-0.334705610669,-0.109206356551,0.110379854348,0.159562357502,-0.514263991431,-0.129578428904,0.209840654257,0.888255284479,1.71463804727,0.935361237736,1.85629601942,1.76307575268,1.05285056828,1.55162013633,2.82357386981,1.38532550208,2.28650101796,1.38918987751,2.0640842508,1.52652872823,1.7350596547,2.14708958049,0.575559184081,0.787682476375,2.8064392312,1.62904941836,1.77597690568
0.142572554464,0.0198192890833,-0.00630687874422,0.0928716288249,-0.445989192541,0.199899340361,0.309328688129,-0.167681127355,0.0364425338046,0.0554168023909,-0.103396355249,0.366789143598,0.130428318618,-0.370594741405,-0.109763009668,0.184777550138,0.198705135501,-0.621213539492,-0.152563662983,0.240457522525,1.1383724534,1.36303667538,1.1751684339,2.00224249224,1.49902767841,0.928578509702,1.48237175358,3.08145181758,1.43122174766,2.53449292053,1.53933731231,1.75375208137,1.52144649441,1.76769648647,1.854263636,0.687086060668,0.842368144832,2.67142789804,1.30949247428,2.49044838197
0.0260119678698,-0.0143423062441,0.116150199179,-0.0146340096315,0.380282392189,0.117021304785,0.112820788536,-0.382435940558,0.337219781427,0.13977273007,-0.324089420859,0.1859703946,0.489697439546,-0.241717392431,-0.478499250435,0.0288439611827,0.0954472460895,-0.598699146779,0.0174312400018,0.00774802146194,1.21686929595,1.1888586131,1.19994611626,1.57520887832,3.14666411487,0.845803367321,1.59830996478,1.97342302507,1.61016615331,1.57084350999,1.51159449555,1.35132475107,1.56814951646,1.55150614935,1.72335973609,0.645529980028,0.787831732908,6.51252097625,1.32248584153,1.4075524852
0.077860787311,0.0297061372883,0.103077073219,-0.0719159315062,0.331644616451,0.121737558038,0.0858203538175,-0.327462398282,0.256527313875,0.137411527144,-0.306103607909,0.197077454231,0.480899689875,-0.231352522398,-0.429222418618,0.0371973926038,0.0784757859852,-0.568783348004,-0.0549506442418,0.0523551811208,1.34301905462,1.21665049604,1.18426698183,1.5991392614,2.7531414187,0.890179193402,1.66283007972,2.02691404107,1.54355331247,1.75324391995,1.48526812733,1.30112765004,1.42017754709,1.41705569977,1.7731162044,0.706602200467,0.654484391158,6.22244889711,1.2467971812,1.43117073661
0.140183338847,-0.0350274109904,0.0527537893872,-0.137577930184,0.312859321885,0.0172400361993,-0.157894764786,-0.217798971865,0.462517404785,-0.0459855830173,-0.290585663858,0.00346506122245,0.329948702187,-0.188166903605,-0.129145257075,0.172209612629,0.136877875862,-0.52967060116,0.112435087509,-0.0086371439725,0.917879278582,1.52750862262,1.49105450962,1.98221188075,3.66445923143,0.941876972949,1.04396614977,2.15393468486,2.23095103224,1.66751888491,1.3125248824,1.35902009893,1.82517056711,2.17934199999,2.08956848431,0.726293900427,0.639180801264,5.53711130842,1.73902091165,1.3296678612
0.156813026824,0.135295447238,0.0933389258342,0.140054841953,-0.124658187209,0.194682923678,0.371017634216,-0.393183518176,0.129314766183,-0.0457634775923,-0.243878639438,0.300017949728,0.194376900576,-0.222982341573,-0.397891171962,0.162379329833,0.197704824936,-0.524289343379,-0.0946811566505,-0.027668735021,1.18563162215,1.62919865493,1.4563234852,2.27353542177,1.67545250161,1.16415911649,1.98322263201,2.03059897321,1.30471385015,2.3533039745,2.02458352719,1.54075967624,1.41991917688,1.9825611791,1.83192333512,1.02442695597,1.15691258306,3.07628795905,1.5536406471,1.72536388104
0.0917518688361,-0.0640481379558,0.193076422848,-0.0632892963516,0.0451292361182,0.226061185021,0.0434596515923,-0.395223306923,0.433294319673,-0.153941011332,-0.247536764443,0.0865637283148,0.273723739436,-0.0433425371485,-0.39745914299,0.0418200964543,0.114294042902,-0.274031699054,0.241778637987,-0.152081032986,1.17732214487,1.0563074298,1.46288467003,2.15990791488,2.91730321441,0.951661581985,1.50988063071,1.61988090157,1.67027231945,1.42313628119,2.07214434695,1.1523304028,1.48336087855,2.28917428911,2.12573566644,0.769640221404,0.713536653062,5.75029993128,2.27985069172,1.09619068166
0.0992401450167,-0.0411589204739,0.20330498308,-0.0517345814674,0.00729818547014,0.232614315496,0.0695933303172,-0.368656240766,0.399546075214,-0.151111258246,-0.23799280212,0.0859109589644,0.300602006072,-0.0316919803544,-0.380689866785,0.0224495492302,0.0520259152441,-0.287778060027,0.258405220289,-0.180176974155,0.956700489859,1.03800136764,1.66462077565,2.20407739741,2.85268212677,0.968711643601,1.4106899525,1.5354400064,1.91551111071,1.39793678735,1.93487877268,1.32727408094,1.31960855352,2.142266645,1.8398885328,0.834530038311,0.723645063946,6.57012642635,2.11350018866,1.08681733132
0.110729805468,-0.0486021590729,0.175532553806,-0.0459686235817,-0.0290149168698,0.228257108505,0.0246513856012,-0.340711044586,0.403100727965,-0.119831699379,-0.249022157318,0.0536924624982,0.341054252337,-0.0396196355303,-0.418780617012,0.0688739329961,0.0984877702151,-0.246868153919,0.201322001013,-0.167282993136,0.960146453566,0.949797084967,1.52052598898,2.26224220365,2.31803285996,0.906223416737,1.56137754561,1.64150865175,1.75874780229,1.40409631116,2.07419859587,1.24970247425,1.24212073768,2.44801922987,1.90732291174,0.934347055016,0.748728641889,6.17365698616,2.17197441019,1.11688773417
0.219109137276,0.352409350969,0.0887188305019,0.18667854307,-0.375350734701,0.129556671221,0.328246597699,-0.100577310643,0.110599366812,-0.139300360226,-0.318738989953,0.336636183763,-0.00555763503334,-0.263295025277,-0.252911707163,0.224634978206,0.259771940868,-0.734026777002,-0.274167201576,0.227564141191,0.938267414794,1.78332543245,1.3874949898,1.99929040197,1.52307922861,1.36748421498,1.80410117175,4.66575541807,1.35585461574,2.26453726838,1.707143457,1.78196869048,1.19416742628,2.77594572959,2.29116807643,0.889509815708,1.27666461312,2.48708550827,1.60490527214,2.04015889367
0.33796233142,-0.0341193785277,-0.0991500405802,-0.103360944839,0.353260471983,0.0650156651965,0.0639975588975,-0.222556661242,0.220509699256,-0.0134200921955,-0.313066912209,-0.0478441222068,0.302977306436,-0.255881463156,-0.164564246674,0.0705670737326,0.136882462356,-0.261218856317,-0.0984187755028,0.0624289241719,1.38727741696,1.30817894855,1.13120633827,2.08123200922,2.03735989764,1.03832428311,1.4399721998,2.39403858422,1.73457002533,1.86928094681,1.66379346384,1.26990400763,1.29052325968,1.79193541893,1.95801439251,1.01227874734,0.808778831289,5.49925564582,1.25078557805,1.55876726707
0.479199386169,0.0487314466637,-0.021994786374,-0.0578734171521,-0.132298745684,0.120996590088,0.0671263197118,-0.076745723218,0.159932018033,-0.0636307888981,-0.101868395117,0.0464398225387,0.319300977041,-0.18226019863,-0.31677861967,0.189384915428,0.145820406427,-0.537543938053,-0.136671863532,0.0507345942274,1.3278255233,1.45203446627,1.36873970546,2.0773871533,2.80221353934,1.0373154615,1.57030215436,2.61430445471,1.6774593726,2.02599744182,1.92500566781,1.25364676336,1.65922416112,1.78754061877,2.22946426429,0.919397326538,0.727712272905,4.12681615306,1.52162886776,1.50862474901
0.505253027574,0.04866876153,-0.107899013391,-0.0944115094817,-0.205077341419,0.0141235615356,0.00829571167756,0.0102145392702,0.0897153452667,0.0824086984858,-0.00373774195488,-0.0123589550921,0.170679139215,-0.178940081124,-0.227612188275,0.121463342284,0.237141310265,-0.549726727084,-0.208567054995,0.300367175714,1.19221311982,1.84367422525,1.42006252092,2.40363428676,2.04568214779,1.02058719542,2.16055642508,3.32960715165,1.39268076808,2.4350037389,1.81690148076,1.70031142118,1.41682985264,2.11841937231,2.44184286994,0.918904614765,1.07396390859,1.70302001822,1.22743181394,2.2569215059
0.19401517269,0.0237020597641,0.129734816922,-0.0845908909123,0.0863953703857,0.18641844164,0.12721989195,-0.190442020121,0.198527286735,0.00483076253964,-0.192135204744,0.206729099181,0.156295694655,-0.169469074623,-0.21443214253,0.25868837321,0.172804086248,-0.734968989561,-0.122099475353,-0.0372232580743,1.18911956433,1.72295729983,1.68825115341,2.1989377145,3.1160353972,1.19662723281,1.63773460949,2.42024060749,2.15994374325,1.94892973964,1.77323065999,1.41426681848,1.56919460463,2.10097608357,2.15084549526,0.801710079422,0.756838683913,4.63784240592,1.59275868641,1.37458288541
0.183731764562,0.0186514755122,0.132107669067,-0.102061487348,0.0741019101687,0.149876479064,0.0738278897632,-0.20388969015,0.276254918389,0.00646578030476,-0.197345683661,0.156741156434,0.198428421733,-0.156650122961,-0.239962438291,0.218861190513,0.132790618431,-0.660247587391,-0.0368400260905,-0.0248422380491,1.14332778826,1.61183811968,1.68340868134,2.21132401319,3.34398153242,1.15085377467,1.79570409783,2.20716353216,2.04961295203,1.902574605,1.64556016735,1.49189927375,1.63494494574,2.16529817665,2.31084631301,0.806314367649,0.65658344764,5.02664398211,1.64228701017,1.24038288106
0.202832100566,0.0188431740318,0.155277076983,-0.0951692269545,0.0576656928521,0.161018731153,0.119312837199,-0.194152367458,0.202682484405,-0.0178604251075,-0.209418653839,0.182736490009,0.170662289664,-0.191832967657,-0.220738861534,0.243715576954,0.174214969374,-0.650261294064,-0.0926682072066,-0.01685941937,1.09389695615,1.57050435474,1.66711039628,2.13414063249,3.16895734814,1.03575992822,1.74946347411,2.1786424825,2.30600329641,2.07187025607,1.7695985374,1.35327738415,1.62159700861,2.13494538137,2.17754791234,0.822276454026,0.789670113736,4.41223736486,1.70765816968,1.35095462334
0.313840598085,-0.0775676818351,0.0630453787446,0.0360000798467,-0.128523429598,0.103799921125,0.195180478426,-0.204414954918,0.23324003325,0.00881851349245,-0.185431994528,0.131823575701,0.307477203993,-0.191156009145,-0.268166493045,0.045862310489,0.0603158826046,-0.523101234967,0.046186737953,0.0327710843257,1.39439144592,1.40383327868,1.76172243518,2.58418805518,3.36622729166,1.12018262619,1.78165362469,2.49513705919,1.98427846392,2.06173095384,1.83992485754,1.62133838115,1.99285681638,2.00438861959,2.05397398798,0.715909626069,0.777589130118,4.00813837562,2.00324264668,1.67901395914
0.420598416039,0.0982812299405,0.127318303813,0.0280885618743,-0.189874087328,0.240991795613,0.226138960926,-0.184972974971,-0.0679117628662,-0.0920372338592,-0.0527138975774,0.272449943136,0.0983125647567,-0.35423554736,-0.222922045964,0.298567456787,0.287680984862,-0.80169235307,-0.144715242669,0.012646927916,1.16398932322,1.58258303027,1.41041803948,1.66693813364,2.60875000612,0.947453419362,1.55934853378,2.43846173069,1.71856776959,2.18797026034,2.07808968778,1.05316938182,1.61634941604,2.09330745615,2.25435046142,1.09967634949,1.12606280401,2.8074126501,1.81745083614,1.61157873051
0.298347611623,-0.0170486340287,0.0434067961737,-0.0766275828355,0.0559926272849,0.10701658015,0.134775638184,-0.211702934072,0.292420797764,0.0208294590062,-0.247138275805,0.0806716089625,0.329632367357,-0.122250270994,-0.34636583756,0.00988566214641,0.0700112636742,-0.578010268734,0.163690723689,-0.00753733198669,1.25461935709,1.56288239304,1.43383305896,2.23440598649,2.84334717025,1.14903045716,1.82334212882,2.41622584011,1.8973281597,1.85572184244,1.78967295162,1.59222052641,1.89497668047,1.86647839113,1.91358023301,0.744378458873,0.696524734463,4.67061087741,1.75214897926,1.53639270391
0.260027627995,-0.0707114361104,0.0874724006,-0.0397979368646,-0.00716148372984,0.101881586488,0.146018751944,-0.253937264653,0.39324160725,0.00740309384795,-0.245853894193,0.078915819334,0.347238542369,-0.154997396788,-0.324504677413,-0.0338666323363,0.0810125501202,-0.477345222258,0.115408195533,-0.0104442311344,1.37072320059,1.58874283923,1.4935044901,2.22778114702,2.72866071071,1.15312335056,1.88485585291,2.19174120998,1.95870651736,1.92945880107,1.71441833997,1.63422962528,1.73507330407,2.03869129389,2.26022373769,0.640688126253,0.690155622911,5.19730389993,1.81451886471,1.78718809902
0.162538230578,-0.0386027280363,0.079544391398,-0.130531114205,0.412813169611,-0.000416623038368,-0.15270255523,-0.190040653983,0.431327033302,-0.0335085493119,-0.278847515444,-0.0496318130041,0.297797691546,-0.157557553771,-0.186890290732,0.165494278795,0.19437625415,-0.553103224557,0.034041170641,-0.0060995987062,0.897816108047,1.39842974152,1.51057360249,1.95021401486,3.50031023363,0.962725278972,1.0693449105,2.27638991417,2.21814311487,1.68578068899,1.16003727265,1.36312935906,1.6685495748,2.18133574851,2.3490446714,0.579214586954,0.880795975601,5.18332617346,1.71297509311,1.22640882345
0.12875908861,-0.0454276514223,0.0901620318704,-0.0974359139351,0.300335675452,0.00998772359912,-0.178774554807,-0.194832901139,0.421701207849,-0.0377885906357,-0.283580972674,-0.0182738616228,0.331517708752,-0.168261860068,-0.180186887873,0.153486681523,0.192510746542,-0.469520781642,0.0748625384094,-0.029239426787,0.868456825919,1.37546324986,1.63837382165,2.1373439222,3.55051766547,0.967353921631,1.28283538148,2.02615891866,2.21261130159,1.50480685209,1.30133395581,1.34575685093,1.59974902402,2.09882235018,2.00776473673,0.7074522486,0.814737534107,6.1098101325,1.90643097966,1.42705713709
0.120518892096,-0.0223527165476,0.0367942115624,-0.150084288152,0.447153717763,0.0182975431192,-0.15321899113,-0.272544534428,0.476173046213,-0.028843313906,-0.296696425092,0.0131523907187,0.35805476479,-0.196777811351,-0.166943103619,0.141496108104,0.128248659962,-0.50099630579,0.0742824641836,-0.0257143084953,0.881655870227,1.59726571785,1.61231946628,2.00111003889,3.49365089684,0.991058662334,1.13736353504,1.9980444251,2.28085014632,1.50941266616,1.30809133553,1.38659610045,1.77594968472,2.32803274526,2.0537763389,0.687169599218,0.759268413201,5.45679791472,1.77451506498,1.3531146554
0.323479829912,0.042593732957,0.127995027448,0.219741769632,-0.446654948954,0.142313041071,0.179275369937,0.0380993701908,-0.00321939065536,-0.251945848934,-0.236024634659,0.189435797987,-0.0136094580546,-0.232481030952,0.178299217008,0.251367415733,0.223963613426,-0.505446513118,-0.153057406806,-0.0741249531674,1.05757321023,1.526097933,1.50536970607,2.36495306081,2.58980009848,1.01453475978,1.39369334051,2.0993250405,2.01461677872,1.33232905713,1.61673388793,1.09383138802,1.54576864551,2.48298009081,2.74579141243,0.756013544508,0.965065404578,5.05176923499,1.78873681599,1.06508216792
0.331069086187,0.0752418394914,0.157444958639,0.195771513722,-0.388116516088,0.18321591213,0.119978304833,0.0366417564608,0.00766399290225,-0.275582857291,-0.243299320521,0.142859721185,-0.00855161635684,-0.254402906543,0.168781284831,0.281477710136,0.239802765677,-0.533233329107,-0.177150298921,-0.0596120013673,1.06410655225,1.60853750564,1.40433531262,2.4205735487,3.2254554904,0.982574693642,1.31434202062,2.03798948261,1.9790498292,1.3834498685,1.69973784441,1.10894897356,1.67655421554,2.43263414538,2.7809773716,0.84032396747,1.0094288566,4.64562486989,1.67631654084,1.08619793522
0.247035221238,-0.0477219121093,0.107381795119,-0.0643456368694,-0.0513485483893,0.0496747584092,0.0617974047872,-0.18396165372,0.249446965516,0.0446465852623,-0.162090837141,0.0912797341502,0.199767196128,-0.161163330139,-0.225397012692,0.166473599736,0.113639973612,-0.419325061299,0.0306983245429,-0.0464875661426,1.16103289363,1.50046293774,1.4269389608,2.1364432728,2.52554128024,0.946889522191,1.62724497652,2.64409787766,1.74444125548,1.77693526133,1.90489279156,1.26300343081,1.69929361129,1.99277571514,2.38965805998,0.999688690673,0.910291079977,4.48877296905,1.62190682187,1.34573485221
0.029743312033,0.0299356138306,0.0812750540642,-0.129184529459,0.324133627812,0.0275146440809,-0.00738515283781,-0.295614588633,0.444017792378,0.0347567409478,-0.278998700803,0.0158734303101,0.4153858194,-0.124821074979,-0.475642133019,0.0410280194481,0.0421162936507,-0.268112749254,0.138675631595,-0.0446970505647,1.076054197,1.53496496126,1.27631815793,1.92698768497,2.41329909372,0.899844367797,1.23057658914,2.63706882541,1.87226981377,1.87038622992,1.67396626556,0.979580303435,1.38067770212,1.65693735359,1.93440545866,0.78636225117,0.907295904619,5.85882260193,1.35072351878,1.39575038721
0.185332054504,-0.0145959757262,0.0697877110632,-0.000646184098364,0.0405353731776,0.0466701098561,0.125210368013,-0.288989654648,0.142136846282,0.0539002477752,-0.142718002077,0.224313011937,0.229596945275,-0.0606868572722,-0.252131290628,0.164211277851,0.0939588966219,-0.66066318053,0.000804276548117,0.0439740260771,1.07976524757,1.18613824716,1.38776272343,1.84550610703,3.34429167393,0.945028699525,1.57500054607,2.089799464,1.92074322657,1.78824007098,1.91299884878,1.58332268964,1.77301429219,2.03247200237,2.43019657431,0.871994850753,0.804295537433,3.39733311348,1.43415858415,1.49108487547
0.222698749616,0.255784996432,0.00393794056324,0.0362151555021,-0.254707830878,0.131780128039,0.212895692487,-0.335381079777,0.349212180615,-0.0103270027458,-0.0551594425802,0.115124310611,0.12251738987,-0.224906654332,-0.284688077035,-0.0170263303294,0.0590158485087,-0.161408322656,-0.0513066091312,-0.114271042779,0.93131588003,1.8417574033,1.68382236999,2.41538515424,1.57742415283,1.20560645039,2.07213893564,2.65374293492,1.62024767193,2.30905106116,2.28166641065,1.27239869545,1.23690610607,1.85465313927,2.42940570844,1.01442107135,1.11498454338,3.70225120015,1.43598392946,1.33035413605
0.149405785374,-0.0836157091138,0.197895836845,0.00969340132571,-0.0776172937402,0.118594539613,0.119626537566,-0.353219863592,0.338914455615,-0.00223211159116,-0.117493081472,0.0514774271567,0.184417569634,0.0871065139917,-0.334170368925,0.0666289147802,0.0299761837851,-0.298344303818,0.0752005166092,-0.162244950043,1.09720584185,1.30822278542,1.37674344269,1.82500471732,2.183912716,1.01731308744,1.50500501371,2.07238066032,1.65166634549,1.83238255834,2.09576845083,1.24991237035,1.38888404918,1.96678155181,2.2866771877,0.893760418471,0.916104791579,4.79303609124,1.79047397449,1.28170613338
0.240394201517,-0.192452183781,0.10551873058,-0.0991474545189,0.284620001455,0.131185351069,0.0857626778006,-0.261988815087,0.233881960434,0.0450799224407,-0.230686937205,0.0847789330979,0.161600525248,-0.0645716987102,-0.264887683823,0.136772316791,0.0803725290117,-0.462539522279,0.000277007920147,-0.0139698619618,1.19627326376,1.16671445875,1.57023417075,2.26881920366,2.2555628442,1.16119288421,1.96246093182,1.98171032028,1.6414102365,1.73365239249,1.7982180275,1.4705471433,1.54608944522,1.84341762375,2.25231634219,0.877905662988,0.840506730042,5.61400670727,1.48368654392,1.52567656174
0.661306163722,0.0781732764469,-0.0570368915197,-0.00289481586672,-0.661318966658,0.204004728538,0.293065147047,-0.0919441773743,-0.058362793613,0.0440255730976,-0.113617796321,0.194062216625,0.0943197563781,-0.45975082339,0.0750478181184,0.328842679333,0.409364652129,-0.857700230591,-0.424527937839,0.344942421738,1.22162100978,1.61099385622,1.37991501972,2.05243114934,1.03109307427,1.01685869737,1.7816583254,2.25797484169,1.07086079027,2.66870348031,2.09659444466,1.42099993504,1.4967373002,1.67418937235,2.14134353218,1.10889116659,1.21317584734,1.46169219749,1.04741669272,2.15407552855
0.0588481233371,0.0663669560228,0.0212101027744,-0.121536915844,0.340010951076,0.0417349137711,0.0583115137565,-0.384359846558,0.344322188117,0.0028659938859,-0.244731333814,0.0631242156159,0.358688397925,-0.140666501631,-0.267251756428,0.0824287505564,0.141124568637,-0.380951068467,-0.0140524704455,-0.0254867822884,1.19251301675,1.74228668061,1.43497244193,2.02214361466,2.24182249508,1.04970890288,1.63331457778,2.17203399121,1.95535043614,2.14232744661,1.57762643642,1.36529450788,1.48270685711,1.58641457583,2.65758987987,0.957047927719,1.03622303832,4.54440137092,1.27817405209,1.68302410998
0.450812101776,0.30314475669,-0.00913927037212,0.121625582532,-0.477594882377,0.22157468815,0.231855011099,-0.193742815942,0.195804559936,-0.0230061063451,0.0531852905786,0.00432702045375,0.0588165456991,-0.259946402652,-0.273344969498,0.22268896032,0.213983515717,-0.733496150691,-0.19383235278,0.0862849177063,1.14603740668,2.1913253011,1.41549779716,2.39789891502,1.83722508335,1.16244103712,1.81896175392,1.84412307685,1.59985013918,2.16490675882,2.30359404331,1.18466535845,1.53055155851,2.29322811431,1.99570004411,0.968975858917,0.830140525204,2.81501379441,1.64990911095,1.69138925499
0.239789332713,0.0502873837895,-0.0849348101463,-0.123327027082,0.147806994684,-0.0897516001817,-0.0299615586487,-0.119381868778,0.31221814662,-0.00138013219768,-0.175241912685,-0.0672497949992,0.255818544657,-0.159435144494,-0.165649993637,0.090866265899,0.0687729444728,-0.172935005247,0.0513605231184,-0.0276712878586,1.24527701837,1.4887195925,1.35615772243,2.01671052686,1.94406220965,0.846135225183,1.80464285966,2.54342181026,1.38070484363,2.2436699604,1.83732928469,1.48283692994,1.53613546362,1.54696523325,2.28802118674,0.995105288699,0.976384262496,3.70867492425,1.41934111499,1.59881541365
0.190713438733,0.0552521641229,-0.116798107386,-0.133133235071,0.194596134133,-0.0953188212969,-0.042854660116,-0.144426732921,0.357688827789,-0.031399766422,-0.212567882374,-0.055146903393,0.300809487079,-0.190807592734,-0.189613041181,0.00588603707943,0.081238035764,0.000115563961213,0.0722476247388,-0.0464805705054,1.23817425559,1.446658706,1.41337450045,1.75418038951,1.96946744198,0.859003693424,1.73749778254,2.41753014972,1.21994411492,2.02452101734,1.76804551607,1.49071041423,1.39192357553,1.68266083739,2.15831101134,0.967867971968,0.915585324545,3.51400061627,1.44611306164,1.41065634855
0.21080780489,0.0564298004189,0.000887851832397,-0.11593453337,0.0633804181529,0.0820415818275,-0.0103197981692,-0.242806842786,0.333007844818,-0.00220433689659,-0.187741241637,0.0409931947669,0.311354585652,-0.136821188114,-0.113858006338,0.0487463284917,0.127433842374,-0.522990567783,0.0865276609759,-0.0289343991054,1.0957826266,1.34651582101,1.32922209103,1.82953303958,2.82209700159,0.864775862931,1.34294615524,2.24139719056,2.14796882938,1.86044230628,1.42880556001,1.31614219618,1.60362803914,1.69052441644,2.39140986144,0.686238943692,0.881835216163,5.29975418724,1.6546150648,1.63630124362
0.476673507892,0.0689442756403,0.0926791665061,0.012386911175,-0.301562488194,0.0521100340362,0.14207283308,-0.193190184398,0.0167939807936,0.0787044983961,0.0611799688841,0.141508384167,0.0884388243636,-0.189589079183,-0.293415880553,0.151686512904,0.247892923428,-0.700786403976,-0.126102308759,0.173574523798,1.54906972831,1.78124567106,1.99629115171,2.54455216328,1.64496870166,0.983620470839,1.99259121624,2.80826820625,1.51220383457,2.49741436262,2.45533838243,1.57635237732,1.42502154837,2.14986937748,1.996695762,1.04894389187,1.12867562453,1.42461420801,1.68163505771,2.02454624728
0.472287441679,0.132835742219,0.00608261995825,0.00917276579447,-0.511875697839,0.193627179032,0.24716153973,-0.0686483468893,-0.0117816004499,-0.0347876755269,-0.0442189869805,0.184794570616,0.136999205018,-0.214517707175,-0.282901577306,0.232493331321,0.197976477119,-0.662600548883,-0.0634737723593,0.0813750409226,1.45962346681,1.71631436954,1.48053615019,2.38646954707,2.19473278035,1.27076750545,1.68544894364,3.01942497386,1.63710127935,2.09104761738,1.74488495743,1.47216702035,1.68647242369,2.3089554602,2.26999541687,1.00593653604,0.927784832031,2.73051296271,1.94180668912,1.51014699235
0.839399858857,0.367694222794,-0.0272836085438,-0.0317164147668,-0.715096171844,0.366081548842,0.477001276767,-0.172088511371,-0.18586385843,-0.358971947968,-0.49384153106,0.800700621871,-0.162984869277,-0.797053233892,0.432610455565,0.546564605595,0.683391105455,-1.15033233758,-0.455186239016,0.0369750280075,1.52737121182,1.4796803805,0.949331487366,1.3889059184,0.934958089858,0.974701084926,1.41037105674,1.58888676222,0.889417558399,1.23020317339,1.29283211052,1.69284314619,0.954451750892,1.41009201321,3.64711500523,0.791898525223,0.941257537909,1.47700585362,0.801816849236,1.43079242435
0.154202575084,0.0735580327529,0.188209620563,0.107848970844,-0.39010854179,0.0693417369101,0.17162195824,0.074409001165,-0.0124885827056,-0.0424439938523,-0.193621118782,0.319506510194,-0.0308959861977,-0.253735731376,-0.0636154290655,0.274380400954,0.429340424654,-0.752173035053,-0.199333725871,0.0759969133332,1.03966610873,1.58309512946,1.71568723402,1.98049842522,1.93900946744,0.933552948763,1.58537017279,3.85396724159,1.66604945101,2.24937165211,1.96498229526,1.87473654591,1.45700400301,2.68069793498,2.49214952102,0.973317819887,1.78566126473,1.14793917133,1.26490889705,1.7538283279
0.358965502274,-0.00919566772139,-0.0590305798205,0.0349777356897,-0.603794882769,0.279500037811,0.292558144312,0.129568548338,-0.323541245177,0.0143038921496,-0.128498748627,0.465293646659,-0.0141572759798,-0.417032663334,-0.0130478052222,0.264157517394,0.498666765431,-0.745794926441,-0.308974273518,0.285076278552,0.876640353074,1.07633934544,1.12138319327,2.14324182163,0.805292424978,1.25779108654,1.90196540779,4.59246282172,0.629475225945,2.29852054214,2.22457215266,1.58859031559,1.16796135488,2.38269185801,2.41227291917,1.09073736015,1.37052123412,2.2515571173,1.38146267945,2.05342623494
0.331069034656,-0.0042398481013,0.190798763758,0.357594965738,-0.91401615058,0.399267508494,0.80434666876,-0.423333322664,-0.153915556991,0.0218616690071,-0.169366576696,0.625671760345,0.147631026174,-0.237206045732,-0.441561126418,0.141204331282,0.209660785075,-0.955912508058,-0.053315956342,0.123760578293,0.966579227523,1.19474066798,1.41592184379,2.17986734287,1.40636827906,1.27516964893,2.21644940707,1.73973419939,0.709779671024,2.19959236455,2.03015204719,1.7577654235,1.30392224665,2.26219638729,1.48797666865,0.787029548537,0.745297560907,2.24964761082,1.56757087042,1.79858094856
0.310638247405,0.0198987494501,0.200192992563,0.337042329062,-0.93240269753,0.382660097857,0.794960624323,-0.420717968898,-0.128758410977,0.0125675802636,-0.17649665436,0.659262797602,0.139044454774,-0.254736193488,-0.441589192998,0.158712945854,0.199109758622,-0.922287362681,-0.0669768022843,0.129874705441,0.873039966516,1.16229487613,1.42725366532,2.24632776035,1.46916459017,1.24365710822,2.29031885444,1.88718672772,0.770541620569,2.23469741794,2.08813909699,1.7995757694,1.31805286067,2.39337500065,1.49678484356,0.779688495562,0.740103879688,2.08395683441,1.65746565614,1.82948341518
0.269536400666,0.0150913500567,0.210779614615,0.300499762685,-0.904202516759,0.381316073342,0.752294328711,-0.467630621228,-0.153947561589,0.0548321522064,-0.108478635947,0.650835949298,0.177134055916,-0.203962248277,-0.508314600155,0.130572040009,0.188960864546,-0.927124448534,-0.00403932042667,0.145847360864,0.919805363842,1.22445421003,1.48766785927,2.34655972053,1.31705089634,1.35853425132,2.36375469406,1.83981798788,0.716649104508,2.39008698644,2.15086940631,2.03547820777,1.30222257624,2.48630443403,1.56865265726,0.85892208402,0.839682693614,2.00162164259,1.696050331,1.89276787581
0.31243259422,-0.041068678654,0.177564781939,0.0152475449202,-0.216220448709,0.309390013223,0.330211660211,-0.255345266257,0.137191794753,0.0848433282352,-0.163700127896,0.306224111614,0.262901186009,-0.271141765695,-0.33440028957,0.254824409774,0.179707385002,-1.03218609814,-0.183110961565,0.126634826589,1.17055038462,1.60741618183,1.3653821858,1.94510277535,2.69477633772,1.16307524534,1.83882489741,2.10954876427,1.85418726022,2.03370862061,1.77406646776,1.67973090397,1.61940280246,2.15502105163,1.52542297695,0.869968328679,0.757146611318,3.72367318236,1.73912462729,1.51221263452
0.347192790179,0.0043655232548,0.169670553865,0.0306869823471,-0.168062540729,0.364343579774,0.380920021481,-0.235543828347,0.0181241287624,0.0246289817369,-0.219352872038,0.331213480205,0.256599570237,-0.283661492241,-0.281665367657,0.242852846304,0.142733278181,-0.970905531799,-0.22521339202,0.0710732885019,1.16798750493,1.40352681521,1.3234915141,2.14554089245,2.89053278487,1.03941642296,2.02966490579,1.87936983395,1.87158028074,2.31142171193,1.8846200793,1.52515997831,1.84731371318,1.79886300143,1.47535254103,0.677012726121,0.7460472318,3.92772619689,1.54872650859,1.67116253282
0.331567913994,0.0038577562397,0.141187194112,0.0556397051521,-0.19116254642,0.363451666332,0.373665801756,-0.250785750116,0.0419841140643,0.0131423141952,-0.219589394797,0.3716259718,0.292381546595,-0.322759252316,-0.260347695137,0.203096805595,0.135089634375,-0.993040121998,-0.216780720033,0.127775056605,1.1483967021,1.31960898509,1.34090902354,1.72485528386,2.86730237347,0.972259145814,1.93868914366,1.88753906678,1.80248057678,2.10913873531,1.71021604784,1.55693731195,1.73814171248,1.93202273214,1.57998578523,0.587449845745,0.575158039878,3.89706380642,1.79596516683,1.62346995925
0.217240486767,0.137818528657,-0.0615003170178,-0.0580507610653,-0.0616409202508,0.0770719451328,0.155259589151,-0.229164122509,0.0861251978419,0.143424511011,-0.0542015184517,0.178427255313,0.190113330004,-0.201586913013,-0.300215957619,0.144022509038,0.259587714009,-0.60685320998,-0.208885398628,0.193008051608,1.16156922055,1.9381653662,1.34634441267,2.24542436549,1.53305900871,1.08888786781,1.60307838797,3.02839406703,1.82105656936,2.43744377266,2.03452972822,1.51776895439,1.44388239967,1.90689804708,2.17444703818,0.880193228357,1.09228342963,3.01132539936,1.18254692988,1.95927109104
0.22480199283,0.119784766768,-0.0582769588628,-0.0392715952785,-0.11529435033,0.0781310614187,0.155425924025,-0.203129691248,0.0639474654943,0.137205665252,-0.0694971822582,0.197592336105,0.184597868756,-0.203749447124,-0.289241345857,0.165563485602,0.286750900571,-0.594766711244,-0.221295114725,0.180720930105,1.0561064871,1.85416870889,1.39779965129,2.36276541629,1.62064447525,1.12640297922,1.54109245199,2.95605088373,1.68479007352,2.44260165461,2.08602809238,1.5211285658,1.51180588729,1.85783371357,2.14113806123,0.900389668082,1.21696422886,2.59342816297,1.38176047543,2.10787239902
0.502170834748,0.0160377854151,0.270112836446,0.314105050674,-0.69155767315,0.538119779328,0.871791852822,-0.352359507338,-0.102978694935,-0.0813910872874,-0.10000880352,0.594935263263,0.0522289932278,-0.597615218318,-0.268034431921,0.250285343134,0.276045990046,-1.11568533404,-0.483475115115,0.107272136516,1.21107715145,1.64258816775,1.34786629563,2.05563055024,0.721551626129,1.13976772341,1.96514310902,1.61030130289,1.03815357018,1.71076321884,2.01682129228,1.58717102974,1.26295188594,1.93390752042,1.43148939322,0.644760521185,0.689534053122,0.84688420866,1.13355842735,1.52604831051
0.469994609489,0.0314975985142,0.226716538813,0.260141751335,-0.665134804468,0.513631662368,0.791376817243,-0.395609438164,-0.107173911494,-0.0208383271971,-0.0087312547957,0.577512022727,0.10651681366,-0.538774201055,-0.36184120767,0.203002637742,0.254448201856,-1.06389509074,-0.397539043608,0.124698625449,1.19390343533,1.75681083406,1.40248382124,2.31057634912,0.793960816843,1.18466521753,2.24009952328,1.64031877164,1.06052220604,1.81918146419,2.21865766967,1.71563451476,1.38872379927,2.07340648517,1.3610661385,0.639301666099,0.620319928977,0.953503370534,1.21369090066,1.60084143163
0.107176756199,0.0525163127518,-0.00905744711836,-0.0109036593168,-0.42489664198,0.184089948737,0.264909918813,-0.263921267082,-0.0117110673363,0.0845524488945,-0.0946800540413,0.331754647168,0.337112718135,-0.357678649654,-0.116093533616,0.165715170671,0.170343879598,-0.488703321702,-0.14863128439,0.22810512527,1.00244634933,1.5593078087,1.18578813274,1.86485935877,1.86275763854,0.996672494768,1.32759720559,2.8116352879,1.27942679258,2.29110911229,1.46594831668,2.2120500328,1.6677230976,1.86427577992,1.85827940594,0.845408362434,0.895443307788,3.05080052118,1.71532629464,1.86303049736
0.106893510713,0.00992844648372,0.0879728023113,-0.0186211958457,0.320104086564,0.107433879571,0.117665722257,-0.316187462841,0.272747815627,0.118236645509,-0.300829198116,0.202783289458,0.436317961702,-0.246101671407,-0.42182023476,0.0667131778759,0.0656308258559,-0.565723063564,-0.0512628070707,0.00811746967686,1.22066186866,1.26791136492,1.24597620589,1.79188740627,3.0661646203,0.85096283951,1.52513902309,2.17325179412,1.59685318141,1.54426081873,1.44271954335,1.31253695631,1.44438995029,1.50683946737,1.77298834684,0.697199227857,0.677396497801,6.50987651625,1.17177220343,1.44808983941
0.0846091012536,0.0159771362105,0.0527747504378,-0.0470677955026,0.32916283695,0.121809025038,0.0821057310765,-0.358344102851,0.299097799935,0.125668348869,-0.30237864021,0.201315076828,0.460547745436,-0.209202088441,-0.399596803933,0.0128126372976,0.0516082332125,-0.500320497717,-0.0232975040282,0.00271901013745,1.26313426929,1.24303977649,1.17680725552,1.78295468722,2.82013971607,0.905960999153,1.55744254797,1.94380599364,1.52919896198,1.63640818856,1.63439426902,1.3521263308,1.54839780233,1.4748840842,1.70539543871,0.745736913065,0.790332854251,6.87432480921,1.20842309852,1.47880014801
0.158651843826,0.0966854563059,0.104250440341,0.118338542705,-0.0462526667616,0.197487871893,0.318161252061,-0.388636869211,0.18968638588,-0.0464908262406,-0.271091371815,0.278765976469,0.208026065881,-0.249140386865,-0.414353603278,0.172819576184,0.198371387337,-0.516302599667,-0.102030173266,-0.00694630177943,1.31872661875,1.63548478899,1.4794019854,2.19716493378,1.93826788855,1.11670418719,1.92911792337,2.21856933661,1.21192611421,2.24295836454,1.91005673576,1.62345251437,1.37991119694,2.02116107158,1.78479837706,1.0510870561,1.18236937116,3.12729325438,1.50017659631,1.60070278422
0.176938605752,0.127944996846,0.0946389582413,0.155097620686,-0.130674618404,0.199566416707,0.361978512368,-0.374735137843,0.143326091248,-0.0274011323835,-0.226085082634,0.309823408457,0.176474859643,-0.237998364508,-0.399311253343,0.148123510459,0.165059010805,-0.555347959836,-0.0860466552081,-0.0213717870512,1.3318475535,1.4984340825,1.57964684828,2.33829746333,1.87627958616,1.00097593274,1.82118086822,1.9393542006,1.20188661556,2.30313038763,1.9121001833,1.55766669299,1.48631999628,1.94761346408,1.84577713346,1.03913148007,1.10686067102,2.91473592572,1.34631480937,1.75754211441
0.0890277649628,-0.0666740366482,0.189318527515,-0.0977785855288,0.0277638544391,0.239685261942,0.0341300220358,-0.361271097778,0.409631532771,-0.112129627241,-0.262835272047,0.0678895160839,0.362712775981,-0.0014073325296,-0.417950416032,0.0146729276007,0.0385970126382,-0.194792376949,0.23593288226,-0.194523333476,1.08274502538,0.980361740585,1.62036766312,2.07523184084,3.09187869429,0.830570884999,1.3854053934,1.48190667071,1.75875119289,1.36153348173,1.83795244377,1.18947989686,1.47934899065,2.30873714134,2.27014633991,0.853488979189,0.618818277941,6.9328226186,2.14669158026,0.931430910137
0.228969183383,0.304253142637,0.0774170567542,0.138767614793,-0.336730037496,0.181890327774,0.273910307541,-0.0684484789687,0.0916378775047,-0.0287459707223,-0.310316992235,0.251359330509,-0.0339212360501,-0.252705795933,-0.25040281947,0.231975679935,0.243734976727,-0.687872788849,-0.283927738971,0.229156361136,0.96632129202,1.72540068534,1.44032354462,2.23463543999,1.35795537512,1.45506744707,1.84813021713,4.3465691027,1.30534973694,2.10069160033,1.53902615184,1.74710421162,1.11529212513,2.79770802647,2.65452245912,1.0109304054,1.30277039047,2.22156781123,1.51184093017,2.01970798564
0.162170532003,0.427531033183,0.0991990619431,0.162226609468,-0.369982406799,0.200157250079,0.329230375705,-0.0744589279894,0.120869747061,-0.129254159533,-0.368571496315,0.342489283413,-0.00119666523994,-0.270960234584,-0.306791989001,0.19363855479,0.286377040999,-0.67704082591,-0.28681366418,0.16118088091,0.902962795936,1.70900899895,1.52023397653,2.15924869938,1.48475157952,1.46613414807,1.6052713409,4.33050985732,1.38506010803,1.99383997487,1.43299076477,1.75522860618,1.10488260282,2.65767207088,2.91111778043,0.924983458436,1.37018865936,2.17408905814,1.47370078703,2.00796763259
0.366799790808,-0.085404508111,-0.107301718882,-0.102410487415,0.345701123367,0.0232190980844,0.051006225231,-0.179298000573,0.228968577011,0.0022439160226,-0.30245434206,-0.0413669979664,0.245958694055,-0.263574971994,-0.181587394765,0.0633692511403,0.122365309137,-0.224624028198,-0.0843513657363,0.122741830844,1.33631816334,1.27564359947,1.15645557047,2.10610866578,1.91247221021,1.06060779452,1.39388468568,2.23985074364,1.65775938738,1.73436239526,1.62289201864,1.19175886559,1.25417077292,1.76331212933,2.15815452596,0.86863711603,0.760138339902,5.63000729914,1.26360550647,1.44059448877
0.302626726682,0.318779230146,-0.103005026143,0.00565429794352,-0.297430402368,0.136895153659,0.214533926283,-0.257687607497,0.372081103307,-0.0865651231493,-0.0524648673053,0.0533923231946,0.0914588612743,-0.244089644661,-0.270246577944,0.00921471777742,0.0408132879978,-0.028759425548,-0.0946746679853,-0.110526285663,1.01600522745,1.99646561982,1.60230650589,2.48004839146,1.3134263892,1.37185610193,2.30845429016,2.6730304052,1.4165287417,2.40667508924,2.04479133428,1.44786091471,1.35926125846,1.68390849739,2.29875779231,0.934907718722,1.05476220434,3.07390383809,1.36760072278,1.4258852578
0.198077152709,0.212147891771,0.0115416520598,0.0632733562408,-0.240363210147,0.142608227195,0.213854335375,-0.325592331643,0.343548026623,-0.0430998761337,-0.0272280758396,0.081178205952,0.136991411721,-0.199507995457,-0.339130882697,0.0250138024332,0.0598711876885,-0.172220314953,-0.0421474065175,-0.0988151563801,0.925224053337,2.04980528112,1.63601085564,2.52557695316,1.38139879401,1.23106780942,2.06072717632,2.43526938603,1.56696551222,2.22440355026,2.20402645166,1.31856918504,1.25708831192,1.95927985975,2.26410480551,1.10216178027,1.27698824089,3.361349771,1.52882123049,1.53545429016
0.688383776449,0.198451091256,-0.224255292938,-0.0791058019242,-0.511387109274,0.0704640389013,0.00459397568582,0.115594994652,0.130408002488,-0.00670325281287,0.0908206840054,-0.138054203771,0.0756533330077,-0.262736328144,-0.158473260846,0.166335263243,0.278999658188,-0.453596225428,-0.306379547035,0.320986204297,1.37280876012,1.75586789892,1.2736877558,2.17156866515,1.18287210036,1.11995232672,1.61458910272,3.13304568962,1.18867378338,2.22258924739,2.18778681283,1.26322481454,1.35898214095,2.10494206519,1.82027978534,0.857232972894,0.971625591142,1.98146213313,1.41141231347,2.32918409714
