d_fpssm_0,d_fpssm_1,d_fpssm_2,d_fpssm_3,d_fpssm_4,d_fpssm_5,d_fpssm_6,d_fpssm_7,d_fpssm_8,d_fpssm_9,d_fpssm_10,d_fpssm_11,d_fpssm_12,d_fpssm_13,d_fpssm_14,d_fpssm_15,d_fpssm_16,d_fpssm_17,d_fpssm_18,d_fpssm_19
0.000222302408598,0.000289959663389,0.000219080634561,0.000789334639226,0.000296403211464,0.000280294341276,0.00097619753341,0.000215858860523,0.000273850793201,0.000631467711381,0.000228745956674,0.000596028196966,0.000444604817197,0.000190084668222,9.66532211297e-06,0.0,9.98749951673e-05,0.000270629019163,0.000122427413431,0.000312512081653
0.000244230064721,0.0003088791995,0.000596208687407,0.000581842213012,0.00143664743954,0.000423810994663,0.000646491347791,0.000416627757465,0.00121396708641,0.00071114048257,0.000107748557965,0.000596208687407,0.000739873431361,0.000366345097081,0.000344795385488,0.000150847981151,0.0,0.000905087886907,0.000466910417849,0.000179580929942
0.00144647332617,0.000802005012531,0.00105979233799,0.00146079484425,0.00240601503759,0.000830648048693,0.00193340494092,0.000916577157179,0.00276405298962,0.00173290368779,0.00063014679556,0.00134622269961,0.0028499820981,0.00114572144647,0.00078768349445,0.0,0.000200501253133,0.00242033655567,0.0018761188686,0.00130325814536
0.00143661971831,0.000704225352113,0.000957746478873,0.00121126760563,0.00222535211268,0.000732394366197,0.00170422535211,0.000788732394366,0.00257746478873,0.00180281690141,0.000859154929577,0.0012676056338,0.00278873239437,0.00108450704225,0.000478873239437,5.6338028169e-05,0.0,0.00242253521127,0.00140845070423,0.00123943661972
0.00135963816976,0.000887926968007,0.00109603485113,0.00135963816976,0.00194234024252,0.000665945226005,0.00178972779489,0.00101279169788,0.00259441160965,0.00159549377064,0.000721440661506,0.00137351202864,0.00274702405727,0.00117927800438,0.000846305391382,0.0,0.000166486306501,0.00185909708926,0.00153999833514,0.00127639501651
8.73015873016e-05,0.00034126984127,0.000777777777778,0.000595238095238,0.00234920634921,0.00015873015873,6.34920634921e-05,0.000238095238095,0.00209523809524,0.000436507936508,7.93650793651e-06,0.000246031746032,0.00148412698413,0.000603174603175,0.000619047619048,0.0,1.5873015873e-05,0.00173015873016,0.000825396825397,0.000214285714286
0.000156930440582,0.00043940523363,0.000674800894504,0.0006198752403,0.00211071442583,0.000164776962611,0.000133390874495,0.000164776962611,0.0019145513751,0.000541410020009,0.0,0.000384479579426,0.00155361136176,0.000745419592766,0.000596335674212,9.41582643493e-05,7.84652202911e-05,0.00165561614814,0.000894503511319,0.000345246969281
0.000155813250737,0.000552428798066,0.000557150411725,0.000623253002946,0.000623253002946,0.00060908816197,0.000363564251719,0.000113318727808,0.00144953539322,0.000136926796102,8.49890458563e-05,0.000184142932689,0.000712963662461,0.000727128503437,0.00120873309662,0.0,0.000146370023419,0.00150147314346,0.000698798821485,0.000165256478054
0.000149877373058,0.000436006903443,0.000717594695249,0.000699427740939,0.000608592969389,0.000694886002362,0.000372422563357,0.000236170406031,0.00142610591334,0.000140793895903,0.0,0.000227086928876,0.000563175583613,0.000794804251067,0.00119901898447,0.000122626941593,0.000199836497411,0.00114905986011,0.000640385139431,0.000154419111636
0.00164299342803,0.000529997880008,0.000768496926012,0.00129849480602,0.00246449014204,0.00100699597202,0.00174899300403,0.000450498198007,0.00241149035404,0.00264998940004,0.00156349374603,0.00153699385202,0.00272948908204,0.00121899512402,0.000821496714013,0.0,0.00063599745601,0.00341848632605,0.00188149247403,0.000953996184015
0.00216469211643,0.00055579932719,0.00105309346204,0.00198917653942,0.00257422846278,0.00157964019307,0.00213543952026,0.000819072692701,0.00239871288577,0.00330554336697,0.00187216615475,0.00198917653942,0.00298376480913,0.00160889278924,0.00114085125055,0.0,0.00055579932719,0.00324703817464,0.00213543952026,0.0016381453854
0.000474964760679,0.000223693080836,0.00032175032175,0.000496414782129,0.000671079242508,0.000110314396029,0.000523993381136,0.000536250536251,0.000882515168229,0.000585279156708,0.000340136054422,0.00049335049335,0.000753815039529,0.000530121958693,0.0003432003432,0.000122571551143,0.0,0.000971379542808,0.000600600600601,0.0003861003861
0.000470435199919,0.000186279710035,0.00037255942007,0.000495693465687,0.000599883811977,6.31456644187e-05,0.000511479881791,0.000533580864338,0.000896668434745,0.000568310979768,0.000306256472431,0.000476749766361,0.000713546007931,0.000514637165012,0.000356773003966,0.000116819479175,0.0,0.000931398550176,0.000599883811977,0.000325200171756
0.000503524672709,0.000235828011269,0.00040154499216,0.000595943758206,0.000627812408378,0.000137035195737,0.000509898402743,0.000560888243018,0.000882761609749,0.000576822568103,0.000363302611955,0.000458908562469,0.000771221334149,0.000529019592846,0.000388797532092,0.000137035195737,0.0,0.000965620100195,0.000615064948309,0.000302752176629
0.000384974976627,0.000439971401859,0.000430805330987,0.000375808905754,0.00241984271022,0.000192487488313,0.000421639260115,0.000779116024125,0.00192487488313,0.00111826064639,0.000366642834882,0.000247483913546,0.00175988560744,0.000504133897963,8.24946378485e-05,0.000128324992209,0.0,0.00202570166273,0.000971603512438,0.00066912317366
0.000437598459653,0.000369527588152,0.000972441021452,0.00109885835424,0.00151700799347,0.000243110255363,0.000952992201023,0.000554291382228,0.00138086625046,0.00121555127682,0.000982165431667,0.00131279537896,0.00159480327518,0.00112803158488,0.000564015792442,0.00019448820429,0.0,0.0011377559951,0.0006029134333,0.000943267790808
0.000475232025048,0.000410004100041,0.000894554400089,0.00105296507511,0.00172388087517,0.000326139625033,0.0010343285251,0.000866599575087,0.00142569607514,0.00120205747512,0.00106228335011,0.00132319505013,0.00146296917515,0.0010063737001,0.00080137165008,0.000232956875023,0.0,0.00136978642514,0.00069887062507,0.000894554400089
0.000369192903292,0.000523023279664,0.000799917957133,0.00110757870988,0.00149728233002,0.000153830376372,0.0010768126346,0.000594810788637,0.0012819198031,0.00134345195365,0.00110757870988,0.00144600553789,0.00140498410419,0.0011178340683,0.000779407240283,0.000164085734796,0.0,0.0013639626705,0.000543533996513,0.00104604655933
0.000281718589706,0.000239195028996,0.000738846867342,0.000696323306632,0.000696323306632,0.000356134820949,0.000669746081188,0.000313611260239,0.00123849870569,0.000659115191011,0.000579383514679,0.000552806289235,0.000834524878941,0.000914256555273,0.00048370550308,0.0,1.59463352664e-05,0.00165310342262,0.000712269641898,0.000249825919173
0.000186487638534,0.000287723785166,0.000703324808184,0.000841858482523,0.000463554987212,0.000138533674339,0.000522165387894,0.000575447570332,0.00120950554135,0.000841858482523,0.00036231884058,0.000660699062234,0.000996376811594,0.000607416879795,0.000713981244672,0.0,0.000117220801364,0.00101236146633,0.000895140664962,0.00036231884058
0.00207857469164,0.00175879396985,0.000251256281407,0.00303791685701,0.0,0.000456829602558,0.00308359981727,0.000959342165372,0.00105070808588,0.00303791685701,0.00262677021471,0.00210141617177,0.00178163544998,0.00194152581087,0.00127912288716,0.000365463682047,0.000342622201919,4.56829602558e-05,0.00102786660576,0.0021242576519
0.000321561871949,0.000350272753374,0.000798162503589,0.000694803330462,0.000677576801608,0.000333046224519,0.000723514211886,0.000292850990525,0.00125179443009,0.000861326442722,0.000700545506747,0.000585701981051,0.00091874820557,0.00113695090439,0.000407694516222,4.01952339937e-05,0.0,0.00159632500718,0.000821131208728,0.000241171403962
0.00025730994152,0.000292397660819,0.000789473684211,0.000777777777778,0.000707602339181,0.000315789473684,0.000666666666667,0.000280701754386,0.00128070175439,0.000771929824561,0.000707602339181,0.000508771929825,0.000941520467836,0.00111695906433,0.000391812865497,0.0,1.75438596491e-05,0.00154385964912,0.000783625730994,0.000210526315789
0.000905469032959,0.000214019953245,0.000938395179612,0.00075730137302,0.00256823943894,0.000543281419775,0.0011194889862,0.000707912153041,0.0018603272859,0.00153106581937,0.000625596786408,0.00102071054624,0.00187679035922,0.00118534127951,0.000823153666326,0.000296335319878,0.0,0.00302920549208,0.00103717361957,0.000905469032959
0.00120618308003,0.000501029894784,0.0014103063705,0.00139174970773,0.00267215943885,0.000742266510791,0.00187422293975,0.00081649316187,0.00204123290467,0.00207834623021,0.000909276475719,0.00137319304496,0.00179999628867,0.00161442966097,0.00120618308003,0.000519586557553,0.0,0.00308040601978,0.00131752305665,0.00133607971942
0.00104717813051,0.000312316284539,0.00124926513815,0.00117577895356,0.00259038800705,0.000936948853616,0.00159832451499,0.000624632569077,0.00170855379189,0.00196575543798,0.00082671957672,0.00121252204586,0.00163506760729,0.0013778659612,0.00106554967666,0.000477660199882,0.0,0.00295781893004,0.00113903586126,0.00128600823045
0.000926424003347,0.000874125874126,0.0,0.000814356583587,0.00025028390413,0.000579015002092,0.00120285697209,0.000328731097962,0.000429591775746,0.00103475584245,0.000926424003347,0.000339937839938,0.000896539358078,0.000347409001255,0.00050056780826,5.97692905385e-05,1.1206741976e-05,0.000452005259698,0.00019425019425,0.000702289163828
0.000905205905206,0.000878010878011,3.4965034965e-05,0.000823620823621,0.00029526029526,0.000574980574981,0.00116938616939,0.00034188034188,0.000516705516706,0.00102952602953,0.000916860916861,0.00037296037296,0.000858585858586,0.00031857031857,0.0004662004662,6.21600621601e-05,0.0,0.000508935508936,0.00020202020202,0.000714840714841
0.000911566769452,0.00085904851936,0.0,0.000802778965691,0.000296352982661,0.000581452054589,0.00118916323422,0.000356373839909,0.000532685108075,0.00099034414459,0.000926571983764,0.000330114714863,0.000900312858718,0.000356373839909,0.000446405125781,7.50260715599e-05,1.5005214312e-05,0.000483918161561,0.00028134776835,0.000690239858351
0.000728491294529,0.00075763094631,0.000225832301304,0.000954323595833,0.00144241276317,0.000735776207474,0.00129671450426,0.0003861003861,0.00192321701756,0.000517228819116,0.000393385299046,0.000451664602608,0.00166096015153,0.000779485685146,0.000961608508778,0.0,7.28491294529e-06,0.00219275879653,0.00110730676768,0.000349675821374
0.0015447926559,0.000861031972143,0.000151946818613,0.00129154795821,0.00138018360241,0.000189933523267,0.00131687242798,0.00150680595125,0.00159544159544,0.00184868629313,0.00110161443495,0.000506489395378,0.00201329534663,0.00124089901868,0.00101297879076,0.0,0.000189933523267,0.00149414371637,0.00136752136752,0.00169673947452
0.00201759899434,0.00111879321182,0.000571967316153,0.00134506599623,0.0,0.00076052796983,0.00180389692018,0.00112507856694,0.000509113764928,0.00184160905091,0.001282212445,0.00125078566939,0.0010873664362,0.000546825895663,0.00186046511628,0.000923947203017,0.00112507856694,0.000157133878064,0.000301697045883,0.00194846008799
0.00153383934219,0.0007036685642,0.000249051233397,0.000960626185958,0.0,0.00052972802024,0.00144291587603,0.00079063883618,0.000426944971537,0.00128478810879,0.00083412397217,0.000845983554712,0.000798545224541,0.000300442757748,0.00143105629349,0.000585072738773,0.000814358001265,0.000205566097407,0.000189753320683,0.00147058823529
0.00200240795894,0.00114694886256,0.000544959128065,0.00131804068183,0.0,0.000760408085673,0.00183131613966,0.00108991825613,0.000576642798302,0.00185666307585,0.00126101007541,0.0012736835435,0.00107090805399,0.000576642798302,0.00184398960776,0.000944173373044,0.00122298967112,0.000171091819276,0.000297826500222,0.00200874469299
0.00125,0.000899822695035,0.00050975177305,0.00093085106383,5.76241134752e-05,0.000416666666667,0.00129432624113,0.00126329787234,0.00084219858156,0.00171542553191,0.00101507092199,0.000979609929078,0.000882092198582,0.000602836879433,0.000474290780142,0.000350177304965,0.000718085106383,0.0,0.000429964539007,0.00167996453901
0.00123451802172,0.00091129875785,0.00049829636513,0.000947212009391,4.93807208687e-05,0.000430959018491,0.00129736621192,0.00128389874259,0.000794580690342,0.00171934691752,0.00101454935603,0.000969657791604,0.000879874662752,0.000592568650425,0.000444426487819,0.000345665046081,0.000718265030818,0.0,0.000408513236278,0.00166996619665
0.0012318801627,0.00089143328137,0.000519629450447,0.000927269795194,7.61525918759e-05,0.000412119908975,0.00128115536921,0.00127219624075,0.000819760253723,0.00171567309932,0.000998942822842,0.00095862674479,0.000886953717142,0.000591302478095,0.000456915551255,0.000353885574011,0.000698812019567,0.0,0.000434517730115,0.00167087745704
0.000247845023964,0.000419149672881,0.000142146410803,0.000397280994296,0.00108978914949,2.18686785851e-05,0.000386346655003,0.000236910684672,0.000925774060102,0.000933063619631,0.000116632952454,0.000328030178776,0.000933063619631,0.000160370309624,0.00026971370255,0.0,0.000153080750096,0.000933063619631,0.000211397226323,0.00064512601826
0.000260295260295,0.00045843045843,0.000198135198135,0.000470085470085,0.00101787101787,0.0,0.00048951048951,0.00033411033411,0.000944055944056,0.00107614607615,0.00020979020979,0.00038073038073,0.000959595959596,0.00016317016317,0.00034188034188,8.54700854701e-05,0.00014763014763,0.000854700854701,0.000236985236985,0.000757575757576
0.000155,0.00055,0.0002,0.000455,0.00127,3.5e-05,0.00045,0.00017,0.001085,0.00108,0.00027,0.000415,0.001155,0.00018,0.00025,0.0,0.00018,0.000965,0.00016,0.000625
0.00141218005296,0.000772776306757,0.000235363342159,0.000741394527802,0.0,0.000356967735609,0.00100029420418,0.000913994312053,0.000215749730313,0.000992448759439,0.000611944689615,0.000415808571148,0.000415808571148,0.000592331077768,0.000690399137001,0.000266745121114,0.000490340296166,0.000247131509267,0.000251054231637,0.00111405315289
0.00037212139698,0.000481927710843,0.000585633673936,0.000567332621626,0.0015738904987,0.000555131920085,0.000646637181638,0.000195211224645,0.0016775964618,0.000542931218545,0.00037212139698,0.00035382034467,0.00128717401251,0.000762543846271,0.000762543846271,4.88028061614e-05,0.0,0.0018606069849,0.000969955772457,0.000244014030807
0.000407867307169,0.000563245328948,0.000602089834393,0.000608563918634,0.00170915823957,0.000608563918634,0.000699201098005,0.000239541116909,0.00178684725046,0.000705675182245,0.000485556318059,0.000433763644133,0.00129481684816,0.000861053204024,0.000848105035543,7.12149266486e-05,0.0,0.00189043259831,0.00102290531004,0.00033017829628
0.00018732465541,0.000553261191559,0.000104553296043,0.000675240036942,0.00104988934776,0.0,0.00060553783958,0.00018732465541,0.00127206510185,0.000344154599474,0.00040078763483,8.27713593671e-05,0.000967117988395,0.000788506107655,0.000544548416889,3.9207486016e-05,1.30691620053e-05,0.00174255493404,0.000653458100267,0.000217819366756
0.00019305019305,0.000514800514801,0.000105717962861,0.000721640007354,0.00105258319544,2.75785990072e-05,0.000592939878654,0.000211435925722,0.00114910829197,0.000399889685604,0.0003861003861,7.81393638536e-05,0.00100202243059,0.000882515168229,0.000625114910829,1.37892995036e-05,0.0,0.00171446957161,0.000657289943004,0.000197646626218
0.000180837772079,0.00124120470836,0.000468534227658,0.00138094298678,0.000764450581969,0.000312356151772,0.00150424146775,0.000616492404814,0.00146314197409,0.00132340369567,0.000937068455317,0.000361675544157,0.00120832511343,0.00101104754389,0.000986387847702,0.0,4.10994936542e-05,0.00166041954363,0.000723351088315,0.00106036693628
0.000265543448402,0.000732533650765,0.000329640142844,0.000750846992034,0.00160241736105,0.000439520190459,0.000787473674572,6.40966944419e-05,0.00211519091658,0.000567713579343,0.000613496932515,0.000567713579343,0.00196868418643,0.000869883710283,0.000586026920612,7.32533650765e-05,0.0,0.002280010988,0.000988920428532,0.000238073436498
0.000429125770372,0.000757817849806,0.000283040401735,0.000666514494408,0.00164346039717,0.000337822414974,0.000593471810089,0.000109564026478,0.0020178041543,0.000684775165487,0.000648253823328,0.00052042912577,0.00195389180552,0.000876512211824,0.000666514494408,0.000109564026478,0.0,0.00228258388496,0.000858251540744,0.000328692079434
0.0003874629554,0.000617846334286,0.000329867110678,0.000638790277821,0.00128281654153,0.000481710701308,0.000806341826102,0.000408406898935,0.00154461583572,0.000575958447216,0.000219911407119,0.000403170913051,0.00121474872504,0.00062308232017,0.000513126616611,0.0,1.57079576513e-05,0.00170693139811,0.000926769501429,0.000371754997749
0.000527648796961,0.000656629613996,0.000340040335819,0.00069766896487,0.00158880915529,0.000375216922283,0.000644904085174,0.000504197739318,0.00171192720792,0.000580413676657,0.000375216922283,0.000275549927302,0.00117841564655,0.000656629613996,0.000533511561371,0.0,0.000152431874678,0.00196988884199,0.000891140190423,0.000474883917265
0.000210406908665,0.000539739461358,7.31850117096e-05,0.00074099824356,0.000997145784543,0.0,0.0006174985363,0.000187536592506,0.00124414519906,0.000356776932084,0.000416239754098,3.2018442623e-05,0.000969701405152,0.000768442622951,0.000576331967213,0.0,2.74443793911e-05,0.00167410714286,0.000608350409836,0.000205832845433
0.00043974884218,0.000684672247952,0.000445315283221,0.000690238688992,0.00156416993231,0.00043974884218,0.000834966156038,0.000395217313858,0.0017144638404,0.000512112575704,0.000261622728892,0.000450881724261,0.00130811364446,0.000601175632348,0.000590042750267,0.0,0.000139161026006,0.00179239401496,0.000979693623085,0.000345119344496
0.00102863020744,0.00102863020744,0.000391859126644,0.000893928632657,0.00139599813867,0.0,0.00101638460973,0.00118782297764,0.00170213808136,0.00127354216159,0.000734735862457,0.000587788689966,0.00142048933408,0.000563297494551,0.00106536700056,0.000110210379369,0.000318385540398,0.00230217236903,0.000967402218902,0.000967402218902
0.00140823032389,0.00122568194857,0.000612840974287,0.00119960360924,0.00143430866322,0.0,0.00122568194857,0.00161685703854,0.00173420956553,0.00168205288687,0.00101705523392,0.000691075992281,0.00148646534189,0.000547645125958,0.0012908777969,0.000260783393314,0.000456370938299,0.00226881552183,0.00116048610025,0.00121264277891
0.000678280736827,0.000696130229901,0.000562259031843,0.000910324146794,0.00159752963016,0.00050871055262,0.00089247465372,0.000830001427959,0.0019902184778,0.00110666857061,0.000499785806083,0.000571183778381,0.00158860488362,0.000758603455662,0.00116021704984,0.0,0.000330215621876,0.00167785234899,0.00103527059832,0.000910324146794
0.000621394520599,0.000537923614847,0.000398805438593,0.000751238151769,0.00128916176662,0.000482276344345,0.000751238151769,0.000639943610766,0.00182708538146,0.00114076904528,0.000658492700933,0.000602845430432,0.00145610357812,0.00051937452468,0.00102947450428,0.0,9.27454508356e-05,0.00162304538962,0.000955278143607,0.000834709057521
0.000623086235135,0.000667592394787,0.000569678843552,0.000756604714092,0.00167343160293,0.000480666524247,0.000836715801467,0.000738802250231,0.00204728334401,0.0012550737022,0.000694296090579,0.000658691162857,0.00159332051556,0.000774407177953,0.00114825891903,0.0,0.000311543117567,0.00170013529873,0.00129957986185,0.000934629352702
0.00063051702396,0.00107421418897,0.000241308984478,0.000755063596594,0.00146342222845,0.000459265486588,0.0008251210437,0.000762847757383,0.00174365201688,0.000934099294755,0.000396992200271,0.000389208039481,0.00148677471082,0.000708358631856,0.000646085345539,0.0,0.000101194090265,0.00213286005636,0.000926315133965,0.00062273286317
0.000636781836347,0.000197621949211,0.000494054873028,0.00061482384199,0.00237146339053,0.000439159887136,0.000735592810953,0.000537970861741,0.00169076556547,0.00129552166705,0.000526991864563,0.000658739830704,0.00176761854572,0.000494054873028,0.000362306906887,0.000142726963319,0.0,0.00221775743004,0.000856361779915,0.000966151751699
0.000593386806351,0.000122769684073,0.000480847929285,0.000634310034376,0.0021996235063,0.000419463087248,0.000787772139466,0.000603617613357,0.00145277459486,0.00121746603372,0.00038877066623,0.000685464069406,0.00144254378785,0.00028646259617,0.0003376166312,0.000204616140121,0.0,0.00196431494516,0.000583155999345,0.000818464560485
0.00126866753661,0.00108742931709,0.000567879754483,0.00158281378377,0.000471219370741,0.000918273645546,0.00175196945532,0.00142574066019,0.000652457590257,0.00111159441303,0.000712870330095,0.00134116282442,0.001498235948,0.00095452128945,0.000785365617902,9.66603837417e-05,0.0,0.00101493402929,0.00123241989271,0.00095452128945
0.00539568345324,0.00633406318424,0.00320613074758,0.00320613074758,0.0,0.00273694088208,0.00641226149515,0.00383171723491,0.00172036284016,0.00539568345324,0.00359712230216,0.0107913669065,0.00336252736941,0.00406631216766,0.00344072568033,0.00258054426024,0.00422270878949,0.000156396621833,0.000390991554582,0.0057084766969
0.00553644828454,0.00687861756564,0.00301988088248,0.00343930878282,0.0,0.00318765204261,0.00721415988592,0.00352319436289,0.00176159718144,0.00595587618488,0.00411039342337,0.0109051254089,0.00427816458351,0.00444593574365,0.00360707994296,0.00285210972234,0.00452982132371,0.000251656740206,0.000335542320275,0.0064591896653
0.00147058823529,0.00258620689655,0.00344827586207,0.00410750507099,0.00177484787018,0.000912778904665,0.00258620689655,0.00557809330629,0.00304259634888,0.00451318458418,0.00152129817444,0.00456389452333,0.00172413793103,0.00507099391481,0.0025354969574,0.00101419878296,0.00405679513185,0.0,0.00162271805274,0.00456389452333
0.000466213251426,0.000587663762302,0.00079922271673,0.00142214630477,0.0,0.00104995925531,0.00224487557199,0.000427035667273,0.00016846361186,0.00110480787313,0.000838400300884,0.00168855387701,0.0007404563405,0.000767880649408,0.000474048768257,0.000219394471259,0.00033692722372,0.000238983263336,0.000752209615746,0.00102645270482
0.000522022838499,0.000587275693312,0.000783034257749,0.00139717877363,0.0,0.00105556088667,0.00223778907974,0.000406870741771,0.000188081757989,0.00108626811247,0.000813741483543,0.00170425103157,0.000694750983591,0.000721619806161,0.000445254774014,0.000226465790231,0.000364648306305,0.000218788983783,0.000721619806161,0.00102485366088
0.000474557176423,0.000551720944948,0.000787070438946,0.00133107500704,0.0,0.00106100181721,0.00221845834507,0.000374244277342,0.000208342175015,0.00106486000563,0.000767779496815,0.00173618479179,0.000679041163012,0.000675182974586,0.000470698987997,0.000204483986589,0.000316371450949,0.000196767609737,0.000679041163012,0.00100312899081
0.000159872102318,0.000479616306954,8.42961994041e-05,0.000619141050796,0.000648208705763,0.000212193881259,0.00076447932563,0.0003517186251,0.000895283772982,0.000497056899935,0.000165685633312,0.000258702129206,0.000752852263644,0.00036043892159,0.000389506576557,0.0,0.000136617978345,0.00076447932563,0.00041276070053,0.000441828355497
0.000164244066683,0.000524994427433,6.74573845306e-05,0.000580720092915,0.000636445758397,0.000305024695269,0.00073323244055,0.000384213798848,0.000912141156044,0.000524994427433,0.000152512347634,0.000261030748836,0.000747897089361,0.000378347939324,0.000343152782177,0.0,0.000181841645256,0.000824153263178,0.000384213798848,0.000478067551238
0.000163302632438,0.000466154787142,3.26605264877e-05,0.00057304378292,0.000644303113439,0.000246438518043,0.000736346415359,0.00035035837505,0.000869957660081,0.000593827754322,0.000160333493667,0.000210808852784,0.00075713038676,0.000341450958735,0.000335512681192,0.0,0.000154395216124,0.000795729190791,0.000368173207679,0.000504753591173
0.0010454617456,0.000665293838112,0.00121970536987,0.00153651195945,0.00144146998258,0.001124663393,0.00234436876287,0.000601932520196,0.00107714240456,0.00123554569935,0.000522730872802,0.00191667986694,0.00167907492476,0.000506890543323,0.000158403294789,0.000300966260098,0.0,0.000316806589577,0.000443529225408,0.00118802471091
0.00109100243871,0.00070594275446,0.00102682582467,0.00152419458349,0.00134770889488,0.00110704659222,0.00235849056604,0.000754075214992,0.000898472596586,0.00136375304839,0.000593633679887,0.00195738672828,0.00163650365807,0.000561545372866,0.0,0.000176485688615,9.62649210628e-05,0.000802207675523,0.000497368758824,0.00117122320626
0.00101423143795,0.000788846673965,0.00104642926138,0.00156159443622,0.00175478137678,0.0015454955245,0.00251143022732,0.00067615429197,0.00136840749565,0.0015454955245,0.000804945585678,0.0021411552579,0.00210895743448,0.000692253203683,0.000354176057698,0.000386373881126,0.0,0.000853242320819,0.000643956468543,0.00120741837852
0.00128183423223,0.000749752098097,0.00117299925025,0.00136648366266,0.00129392700801,0.00152368974774,0.00217669963964,0.000604638788788,0.000979514837836,0.00147531864464,0.000725566546545,0.00200740077877,0.00178973081481,0.000495803806806,0.000302319394394,0.000338597721721,0.0,0.000471618255254,0.000556267685685,0.00123346312913
0.00566356720203,0.00667793744717,0.00355029585799,0.00338123415046,0.0,0.00295857988166,0.00701606086221,0.00363482671175,0.00169061707523,0.00608622147084,0.0039729501268,0.0109044801352,0.00431107354184,0.0043956043956,0.00371935756551,0.0028740490279,0.00456466610313,0.000338123415046,0.000338123415046,0.00642434488588
0.000454248644352,0.000993668909519,0.00010646452602,0.000943985464043,0.000269710132584,0.00024841722738,0.000993668909519,0.000943985464043,0.00060329898078,0.00169633478125,0.000858813843227,0.000894302018567,0.0005323226301,0.000397467563808,0.0005323226301,0.0,0.000596201345712,5.6781080544e-05,2.8390540272e-05,0.00151179626948
0.000362669245648,0.00145067698259,0.000604448742747,0.00495647969052,0.000483558994197,0.00181334622824,0.00519825918762,0.00411025145068,0.00181334622824,0.00761605415861,0.00398936170213,0.00568181818182,0.00398936170213,0.00217601547389,0.00338491295938,0.000241779497099,0.0,0.00120889748549,0.00181334622824,0.00628626692456
0.000379939209726,0.00316616008105,0.000886524822695,0.00506585612969,0.000759878419453,0.00265957446809,0.00633232016211,0.00455927051672,0.00227963525836,0.00772543059777,0.00405268490375,0.00734549138804,0.00392603850051,0.00189969604863,0.0032928064843,0.0,0.000126646403242,0.0024062816616,0.00189969604863,0.00620567375887
0.00137362637363,0.00297619047619,0.0018315018315,0.00641025641026,0.0,0.00274725274725,0.00766941391941,0.00618131868132,0.00228937728938,0.00869963369963,0.00492216117216,0.00721153846154,0.00309065934066,0.0018315018315,0.00377747252747,0.0018315018315,0.00125915750916,0.00240384615385,0.00228937728938,0.00789835164835
0.000356810939989,0.000253086829527,0.00041074747743,0.000526918481147,0.00142724375996,0.00027383165162,0.000622344662772,0.000352661975571,0.000975006638343,0.000788303239511,0.000277980616038,0.000647238449283,0.00133596654275,0.000153511683484,0.000145213754647,0.0,9.54261816251e-05,0.00107043281997,0.000331917153478,0.000535216409984
0.000404050714744,0.000272202586775,0.000370025391398,0.000472101361438,0.00136951926471,0.000267949421357,0.000548658338969,0.000408303880163,0.000880405241601,0.000880405241601,0.000255189925102,0.000612455820244,0.00127169646009,0.000114835466296,0.000157367120479,0.0,8.08101429489e-05,0.00117812682089,0.000250936759683,0.000591189993152
0.000226843786295,0.000399245063879,0.000689605110337,0.00065331010453,0.0022775116144,0.000163327526132,0.0,0.000362950058072,0.00223214285714,0.000607941347271,2.72212543554e-05,0.000326655052265,0.00158790650407,0.00070775261324,0.000589793844367,9.0737514518e-05,4.5368757259e-05,0.00200529907085,0.00104348141696,0.000435540069686
0.000175427983788,0.000317585143065,0.000205674187889,0.000738007380074,0.00022079728994,0.000244994253221,0.00102534631904,0.000154255640917,0.000251043494041,0.000604924082028,0.000229871151171,0.000641219526949,0.000369003690037,0.000196600326659,1.20984816406e-05,0.0,0.000130058677636,0.00021474804912,0.000139132538866,0.000353880587986
0.00071380584481,0.000524857238831,0.00146960026873,0.00121766879409,0.00195246892845,0.00111269734632,0.00113369163588,0.000230937185086,0.00298118911656,0.000692811555257,0.000965737319449,0.000923748740343,0.00182650319113,0.00201545179711,0.000902754450789,0.0,0.000209942895532,0.00400990930467,0.00289721195835,0.000356902922405
0.000581145071029,0.000365906155833,0.00157124408093,0.00124838570814,0.00180800688765,0.000904003443823,0.000968575118381,0.000150667240637,0.00294877313818,0.000559621179509,0.000774860094705,0.000925527335342,0.0018725785622,0.00172191132157,0.000817907877744,2.15238915196e-05,0.0,0.00404649160568,0.00284115368059,0.000172191132157
0.000516988233348,0.000206795293339,0.0011580536427,0.0011580536427,0.00163368281738,0.000765142585355,0.000909899290692,0.000268833881341,0.00270901834274,0.000516988233348,0.000744463056021,0.000703103997353,0.00188183716939,0.00190251669872,0.000785822114689,0.000144756705337,0.0,0.00413590586678,0.00254358210807,0.000124077176003
0.00328282828283,0.0108585858586,0.0040404040404,0.0118686868687,0.0,0.00580808080808,0.0116161616162,0.0131313131313,0.00505050505051,0.00707070707071,0.00252525252525,0.0103535353535,0.00252525252525,0.0108585858586,0.00606060606061,0.00252525252525,0.00479797979798,0.00454545454545,0.00555555555556,0.0108585858586
0.00106837606838,0.000288461538462,9.61538461538e-05,0.00082264957265,0.00194444444444,0.000299145299145,0.000833333333333,0.000833333333333,0.00149572649573,0.00112179487179,0.000491452991453,0.000405982905983,0.00146367521368,0.000373931623932,0.000587606837607,5.34188034188e-05,0.0,0.00217948717949,0.000459401709402,0.00107905982906
0.00116497426624,0.000457875457875,0.000202856215514,0.000602772754671,0.000666527565262,0.000260815134233,0.000573793295312,0.000794037186442,0.000851996105161,0.000736078267724,0.000654935781518,0.000428895998516,0.00137362637363,0.000573793295312,0.00044048778226,0.000197060323643,0.0,0.00108962767191,0.000515834376594,0.00056799740344
0.00125313283208,0.000918489405332,0.000128161312372,0.00110361130098,0.000662166780588,0.000113921166553,0.0011961722488,0.00143825472773,0.000726247436774,0.0015664160401,0.000797448165869,0.000776087947141,0.000818808384598,0.000712007290955,0.00103241057188,9.25609478241e-05,0.000327523353839,0.0,0.000284802916382,0.00214314194577
0.000377026517532,0.000453828215547,0.000642341474313,0.000788962897798,0.00151508804267,0.00053761188611,0.000809908815439,0.000544593858657,0.00119391730552,0.000768016980157,0.00031418876461,0.000712161199782,0.000830854733079,0.000614413584126,0.000377026517532,0.000244369039141,0.0,0.000886710513454,0.000502702023376,0.000244369039141
0.000426460808974,0.000491514152716,0.000715586781161,0.000802324572816,0.00164801804146,0.000556567496458,0.000881834215168,0.000571023795068,0.00147454245815,0.000925203110995,0.000412004510365,0.000693902333247,0.00107699424639,0.000715586781161,0.000585480093677,0.000267441524272,0.0,0.00133720762136,0.000722814930465,0.000375863763842
0.00025693363975,0.000314030004139,0.000706567509314,0.000770800919251,0.00143454615527,0.000406811596272,0.000906404784675,0.000442496824015,0.00125612001656,0.000785075010349,0.000342578186334,0.000592374780536,0.000877856602481,0.000549552507244,0.000421085687369,0.000242659548653,0.0,0.00102059751345,0.000506730233952,0.000249796594202
0.00128104059913,0.000677473393772,0.000997733543555,0.00166288923926,0.00157666535278,0.000776014978321,0.00181070161608,0.0010962751281,0.00213096176587,0.00156434765471,0.000862238864801,0.00139189988175,0.00218023255814,0.00102236893969,0.000714426487978,0.0,0.000110859282617,0.00151507686244,0.00150275916437,0.00117018131652
0.000775545719366,0.000283736238792,0.000283736238792,0.000491809480574,0.000794461468619,0.000302651988045,0.00107819770741,0.000548556728332,0.000359399235804,0.000586388226838,0.000624219725343,0.000416146483562,0.00060530397609,0.0,0.000680966973102,1.89157492528e-05,0.000151325994023,0.000245904740287,0.00026482048954,0.000283736238792
0.0014606758669,0.000897707043196,0.000928137790423,0.00138459899883,0.00213015230589,0.000821630175129,0.00187149095446,0.0010194300321,0.00241924440455,0.00164326035026,0.000852060922356,0.00143024511967,0.00266269038236,0.00117158376824,0.000806414801515,0.0,0.000182584483362,0.00176498333917,0.00173455259194,0.00115636839463
0.00148670461303,0.000920340950925,0.00123184096508,0.00154334097924,0.00208138645824,0.000906181859372,0.00191147735961,0.00100529550024,0.00274686376122,0.00172740916943,0.000920340950925,0.00150086370458,0.0026335910288,0.00137343188061,0.000976977317135,0.0,0.000254863647948,0.00213802282446,0.0015575000708,0.00137343188061
0.000172090112641,0.00028942428035,0.000649249061327,0.000672715894869,0.00235450563204,0.00020337922403,9.38673341677e-05,0.000398936170213,0.00189299123905,0.000688360450563,3.12891113892e-05,0.000172090112641,0.00132978723404,0.000664893617021,0.000602315394243,0.0,0.000250312891114,0.00154098873592,0.000735294117647,0.000438047559449
0.000170502983802,0.000272804774084,0.000818414322251,0.00076726342711,0.00226768968457,0.000179028132992,0.000119352088662,0.000315430520034,0.00201193520887,0.000588235294118,0.0,0.000230179028133,0.00153452685422,0.00073316283035,0.000545609548167,5.96760443308e-05,0.000179028132992,0.0020716112532,0.00100596760443,0.000485933503836
0.000173578106015,0.000446343701181,0.000644718679484,0.000553796814428,0.00233090599506,0.000198374978303,3.30624963838e-05,0.000173578106015,0.00213253101675,0.000512468693949,0.0,0.000396749956605,0.00159526545052,0.000686046799964,0.000528999942141,0.0,6.61249927676e-05,0.00181017167701,0.000950546771034,0.000363687460222
0.000239507800483,0.00022412656559,0.000274664908811,0.000703142166557,0.000301032740057,0.000149417710393,0.000355965721819,0.000437266534828,0.000468029004614,2.85651505164e-05,0.000149417710393,0.000230718523401,0.000325203252033,0.000435069215557,0.000799824214458,8.34981322786e-05,0.000107668644254,0.000955833882663,0.000327400571303,0.0
0.000263294081331,0.000267833634457,0.000299610506342,0.000701360958027,0.000381322462617,0.000154344806297,0.000265563857894,0.000401750451686,0.000478922854834,9.07910625278e-06,0.000136186593792,0.000174772795366,0.000374513132927,0.00043352732357,0.000828468445566,0.000152075029734,0.000165693689113,0.000928338614347,0.000310959389158,0.0
0.000427721149907,0.000204824212632,0.000313260560495,0.000530133256223,0.000542181739319,9.63878647678e-05,0.000503024169257,0.000496999927709,0.000813272608979,0.000533145376997,0.000370490855201,0.000421696908359,0.000701824140341,0.000433745391455,0.000406636304489,0.000111448468638,0.0,0.000864478662136,0.000539169618545,0.000295187835851
0.000262270513301,0.000627575871113,0.000711877107531,0.000562008242788,0.00216373173473,0.000206069689022,0.000384038965905,0.000983514424878,0.00217309853878,0.0011895841139,0.000384038965905,0.000374672161858,0.00164855751218,0.000552641438741,0.000140502060697,0.0,6.55676283252e-05,0.00218246534283,0.000946047208692,0.000674409891345
0.000472222222222,0.000416666666667,0.000731481481481,0.00100925925926,0.00163888888889,0.00012962962963,0.00108333333333,0.000601851851852,0.00134259259259,0.0012037037037,0.000981481481481,0.00137962962963,0.00157407407407,0.00107407407407,0.000842592592593,0.00025,0.0,0.00125,0.000657407407407,0.000916666666667
0.000665236051502,0.00214592274678,0.000922746781116,0.00206008583691,0.0,0.00087982832618,0.00248927038627,0.00103004291845,0.00223175965665,0.00216738197425,0.00145922746781,0.000836909871245,0.000987124463519,0.00111587982833,0.001330472103,0.0,0.000386266094421,0.00285407725322,0.00115879828326,0.000815450643777
0.000210826210826,0.00017094017094,0.000700854700855,0.000712250712251,0.000558404558405,0.000353276353276,0.000632478632479,0.000205128205128,0.00123646723647,0.000712250712251,0.000603988603989,0.000490028490028,0.000820512820513,0.00107122507123,0.000450142450142,0.0,0.0,0.00153276353276,0.000752136752137,0.000136752136752
0.000982241081251,0.000216093037875,0.0014930064435,0.00129655822725,0.00288778877888,0.000766148043376,0.00166980983813,0.000648279113626,0.00216093037875,0.00198412698413,0.000825082508251,0.00129655822725,0.00166980983813,0.00153229608675,0.001100110011,0.000333961967625,0.0,0.00278956467075,0.00129655822725,0.00135549269213
0.00205826255197,0.00128984453257,0.000569452639379,0.00142020116086,0.0,0.000809583270442,0.00191418417333,0.00114576615393,0.000603757015245,0.00195534942437,0.00137903590982,0.00129670540774,0.00122123578084,0.000590035264898,0.00179068842021,0.00093307902356,0.00122123578084,0.00021268713037,0.000336182883489,0.0021543148044
0.000225143651438,0.000562859128596,0.000234932505849,0.000420920739646,0.00130681206378,9.78885441037e-05,0.000553070274186,0.000107677398514,0.00118934581086,0.000949518877806,0.000215354797028,0.000416026312441,0.0011306126844,0.000210460369823,0.000342609904363,0.0,0.00014193838895,0.00102293528588,0.000234932505849,0.000631381109469
0.000259012829054,0.000430155428132,7.20331536421e-05,0.000398481275467,0.0,0.000171142599079,0.000321339387524,0.000125163990371,0.000288643487999,0.00029732833631,0.000343306945018,6.18156850404e-05,0.00018033832082,0.000225806056098,0.000206392865755,7.56092676527e-05,2.80980386547e-05,0.000136914079263,0.000172675219369,0.000234490904409
0.00114359324886,0.000999000999001,0.000552079499448,0.00126189599874,0.0014985014985,0.0,0.00123560649876,0.00162994899837,0.00162994899837,0.00184026499816,0.00105157999895,0.000644092749356,0.00157736999842,0.000604658499395,0.00118302749882,0.000407487249593,0.000394342499606,0.00220831799779,0.00111730374888,0.00135390924865
0.00090823676793,0.000856039252532,0.000459338135505,0.000835160246372,0.00144065142499,0.0,0.000960434283328,0.00127361937572,0.00157636496503,0.00132581689112,0.000866478755611,0.000709886209416,0.00149284894039,0.000626370184779,0.000845599749452,0.000240108570832,0.000344503601629,0.00249504123604,0.000970873786408,0.000949994780248
0.000735113942661,0.00063144402767,0.0004995004995,0.000669142178576,0.00157389780031,0.000405255122236,0.000678566716303,0.000687991254029,0.00196972838482,0.00122518990444,0.000556047725859,0.000706840329482,0.00164929410212,0.000725689404935,0.00122518990444,0.0,0.000292160669519,0.00185663393211,0.00120634082898,0.000951878310369
0.0021207278092,0.00155724940579,0.00133185804442,0.00194656175723,0.000368822227686,0.000461027784608,0.00204901237603,0.0014445537251,0.000952790754856,0.00241783460372,0.00192607163347,0.00157773952955,0.00112695680682,0.00107573149742,0.00102450618802,0.000379067289566,0.000973280878617,0.0,0.000891320383575,0.00230513892304
0.00136654693113,0.00117132594097,0.000442500911031,0.00140559112916,0.000364412514967,0.000924046020095,0.00173095944609,0.00145765005987,0.000780883960643,0.00128845853506,0.000793898693321,0.00118434067364,0.00160081211932,0.00110625227758,0.000911031287417,0.00024727992087,0.0,0.00102816388151,0.001210370139,0.000924046020095
0.0039658784795,0.00237578569291,0.000673451062556,0.00110371146363,0.0,0.00177716252619,0.00276863214606,0.00101017659383,0.000636037114636,0.000972762645914,0.000729571984436,0.0043400179587,0.000804399880275,0.000748278958396,0.00467674348997,0.00194552529183,0.00263768332834,0.000318018557318,3.74139479198e-05,0.00136560909907
0.00095710740872,0.00184331797235,0.00272952853598,0.00304856433889,0.00141793690181,0.000425381070542,0.00216235377526,0.0043956043956,0.0018787663949,0.0032967032967,0.00127614321163,0.00340304856434,0.00141793690181,0.0032967032967,0.0029776674938,0.00127614321163,0.00372208436725,0.0,0.00141793690181,0.00333215171925
0.00265432098765,0.00253086419753,0.00191358024691,0.00425925925926,0.0,0.0033950617284,0.00462962962963,0.00802469135802,0.000802469135802,0.00518518518519,0.0037037037037,0.0058024691358,0.00154320987654,0.00283950617284,0.00604938271605,0.00327160493827,0.00450617283951,0.00265432098765,0.00234567901235,0.00672839506173
0.000538737968687,0.000457475816986,0.000623009829711,0.00126708762468,0.0,0.000872815703459,0.00205563146711,0.00033106802545,0.000123398082213,0.000848738028881,0.000604951573777,0.00138145657892,0.000550776805976,0.000598932155132,0.000412330177151,0.000258835001716,0.000343106862739,0.000204660233915,0.000535728259365,0.000821650644981
0.000504679483734,0.000441967831909,0.000606212634307,0.00122138407602,0.0,0.000815251473724,0.0020246904732,0.00031057198999,0.000134382111053,0.000830182819396,0.000606212634307,0.00143042291543,0.000525583367675,0.00056141859729,0.000382242449218,0.000262791683838,0.000313558259125,0.000203066301147,0.000507665752868,0.000818237742858
0.000487261589865,0.000546429068634,0.000776138103856,0.00133300849227,0.0,0.000978003619658,0.00218223583461,0.000379367952109,0.000142698037032,0.00104065153835,0.00074133370458,0.00171585688431,0.000643881386607,0.000671724906028,0.000442015870806,0.000257552554643,0.000375887512182,0.000191424196018,0.00064040094668,0.00100236669915
0.000942063118229,0.000734809232219,0.00105511069242,0.00133772962789,0.00128120584079,0.00128120584079,0.00248704663212,0.000678285445125,0.00141309467734,0.00152614225153,0.000791333019312,0.00203485633537,0.00165803108808,0.000697126707489,0.000131888836552,0.000357983984927,0.0,0.000527555346208,0.000621761658031,0.00124352331606
0.00107114839177,0.000603463882687,0.000980628809366,0.00144831331845,0.00144831331845,0.00141814012431,0.00250437511315,0.000497857703216,0.000995715406433,0.00137288033311,0.000678896868022,0.0018858246334,0.00176513185686,0.000512944300284,0.00021121235894,0.000241385553075,0.0,0.000663810270955,0.000543117494418,0.00107114839177
0.00108338575522,0.000698958551758,0.000943594044873,0.00129307332075,0.0014328650311,0.00138626779432,0.00228326460241,0.000675659933366,0.00109503506442,0.00129307332075,0.000617413387386,0.00189883739894,0.00175904568859,0.000629062696582,0.000489270986231,0.000128142401156,0.0,0.000896996808089,0.000710607860954,0.00125812539316
0.000408496732026,0.000995246583482,8.91265597148e-05,0.000943256090315,0.000460487225193,0.000282234105764,0.00103980986334,0.000995246583482,0.000868983957219,0.00169340463458,0.000883838383838,0.000891265597148,0.00068330362448,0.000453060011884,0.000549613784908,7.42721330957e-06,0.000557040998217,0.000326797385621,0.0,0.00158942364825
0.000310770863337,0.000886833927083,7.57977715455e-05,0.000992950807246,0.000265292200409,0.000212233760327,0.000977791252937,0.00100811036156,0.00068217994391,0.00162965208823,0.000856514818464,0.000856514818464,0.000606382172364,0.000409307966346,0.00051542484651,4.54786629273e-05,0.000545743955128,0.000242552868946,0.0,0.00154627453953
0.00168472419903,0.00155401283876,0.0016992476835,0.00262875068987,0.0,0.00233828100038,0.00495250820577,0.000653556801348,0.000755221192669,0.00140877799402,0.0016992476835,0.00303540825515,0.00140877799402,0.00107473785111,0.00116187875795,0.000668080285822,0.000740697708194,0.000145234844744,0.000798791646092,0.00153948935429
0.00184375979497,0.00188063499087,0.00184375979497,0.00304220366171,0.0,0.00271032689861,0.00551284178697,0.000848129505688,0.000940317495437,0.00184375979497,0.00217563655807,0.00361376919815,0.00186219739292,0.00136438224828,0.00116156867083,0.000608440732341,0.00071906632004,0.000221251175397,0.00101406788724,0.00193594778472
0.0,0.00215909090909,0.000909090909091,0.00397727272727,0.000681818181818,0.00170454545455,0.00556818181818,0.00340909090909,0.000909090909091,0.00647727272727,0.00340909090909,0.00670454545455,0.00454545454545,0.00125,0.0025,0.000227272727273,0.000113636363636,0.00204545454545,0.00125,0.00568181818182
0.000461009567046,0.000276605740228,0.000421494461299,0.000610288855423,0.00140059097036,0.000267824605617,0.000610288855423,0.000465400134351,0.00097031537445,0.000785911547631,0.000259043471007,0.000667366230391,0.00129082678773,0.000180013259513,0.000206356663344,0.0,6.5858509578e-05,0.00126009281659,0.000342464249806,0.000557602047761
0.000443795268195,0.00030591712662,0.000314534510468,0.000568747333997,0.0013873987996,0.000327460586241,0.000573056025921,0.000340386662013,0.000956529607177,0.000810034081753,0.000292991050847,0.000641995096709,0.00134431188036,0.000215434596211,0.000176656368893,0.0,6.89390707875e-05,0.00128829888534,0.000280064975074,0.000525660414755
0.000256670977423,0.000325774702114,0.00026983359165,0.000776594239382,0.000315902741443,0.000266542938093,0.000997068027681,0.00025996163098,0.000332356009227,0.00063838679,0.000194148559845,0.00064825875067,0.000398169080361,0.000200729866959,0.0,1.64532677835e-05,0.000121754181598,0.000296158820103,0.000134916795825,0.000335646662784
0.000272475247525,0.000304158415842,0.000310495049505,0.000849108910891,0.000259801980198,0.000253465346535,0.000975841584158,0.00024396039604,0.000253465346535,0.000703366336634,0.000231287128713,0.000690693069307,0.000399207920792,0.000209108910891,8.55445544554e-05,0.0,0.000107722772277,0.000285148514851,0.000145742574257,0.000424554455446
0.00071830712483,0.000368860415453,0.00139778683751,0.00122306348282,0.00196078431373,0.000815375655213,0.000873616773442,0.000291205591147,0.00285381479324,0.000737720830907,0.00077654824306,0.00077654824306,0.00207726655018,0.00203843913803,0.00114540865851,7.7654824306e-05,0.0,0.00425160163075,0.00271791885071,7.7654824306e-05
0.00213219616205,0.00876569533286,0.00355366027008,0.0108978914949,0.0,0.00497512437811,0.00995024875622,0.0125562662876,0.00331674958541,0.00805496327884,0.00213219616205,0.00852878464819,0.0016583747927,0.0106609808102,0.00568585643213,0.0016583747927,0.00473821369344,0.00402748163942,0.00450130300877,0.0101871594409
0.00176767676768,0.0111111111111,0.0040404040404,0.0113636363636,0.0,0.00656565656566,0.0111111111111,0.0128787878788,0.00454545454545,0.00656565656566,0.00151515151515,0.00984848484848,0.00227272727273,0.010101010101,0.00656565656566,0.0020202020202,0.00505050505051,0.00479797979798,0.00505050505051,0.00984848484848
0.00124014527416,0.000343254495527,0.000110727256621,0.00100761803526,0.00186021791124,0.000243599964567,0.000896890778634,0.000985472583931,0.00148374523873,0.00121799982284,0.000708654442378,0.000442909026486,0.00133979980512,0.000431836300824,0.00087474532731,0.0,2.21454513243e-05,0.00231419966339,0.000553636283107,0.00129550890247
0.00158087526509,0.00262193946404,0.000597647966069,0.00190861769809,0.000115673799884,0.00121457489879,0.00266049739734,0.00134952766532,0.00239059186428,0.00210140736457,0.00160015423173,0.00106034316561,0.00104106419896,0.000963948332369,0.00134952766532,0.0,0.000539811066127,0.00285328706381,0.000983227299017,0.00117601696549
0.00102003642987,0.00274438372799,0.00121432908318,0.00255009107468,0.0,0.00126290224651,0.00289010321797,0.00116575591985,0.00289010321797,0.00274438372799,0.00208864602307,0.00131147540984,0.00131147540984,0.00165148755313,0.0013357619915,0.000291438979964,0.000850030358227,0.00296296296296,0.0016029143898,0.00153005464481
0.00219610430193,0.00157112600257,0.0,0.00120655532794,8.68025415784e-05,0.000555536266102,0.00116315405715,0.00211798201451,0.000807263636679,0.00146696295268,0.00145828269852,0.000494774486997,0.000841984653311,0.000841984653311,0.00133675914031,0.000277768133051,0.000651019061838,0.00064233880768,0.000520815249471,0.00244783167251
