"Class","acc_0","acc_1","acc_2","acc_3","acc_4","acc_5","acc_6","acc_7","acc_8","acc_9","acc_10","acc_11","acc_12","acc_13","acc_14","acc_15","acc_16","acc_17"
1,0.01380647,-0.03010347,0.05783578,-0.03399765,0.0217933,-0.00563992,0.00166557,-0.02935325,0.01396104,0.02716302,-0.05058904,0.03135962,0.01785789,-0.00843563,-0.01016764,0.0307003,0.0193542,-0.02523979
1,-0.0281134,-0.06764763,0.00111382,-0.13038614,-0.15030769,-0.13800208,0.04203168,0.00152,0.05833575,-0.00080205,-0.0228858,0.01080874,0.11711202,0.10422761,0.14465118,-0.05335825,0.10281543,-0.04374526
1,-0.00183733,0.00217029,0.00709072,-0.03593392,-0.05050406,-0.04658735,-0.00085918,-0.07961643,-0.00907272,0.09503228,-0.06705127,0.08062675,0.04148861,-0.01991671,0.02111721,0.06299326,0.03200912,0.01350276
1,-0.08844425,-0.06630197,0.00346822,-0.09253685,-0.11619634,-0.03656927,0.09336888,-0.0187556,0.05060722,0.03762388,-0.06784355,0.0458854,0.09541854,0.05035995,0.10240193,-0.0476782,-0.00451617,0.0119263
1,-0.07425783,-0.07630839,-0.06095199,-0.06206724,-0.08529383,-0.0594233,0.10100753,-0.01894805,0.04441886,0.0225622,-0.00312016,0.0582107,0.0522564,-0.02295718,0.07476373,0.05183865,0.03936479,-0.02222865
1,-0.06545405,-0.06321835,-0.05122082,-0.07767364,-0.06034971,-0.01967576,0.04834119,-0.02013334,0.11055464,-0.01026961,0.03957872,-0.01795889,0.0681996,-0.00480147,0.08471741,-0.00024003,0.00708256,0.03841267
1,-0.03901455,-0.08142805,-0.02034828,-0.11417144,-0.09408561,-0.04478075,0.07158778,0.01087244,0.05993664,-0.04092583,0.05931699,-0.02358282,0.09127842,0.06203902,0.13143016,-0.04818377,0.00123589,-0.00169452
1,-0.08803216,-0.0331033,-0.03941294,-0.08347283,-0.11199597,0.01406478,0.03805254,0.03312795,0.02381003,0.01772334,0.10443379,-0.02773111,0.09499584,0.02762952,0.09026591,-0.00994787,0.02448614,-0.01821101
1,-0.00543079,0.00793417,0.00160359,-0.10793823,-0.08276848,0.02907193,-0.01138785,-0.01166494,0.01102578,0.00959259,-0.02833864,-0.0001845,0.10760639,-0.00502496,0.0738328,-0.00490917,0.03565629,-0.04443683
1,-0.18009843,-0.07887444,-0.02752345,-0.09394218,-0.12615392,-0.15145847,0.1145614,0.05076896,0.13137888,-0.03006203,0.06686848,-0.0353966,0.12705965,0.04087685,0.07274682,-0.04281708,0.06828797,-0.03512297
1,-0.10628365,-0.07163085,-0.00650108,-0.12843725,-0.14109335,-0.09362124,0.08218405,-0.00631842,0.06707363,0.04297574,-0.00908306,0.01519037,0.15808429,-0.03678768,0.11349984,0.01809651,0.0156378,-8.819e-05
1,0.00155339,-0.01712731,-0.0288229,-0.1042515,-0.08076727,0.02358046,0.00882769,-0.04503875,0.02006628,0.03197408,-0.08575569,0.07384923,0.0959512,-0.00195766,0.07579198,0.01396895,0.07378154,-0.10823258
1,-0.02595951,-0.06086337,-0.05486645,-0.05714255,-0.0492217,0.04794374,0.05671287,-0.00621273,0.02920151,0.00521546,-0.0423839,0.04140131,0.05615518,-0.05247442,0.049431,0.03153062,0.0572208,-0.0543058
1,-0.01068446,-0.01297577,-0.02199731,-0.07233494,-0.0799378,0.0323854,0.00873973,-0.05330521,0.02509414,0.04692945,-0.05219894,0.04826835,0.09899141,0.01138541,0.05279882,0.01137281,0.05939064,-0.08428578
1,0.07258318,-0.01839292,-0.03062406,-0.11331021,-0.13298657,-0.09395436,-0.04026937,-0.0154734,-0.0387822,0.04661523,-0.06805854,0.05931032,0.156189,0.03362161,0.09418827,-0.01620653,0.01667215,-0.06018857
1,-0.08358603,-0.02416595,-0.05659871,-0.04132862,-0.1030363,0.06237805,0.03493902,0.01182851,0.06526735,0.00268698,0.07676367,-0.08487804,0.10390656,-0.02828478,0.04522367,0.07606348,-0.05554115,0.02406559
1,-0.04733325,-0.01487754,0.01297968,-0.09277145,-0.03469996,0.01038707,0.04036408,-0.05112614,0.01822365,0.04999131,0.0762002,-0.07757716,0.05524196,0.03361221,0.07773926,0.02009655,-0.01476487,0.00652961
1,-0.02974957,0.01922976,-0.03743227,-0.09068701,-0.01118046,-0.02311761,0.01480622,0.01659654,-0.01103209,-0.00134223,0.03642088,-0.01123276,0.05758325,0.04576614,0.05774348,0.00246939,-0.00891766,0.01666794
1,0.04678564,0.03951274,0.01561542,-0.07981225,-0.05316196,0.00544967,-0.04781901,-0.0610761,-0.05645081,0.06244163,0.01346734,0.01652072,0.05190886,-0.00038851,0.12459638,0.01824803,-0.01277502,-0.02119016
1,-0.0151115,-0.00812728,-0.05498098,-0.08391913,-0.08342868,0.01151699,0.03639685,0.00543607,-0.0366086,8.162e-05,0.0401168,-0.0328267,0.0287574,0.03193823,0.12249837,-0.03214832,-0.03416905,0.03070263
1,0.02415931,-0.10285624,0.03679827,-0.05755368,-0.04838616,0.03993109,0.03743806,0.02618008,0.02886821,-0.05790246,-0.13373873,0.09286027,0.06089617,-0.02014433,0.06423685,0.00934684,0.07588402,-0.07793447
1,0.04044671,0.03885739,-0.0150332,-0.05320711,-0.04558723,-0.0054375,-0.06004215,-0.04076841,-0.03446657,0.01034944,0.00556387,0.04043281,0.04323588,0.02453034,0.04900076,-0.00123274,-0.00821904,0.01095896
1,0.02802038,0.02894953,0.0217422,-0.0993735,-0.01862069,-0.00040925,-0.02881917,-0.00525415,-0.03785999,-0.0214764,-0.02150798,0.04503024,0.09282331,0.00637481,0.07232099,0.00152712,0.0514718,-0.04797321
1,0.00076595,0.00500424,0.03510254,-0.02910013,-0.06975278,0.00625879,-0.00203589,-0.00679408,-0.00939487,-0.04553835,-0.04499732,0.01539839,0.03010834,-0.00390786,0.08610371,-0.03079858,-0.06860314,0.09145426
1,0.05282398,0.05225576,0.03338248,-0.02808964,-0.03613692,0.02101791,-0.0663288,-0.06449705,-0.03840007,0.05114275,-0.04160065,0.03899545,0.05353429,-0.05959683,0.0277407,0.01681227,0.01149541,-0.00386529
1,0.04652519,-0.02259585,0.05337626,0.01058505,-0.07792091,-0.01829676,-0.02832889,-0.07440409,-0.00572979,0.04334535,0.01005031,0.00021602,-0.00376904,-0.14903917,0.10708096,0.08093109,0.02612259,-0.02605485
1,-0.02374395,-0.04673773,0.00386183,-0.06306081,-0.09334767,-0.04228923,0.02845395,-0.01660566,0.03704563,0.01816201,-0.0059508,-0.0059779,0.06192576,-0.01357598,0.10622725,0.00419911,-0.03426734,-0.01485964
1,-0.0167588,-0.0074932,-0.01969194,-0.07649496,-0.07425483,-0.04995474,-0.0134305,-0.0148688,0.04190163,0.0179106,0.00563022,-0.00580893,0.08250069,-0.02388368,0.06164875,0.03810813,0.01476052,-0.02646668
1,-0.0560012,-0.02878908,-0.02405028,-0.08676099,-0.12997399,-0.04468898,0.01931037,0.01963251,0.05692,-0.00978371,-0.00476352,-0.01937818,0.11486449,-0.00344807,0.09895152,-0.00403918,0.03548469,-0.03748523
1,0.06620968,0.0623266,0.02054325,-0.04144561,-0.03280302,-0.02206326,-0.06996599,0.00625718,-0.03220016,-0.03318301,-0.10552252,0.07447256,0.01995913,0.04486846,0.02530131,0.01199855,0.00997058,0.06085918
1,-0.0470168,-0.05645448,-0.02815343,-0.04148451,-0.06622075,0.00752475,-0.0055949,0.10084409,0.07883788,-0.08295885,-0.09680783,0.10262092,0.06210025,-0.01254397,0.06193627,0.02782311,0.00946776,-0.04364505
1,-0.0290395,-0.01348007,0.02387474,-0.08141754,-0.02412286,0.01750959,0.02323638,-0.01647122,0.02873921,-0.03586309,0.03695924,-0.04136765,0.04675657,0.05386025,0.04718897,-0.0568269,0.00162464,-0.00688121
1,-0.02017109,0.03477098,0.0446362,-0.05026393,-0.03666384,0.03736881,-0.02079978,-0.01230257,0.0146756,-0.03348044,0.03239528,-0.00632532,0.04064626,0.01984269,0.03845385,-0.02380905,0.02650836,-0.02338823
1,-0.0023305,0.02710717,0.0730499,-0.05515134,-0.07277031,0.01950543,0.0070541,-0.04092325,0.00494213,0.01110877,-0.00882386,-0.01334258,0.06112999,0.00833328,0.08680572,-0.04494225,-0.0088098,-0.00101678
1,-0.0592713,-0.07256131,-0.04544502,-0.00684554,-0.02866155,-0.0477566,0.06955533,-0.020844,0.06052082,0.03602673,-0.03284424,0.04799472,0.00360231,0.0082084,0.05121857,-0.05493114,0.00876414,-0.01044826
1,0.02109227,-0.01070891,-0.0366689,-0.03240045,-0.01991314,-0.06967145,-0.01282651,-0.06475191,-0.02523595,0.07855053,-0.01805406,0.0282207,0.01953899,0.00499718,0.03079572,-0.00491056,0.0480712,-0.0245448
1,-0.05379231,-0.02589571,-0.08770655,-0.03698315,-0.04011157,-0.07009113,0.0635699,-0.02601082,0.01977997,0.02765608,0.0182849,0.01787278,0.05199143,0.02035695,0.02965404,-0.0341088,0.0732412,-0.05806012
1,-0.00354402,-0.02719328,-0.02418207,-0.08848395,-0.10077976,-0.07031966,0.00946021,-0.00611215,0.0311961,0.01422498,-0.01740744,-0.00202217,0.06430873,0.11548983,0.1000167,-0.07827009,0.04629985,-0.02231032
1,-0.01622089,-0.02057103,-0.04449072,-0.08884203,-0.10413997,-0.0177633,0.014513,0.02322543,0.0182434,-0.01278744,-0.01031761,0.01614646,0.07314431,0.03602754,0.108461,-0.02564275,0.00894168,-0.00298724
1,-0.10730958,-0.07508754,-0.04372445,-0.03034626,-0.03935227,-0.06251378,0.10431122,0.0101247,0.08353733,0.0155502,0.06063146,-0.06529988,0.01878405,0.07168896,0.04232401,-0.0680208,0.06448071,-0.03695312
1,0.07173557,0.04370832,0.00982671,-0.06188309,-0.06861274,0.0235476,-0.08466924,-0.09068152,-0.02270849,0.07145802,0.00352957,0.00773271,0.0878164,-0.0241979,0.07229724,-0.00217726,-0.00614913,-0.04147838
1,0.02316755,0.01655158,0.00100475,-0.02290652,-0.04986753,-0.03350036,0.01445334,-0.06746471,-0.05524619,0.11653363,-0.03228057,0.03893096,0.03095401,-0.05312385,0.04402927,0.05467625,0.03763377,0.00398448
1,0.0030354,-0.04678723,-0.00916769,-0.04834272,-0.06629959,-0.06913506,-0.00512997,-0.03878212,0.03012336,0.08531255,0.00131765,-3.098e-05,0.04789565,0.00577546,0.11328798,-0.02344064,0.00749992,0.02001241
1,-0.08822538,-0.10887585,0.00057609,-0.05897402,-0.02436996,-0.00105,0.12673917,0.03048421,0.07070119,-0.02137031,0.0037077,0.02189379,0.02278331,-0.02235783,0.0591547,-0.01004845,-0.01092505,0.03552881
1,-0.05575799,-0.05563304,-0.03376509,-0.0906532,-0.03718901,0.00361275,0.05778061,0.03048545,0.05575456,-0.02192856,-0.01897923,0.0475654,0.05865243,0.04187682,0.04409322,-0.04434977,0.02228771,0.0444449
1,0.03432329,0.02745342,-0.03486387,-0.08266883,-0.14957013,0.07048078,-0.06258644,0.03139474,-0.0036505,-0.02274496,-0.00011333,0.0140471,0.07909048,-0.00672406,0.16643687,-0.0167452,-0.00315995,-0.01415202
1,-0.07137862,-0.01481259,-0.05559164,-0.0132339,-0.08781888,-0.02568968,0.02851321,0.05314253,0.06075681,-0.00132889,0.06717203,-0.07606928,0.10535573,-0.0557884,0.01513257,0.09243996,0.04387742,-0.04198103
1,-0.01865232,0.05048925,-0.07502327,-0.06810055,-0.12876587,-0.04091141,-0.03271822,0.02657689,0.00236387,0.04186697,0.09030367,-0.09454137,0.09367125,-0.07721061,0.09296573,0.08609363,0.01945977,-0.00648707
1,-0.06647506,-0.0822128,0.05393021,-0.06650785,-0.04162289,0.01925643,0.06665528,0.01343198,0.0640494,0.01418011,-0.02508701,0.00097686,0.06269674,0.00069317,0.06380206,0.0111902,-0.00471232,-0.04137961
1,0.01353994,-0.00271764,0.02206045,-0.02706076,-0.05302712,0.03991468,-0.00084895,-0.00984389,-0.00403435,0.01038676,-0.04371083,0.10117731,0.06516139,-0.03239147,0.0487384,0.00613594,-0.00434964,-0.0160369
1,-0.04630494,-0.05155778,-0.06168816,-0.03406926,0.01052004,-0.05089825,0.05816646,0.03107827,0.03986581,-0.02210999,-0.0076447,0.0343006,0.00104417,-0.02891032,-0.00708961,0.01946104,0.03580613,0.02135648
1,-0.06836059,-0.05234624,0.01996976,-0.07775291,-0.03041033,0.01191494,0.04429782,0.00294272,0.05694594,0.02467954,0.01416522,0.01902474,0.07715686,0.00323047,0.05604715,0.00610869,-0.01751731,-0.02007839
1,0.01577597,-0.00940374,0.0287618,-0.15471012,-0.14570216,0.05182843,0.0161675,-0.00220734,-0.012659,0.01338514,-0.0047841,-0.01413436,0.15941676,0.02907509,0.1246358,0.02323409,0.07251815,-0.09966988
1,0.03216701,0.0397274,0.05637009,-0.10310965,-0.14205873,0.0627368,-0.02547836,-0.03667685,-0.03164083,0.01274123,-0.022659,0.03924101,0.14609966,-0.04856042,0.08017059,0.05893862,0.03344203,-0.0958048
1,0.02815387,-0.00018543,0.01179475,-0.12295964,-0.07491038,0.00262006,-0.00641339,-0.05416163,-0.00818693,0.05170759,-0.0708552,0.03895375,0.08833688,0.12785678,0.10646232,-0.09804306,-0.01923383,-0.02388546
1,0.00850529,-0.00299137,0.00747899,-0.0980144,-0.08640364,-0.00892763,-0.00412512,-0.02109773,-0.01404327,0.00925536,-0.0429859,0.05954586,0.06535365,0.10402695,0.0964896,-0.05244745,-0.00731606,-0.01271949
1,0.03537578,0.0199919,0.03611922,-0.10488458,-0.10122005,0.00223917,-0.04603338,0.02664044,-0.03664199,0.01403761,-0.04635753,0.05978783,0.08827041,0.07334238,0.11161173,-0.05082755,0.00033942,0.03261362
1,0.01598976,0.03349712,0.01420044,-0.15057966,-0.11111561,0.03111183,-0.0505751,-0.02755737,-0.04327851,0.07350595,-0.05587541,0.07421135,0.11105624,-0.03037149,0.16677166,0.01501768,0.07186186,-0.09469172
1,0.03845983,0.00382045,-0.0099899,-0.01060402,-0.04732164,-0.01542755,-0.00387676,-0.09434391,-0.04063059,0.08583349,-0.06251622,0.05964573,0.0464982,-0.02836407,0.01877259,0.02879703,0.01796821,0.0189241
1,0.04494834,-0.01044831,-0.07107385,-0.08212274,-0.07754514,-0.01533348,-0.02494731,-0.01326547,0.01887225,-0.00281914,-0.08163521,0.05278568,0.11478912,-0.00302373,0.05592848,-0.00609268,0.0565478,0.00493536
1,0.04912893,0.05210238,-0.02745778,-0.05239863,-0.07927615,-0.01704218,-0.07815116,0.03670731,-0.00839599,-0.01074581,-0.03890248,0.01478886,0.08157503,0.00790183,0.04728574,-0.01454847,0.05682141,0.0091067
1,-0.03311496,-0.09249239,-0.10443516,-0.04362048,-0.13096066,-0.12497444,0.0273421,0.07764437,0.09219028,-0.09516455,0.01549121,0.01973626,0.10558295,0.02576991,0.1034296,-0.03326803,0.1597233,-0.1894663
1,-0.08471738,-0.10349395,-0.1554459,-0.04500984,-0.04820531,-0.11415885,0.02279012,0.09957854,0.15624325,-0.08195138,0.04208373,0.01125901,0.02269594,0.07850948,0.13538191,-0.12156886,0.12860201,-0.09656502
1,-0.11273472,-0.08070926,-0.00453501,-0.0559885,-0.05764569,0.10083877,0.03424417,0.12181154,0.09532778,-0.11984954,0.0493763,0.09580883,0.0462921,-0.05072427,0.08479867,0.03680216,-0.01260405,-0.02085623
1,-0.13588719,-0.14319744,-0.02606121,-0.02143792,-0.0269934,-0.0345753,0.16649703,0.05865024,0.13415616,-0.08668784,-0.04496193,-0.00594521,0.01778355,0.03027193,0.03090693,0.01256286,0.01565813,-0.00438695
1,-0.17063048,-0.186105,-0.0244415,0.02476802,-0.01957588,-0.01516349,0.20288028,0.04790516,0.16510784,-0.05599975,-0.02144748,-0.0071894,0.00850805,-0.02600617,-0.01031468,0.04181641,-0.03356627,0.01927242
1,-0.06821054,-0.13900998,0.01368098,-0.05297192,-0.05519942,-0.0307297,0.08526416,-0.01247667,0.17290368,-0.03429077,-0.02353321,0.00174653,0.03690062,-0.01167908,0.10696286,-0.01598306,0.05179684,-0.06224781
1,-0.06161657,-0.04993706,-0.01109261,-0.00285307,-0.05187685,-0.02645364,0.04702288,0.06346994,0.05262106,-0.03628865,0.0029518,0.02183035,0.01615952,-0.01514453,0.03629087,0.02747518,-0.01775616,0.03701669
1,-0.08199237,-0.08076223,-0.01513986,0.04674797,-0.04724215,-0.0293033,0.09432318,0.04516867,0.05231472,0.00742072,0.03380136,-0.01649864,-0.00316089,-0.01703898,0.00992365,0.01990654,-0.02855935,0.03259668
1,-0.06338272,-0.05401944,-0.013975,0.00711752,-0.0604467,0.02200595,0.04738942,0.08821918,0.05585112,-0.0472801,-0.00287422,0.0105317,0.02319046,-0.04319832,0.04446911,0.03569253,-0.02874171,0.02104813
1,-0.02558418,0.01068052,-0.0306542,-0.23570645,-0.17897417,-0.01203692,0.03910469,-0.02361969,-0.0589518,0.01223746,0.07994758,-0.05873203,0.16196444,0.11540808,0.22579422,-0.07918207,0.02388007,0.03274274
1,-0.04868323,0.00068964,-0.03246224,-0.1861902,-0.15582804,-0.01091435,0.05077368,-0.07201258,-0.0493857,0.06823424,0.11254574,-0.09203185,0.11578011,0.09126369,0.22221528,-0.09125185,-0.01911836,0.06460798
1,-0.03388446,-0.06058447,-0.03757909,-0.16538015,-0.13521416,-0.01059188,0.06824694,-0.01512754,-0.02386079,-0.0011018,0.06937815,-0.06603854,0.11551693,0.06778574,0.2009844,-0.03135336,0.00537635,0.01789884
1,-0.07878917,-0.02035006,-0.08478767,-0.07209318,-0.06187765,0.03689941,0.10099452,0.04062093,-0.01441516,-0.02223332,0.12461061,-0.10989054,0.06157481,0.00855629,0.10481479,-0.02844557,-0.09160634,0.08583482
1,-0.07209531,-0.07546163,-0.11724468,0.03399101,-0.03898461,-0.13318424,0.00382037,0.0526592,0.1231064,-0.0846294,0.06825212,0.01361607,0.03337649,0.01280605,0.02728296,-0.00911452,0.08058454,-0.12078215
1,-0.01038177,0.00798073,0.04523116,0.01728376,-0.02483701,0.02835804,0.01744697,0.01411653,-0.03299195,0.02806379,0.01591475,-0.00184475,-0.02394069,-0.08843015,0.08180312,0.01783767,-0.0471373,0.03692508
1,0.01931511,-0.00211673,0.06131261,-0.06857103,-0.043612,-0.16102345,0.01313807,-0.04200169,-0.13173924,0.11159467,0.14651354,-0.15473495,0.06315263,0.08179099,0.06351056,-0.03502303,0.16576974,-0.13332037
1,0.08500949,0.02365443,-0.01993841,-0.07335984,-0.12473723,-0.12056785,-0.08538562,0.00609742,-0.10005573,0.01735419,0.13730391,-0.11258288,0.11960205,0.11253591,0.12728653,-0.0707792,0.12491589,-0.10834141
1,0.10048939,0.15168341,0.05825065,-0.07393591,-0.00187447,-0.10749264,-0.11938403,-0.12701514,-0.15948171,0.13415337,-0.11344196,0.12524919,0.06440607,0.05428007,0.00331541,-0.01880861,0.11106465,-0.0154158
1,-0.02324046,-0.02664002,0.0337055,-0.09157744,-0.04059589,-0.0190096,0.05034573,-0.02763842,-0.00388164,0.00631265,-0.05573488,0.03543798,0.09745007,0.02319164,0.05279644,-0.0004179,-0.02886677,0.01863187
1,-0.0203558,-0.02133854,-0.00227598,-0.12847621,-0.10032604,-0.02917349,0.03401734,0.02699198,-0.00045842,-0.01584573,-0.04033806,0.06626092,0.13413999,0.03526607,0.10980861,-0.00161095,0.0357066,-0.02950818
1,-0.13360461,-0.1240627,-0.07231606,-0.09309622,-0.06810009,-0.03508074,0.1414812,0.03048075,0.12657427,-0.02675827,0.07673645,-0.07196029,0.05594375,0.01527905,0.09308933,0.02153278,-0.03233892,0.04933481
1,0.05078239,0.01606847,0.0408604,-0.03308298,0.02164431,-0.0491366,-0.01020271,-0.05984361,-0.0204027,0.07513268,-0.0494342,0.01540511,0.04065008,0.03918374,-0.00820078,-0.0173037,0.04801959,-0.04604529
1,-0.0460577,-0.05193384,0.04152898,-0.06045895,-0.11820914,0.02254364,0.07578717,0.00513629,0.02156725,-0.01449389,0.05865409,-0.03174664,0.06593784,0.06172792,0.14804068,-0.04586789,-0.06500362,0.01109331
1,-0.04415147,-0.0910705,0.10711917,-0.00294121,-0.01445322,0.06657665,0.09353978,-0.07039402,0.06864316,-0.01356047,0.0106626,0.03560271,-0.02383766,0.02594265,0.02751985,-0.03824371,-0.01269325,0.0009746
1,-0.02048131,-0.0235999,0.02428943,-0.02332606,-0.05238757,-0.03143963,0.08257441,0.00331077,-0.02255637,0.02028044,-0.03063656,0.07952027,0.00785284,0.04366872,0.05544437,0.00623883,-0.02933601,-0.01251869
1,-0.04848729,0.06792064,-0.17030409,-0.06557986,-0.11634207,-0.07337661,0.03455056,0.30363851,-0.04307351,-0.18743245,-0.08499557,0.1216592,0.02256614,0.21019842,0.14351025,-0.12134604,0.06659227,-0.12548779
1,-0.04264308,-0.01890169,-0.08366201,-0.11449451,-0.09264943,-0.01505728,-0.03128524,0.03841998,0.08715862,-0.01894251,0.02176556,-0.02222004,0.09385738,-0.02869013,0.09938308,0.05012745,0.0029593,-0.02428541
1,0.06666892,0.06970561,0.0225014,-0.0233996,-0.07885012,-0.00170198,-0.07166993,-0.05359814,-0.01537376,-0.01776449,-0.02677878,0.02155788,0.01585977,-0.03685514,0.05899119,0.0011389,-0.0452614,0.07640442
1,-0.09361846,-0.05818607,-0.05571954,-0.12851214,-0.08357375,0.05184029,0.08648141,0.10193529,0.09436464,-0.10947135,-0.00033904,0.01344261,0.09875474,-0.01880679,0.12818215,-0.02317568,-0.04125224,0.02225014
1,-0.08114389,-0.08694212,-0.03643618,-0.14808435,-0.12735249,-0.13747342,0.07721639,0.03568011,0.05360021,-0.01495057,-0.00456981,0.03906709,0.12835755,0.0807798,0.12641036,-0.02915948,0.09042894,-0.07095417
1,-0.06183501,-0.07446445,0.03907181,-0.05399265,-0.08536158,-0.07410403,0.12016727,-0.06549479,0.05587541,0.03838552,-0.0274638,-0.00894433,0.08122712,0.07787654,0.03933821,-0.00442778,0.07390893,-0.06185566
1,-0.05542231,-0.08125693,-0.03570083,-0.11139369,-0.11987504,-0.04583525,0.08519412,0.02908281,0.06686586,0.00680124,0.01744466,-0.02254539,0.11369637,0.02765658,0.10411486,-0.01504725,0.08564244,-0.07641308
1,-0.10590115,-0.0847401,0.00649107,-0.08655956,-0.04686721,0.03835477,0.08722066,-0.01911949,0.09237141,0.02302999,0.02690888,-0.01908914,0.053142,-0.06288342,0.08647385,0.04652289,0.04495815,-0.0400805
1,0.00802584,0.03695379,-0.02009884,-0.15471417,-0.11456667,0.05750882,0.01366401,0.05697701,-0.02527442,-0.02360982,-0.07838045,0.07985662,0.11453513,-0.09598894,0.14307616,0.03439769,0.01228437,-0.00172275
1,-0.06930328,-0.09861494,-0.06434014,-0.0603948,-0.12783461,-0.02217402,0.1122068,-0.0434695,0.05627822,0.02611817,0.03197777,0.00298682,0.07078123,0.04805344,0.11785848,-0.01734952,-0.00589223,-0.0294998
1,-0.05696236,-0.06935912,-0.04697691,-0.05753064,-0.14181574,0.01611244,0.0851094,-0.04055872,0.03213466,0.03953677,-0.01289826,0.06861835,0.07436659,-0.04266616,0.11948147,0.05460554,-0.0111035,0.00861547
1,-0.09570295,-0.10982079,-0.0812024,-0.06061012,-0.04973212,0.02612707,0.07063408,0.02710352,0.13517511,-0.04539065,0.04641778,-0.01049826,0.08035826,-0.01030431,0.0335664,0.01317965,-0.06428515,0.0582317
1,-0.08030435,-0.04597133,-0.05787891,-0.09333376,-0.06378859,0.00592114,0.07188457,0.00747814,0.06755524,0.01073144,0.05375729,-0.02315408,0.06540554,0.01224068,0.08086869,-0.04038549,0.00406721,0.0069565
1,-0.09820146,-0.08080928,-0.02443041,-0.12723609,-0.12604612,-0.072381,0.10181104,0.01805725,0.08839105,-0.01912604,0.04637389,-0.02292734,0.13842273,0.0847376,0.10489769,-0.04754822,0.01683221,-0.01328434
1,-0.05232309,-0.07535,0.04642612,-0.0462895,-0.05578117,0.02505526,0.06756465,-0.05622865,0.06962135,0.04045122,0.01038608,0.00452119,0.03359793,0.01911032,0.05551671,0.01028688,0.01523978,-0.01216258
1,-0.00268294,-0.05536022,0.00232714,-0.06762674,-0.07044857,0.02452884,0.0306841,-0.03133209,-0.00019283,0.0792197,0.02139578,-0.00815505,0.07061312,-0.00291417,0.0531459,0.02033421,0.0282701,-0.04052345
1,0.01588809,-0.00470359,0.01013288,-0.08097889,-0.07658026,0.04848924,-0.00902182,-0.05303887,-0.00751061,0.06093538,-0.05155514,0.05353319,0.08287285,-0.05364238,0.07199455,0.03766311,0.05956334,-0.07168683
1,-0.05263444,-0.05979718,-0.00049403,-0.05998225,-0.08654235,-0.08171593,0.03418206,-0.00216454,0.0845298,0.00697772,-0.10242391,0.07729882,0.0858865,0.03105946,0.08329117,-0.0106225,0.06140739,-0.11257351
1,-0.02517844,0.0134245,0.02336457,-0.14275744,-0.06176597,-0.00475937,0.04435812,-0.11618708,-0.04202391,0.08283936,0.06885067,-0.08210196,0.09981179,0.05785161,0.11371937,0.01764988,0.00626432,0.01230466
1,-0.0054492,-0.03814076,0.0001933,-0.13273342,-0.14070781,-0.068401,0.07796386,-0.00447745,-0.03212378,0.07268988,-0.09505339,0.02218596,0.20389427,0.05309072,0.09244435,-0.05818424,0.11278602,-0.067355
1,0.02503551,0.01481967,-0.0173543,-0.08476907,-0.04357331,0.00058336,-0.05734742,-0.02672154,-0.00422611,-0.01881501,0.00059166,0.02327094,0.10343257,-0.07076263,0.05130232,0.07477727,-0.02435661,-0.01087364
1,0.01305943,0.0162543,0.03352615,-0.01343324,-0.09776365,-0.00246647,-0.02842665,0.00706596,-0.00802648,-0.00995656,-0.0366679,0.01102181,0.04931665,-0.0290411,0.10183089,-0.02901927,-0.06707355,0.01468204
1,0.01045407,-0.01942432,-0.01233354,0.08690843,-0.00250695,0.03228022,0.00552432,-0.03976564,0.04829091,0.00311628,-0.0211822,0.01413656,-0.03156842,-0.06436692,-0.04021615,0.0209246,-0.03281806,0.03820039
1,-0.08564823,-0.08751423,-0.02047584,-0.01084482,-0.05027253,-0.02925995,0.10949709,-0.00983756,0.08667166,0.0033722,0.03193302,-0.05591904,0.0113375,0.05014955,0.04306727,-0.06415848,0.0369825,-0.00344315
1,0.01776113,-0.01677372,0.02248128,-0.04073755,-0.0384027,0.03799793,-0.00244099,-0.04781973,0.01765469,0.01573078,-0.031954,-0.00736241,0.04277972,-0.0185427,0.04188221,0.00565188,-0.01100723,0.00869881
1,0.00063079,0.03647506,-0.0623127,-0.0865645,-0.11917439,-0.00399174,-0.01368313,0.0515614,-0.04818528,-0.0219883,0.01084464,0.00193179,0.12770435,-0.07627764,0.06562276,0.11291954,0.0585259,-0.08490505
1,-0.01313442,0.00135642,-0.00244763,-0.01014692,-0.05427911,0.07117267,0.02668217,0.02247559,-0.03610921,-0.0220456,0.01277738,0.03564282,0.02696644,-0.09384379,0.01004151,0.13453151,0.01230634,-0.03016965
1,-0.02730322,-0.10806964,0.01835137,0.00819961,0.00428287,-0.09367437,0.05788924,0.0131129,0.07826997,-0.02418801,0.00167139,-0.00791918,0.01181345,0.0809227,0.00961543,-0.0955449,-0.00065876,0.01513333
1,-0.12164731,-0.06461069,-0.06665394,-0.14911233,-0.13588313,0.04651238,0.07465488,0.07763029,0.12795475,-0.07740205,0.005359,-0.0026306,0.09461761,-0.0134123,0.1496892,0.02419414,-0.04096465,-0.00873614
1,-0.02461419,-0.01451513,-0.07838715,-0.03321425,-0.03487627,-0.03190204,-0.00852474,0.03441567,0.0181459,-0.02180241,0.04566861,0.01990947,0.06182349,0.04466742,-0.00151332,-0.06975833,0.04947966,0.01185735
1,0.09157418,-0.00784895,0.02499275,-0.26080246,-0.19004346,-0.21695149,-0.03250119,0.0661533,-0.03678293,-0.06830821,-0.11869098,0.05512836,0.21289973,0.28123218,0.23049895,-0.21801584,0.26536206,-0.21226855
1,0.05677815,0.01069308,0.0145697,-0.09158072,-0.09247813,0.06865009,-0.03771435,0.01688235,-0.0297806,-0.02585459,0.06659089,-0.06458162,0.11302511,0.02018991,0.08334727,0.0117321,0.01356008,-0.01500345
1,0.04911531,-0.13121263,0.03257615,0.04512383,0.01580808,-0.0191053,0.00016822,-0.02754971,0.08842075,-0.02323356,-0.01183887,-0.00120387,-0.06879281,-0.10077461,0.02465338,0.03972332,0.26008547,-0.11932895
1,-0.17491726,-0.11905174,-0.07529818,-0.01397146,-0.06371545,-0.03732451,0.18143847,-0.01357469,0.11984277,0.02446106,0.12636683,-0.11831528,0.05936174,-0.00974255,0.04726122,0.00659319,-0.02629077,-0.04089013
1,-0.16725088,-0.15226564,-0.06382406,-0.09066602,-0.05391639,-0.07715611,0.18151321,0.05420547,0.1177035,-0.03525664,0.05480317,-0.07387796,0.0671665,0.01123648,0.09343077,0.00717706,0.05058574,-0.04638941
1,-0.05118769,-0.06103889,-0.02718426,-0.00466056,-0.06828089,-0.04889489,0.08614054,0.03201329,0.1008476,-0.08004805,-0.0475156,0.0102618,0.04083134,-0.04646832,0.03624444,0.03381423,0.02182975,-0.02706235
1,-0.01874151,-0.09076357,0.0235726,-0.08712963,-0.0852312,-0.09005198,0.09125869,-0.01101419,0.01794289,2.722e-05,0.03932012,-0.11014139,0.0664489,0.08145068,0.09721422,-0.10406099,-0.04275868,0.07258974
1,-0.06289924,0.01650297,0.03611123,-0.15013895,-0.18003506,-0.02049695,0.05802523,-0.06145976,-0.03609883,0.02512198,0.04464991,-0.04473117,0.18425175,0.12474905,0.18197377,-0.11607087,-0.02831566,0.01175799
1,-0.02544799,-0.03513265,0.00355876,-0.08865905,-0.05752444,-0.02796203,0.07298831,-0.03549495,-0.01317235,0.01227768,0.06598686,-0.07368432,0.05653234,-0.00606605,0.10841898,-0.02916084,0.00588713,0.03177272
1,-0.0567341,-0.00050698,0.01733418,-0.08449287,-0.0763923,-0.00375392,0.05938367,0.03203651,0.00060466,-0.01964041,0.03179332,-0.02885034,0.07622996,0.00523054,0.11091227,-0.0221293,-0.00774271,0.00017463
1,0.02071401,0.01555895,0.05752256,-0.01732207,-0.08303252,0.01698575,-0.00365096,0.00985187,-0.03898857,0.01884038,0.00526293,-0.02083292,0.06549353,-0.0546113,0.10368143,0.00817137,-0.0396651,0.00106887
1,0.03497854,0.07047089,-0.03832114,-0.10736827,-0.09447853,0.01606281,0.0032279,0.08671346,-0.08740061,-0.01035355,-0.02084037,0.04058699,0.10883832,0.04159604,0.08142236,-0.03055213,0.03341961,-0.07911595
1,-0.05798077,-0.01515696,0.00132117,-0.27087611,-0.23568433,-0.08698451,0.0267451,0.01577059,0.05128892,-0.00836856,-0.12623518,0.11844374,0.26515592,0.09063482,0.27694565,-0.1088977,0.11369082,-0.22253801
1,0.08554867,0.04939517,0.0091313,0.14556228,0.04258356,-0.02606609,-0.04775549,-0.17111895,-0.08853973,0.14712918,0.12900833,-0.11721541,-0.09854409,-0.06737751,-0.08176893,0.08634646,-0.05373789,0.04654265
1,0.01013513,0.03178255,0.03144457,-0.11212938,-0.10584924,0.00257257,-0.01635232,-0.02197152,-0.03972967,0.03894105,-0.09307959,0.08188044,0.11020345,0.03322576,0.10577278,-0.00388489,0.02509513,-0.00938785
1,0.02000356,0.01256847,0.03480157,-0.11418306,-0.13258978,0.00760406,0.0039639,-0.02957737,-0.04883166,0.04350019,-0.07838237,0.06922742,0.13817435,0.04924413,0.09431168,-0.02450712,-0.001965,-0.02292735
1,0.04952483,-0.0208973,0.01919798,-0.02282954,-0.03054024,-0.00442856,-0.00237196,-0.02174905,-0.0101128,0.04901526,-0.03123466,0.02351392,0.02999765,0.01461332,0.02811844,-0.00570808,0.03554827,-0.03198361
1,0.04738143,-0.00768602,0.03688922,-0.03819937,-0.01896006,0.01382019,-0.00966037,-0.02766444,-0.00437714,0.02541205,-0.01439216,0.00230343,0.0604319,0.01888612,-0.01271651,0.01886276,0.01594407,-0.04471265
1,-0.07204625,-0.06321485,-0.04700922,-0.04370527,-0.03881683,-0.01670138,0.04779788,0.06467036,0.12406607,-0.08242603,0.02665672,0.04388172,0.04392633,0.04837908,0.00538135,0.03491492,-0.05518926,0.01001548
1,-0.18719816,-0.10334394,-0.08102755,-0.02039837,0.01900974,0.05553329,0.15584298,0.23555473,0.17123232,-0.10577677,-0.02633306,0.02024917,-0.07326249,0.04404571,0.0179915,-0.04999212,0.09845829,-0.16633576
1,-0.08056062,0.13143856,-0.15337297,-0.08222935,-0.07931779,-0.13247654,-0.00483863,0.23281541,-0.07390338,-0.14018419,0.02864031,0.07543079,-0.00934992,0.16498796,0.09079628,-0.13390241,0.09128238,-0.22363258
1,-0.02588915,-0.00685048,0.0322134,-0.00152113,-0.07861609,-0.06282315,0.03599709,-0.00603064,0.02306458,-0.03124493,0.06000898,-0.09875777,0.04319034,-0.00053256,0.04160855,-0.00694739,0.06257325,0.00923081
1,0.00974417,-0.03424006,0.07322958,-0.11730528,-0.12568578,-0.00142782,0.08367512,-0.00766271,-0.04363015,0.02067273,-0.08558652,-0.00378035,0.13097729,-0.02602882,0.1129897,-0.00256724,0.03204715,0.02127985
1,0.00620459,-0.0223035,0.00624362,-0.04941444,-0.11252501,0.07992235,0.07153124,-0.05443992,-0.05113737,0.09131647,-0.03731783,-0.01559724,0.10631432,-0.10727849,0.08225323,0.0267514,-0.03346928,0.02557724
1,-0.07591484,-0.07429961,-0.03009083,-0.0458715,-0.03623244,-0.02881983,0.08775735,-0.01414159,0.07848303,0.04219824,-0.02697257,0.01156157,-0.00850857,-0.04450677,0.08687989,0.02858748,0.00751854,0.03234695
-1,-0.00787184,0.00123503,-0.00090811,0.05404638,-0.00330454,0.0449261,0.00124691,0.02344425,0.00856866,-0.00864434,0.00588595,0.02794441,-0.00972143,-0.00464288,-0.01021117,-0.01324868,-0.05350268,0.06582231
-1,0.06587338,0.01391724,0.02316338,-0.11142696,-0.08477752,-0.04810604,-0.03274781,0.00607884,-0.02012157,-0.03422483,-0.08839891,0.08426539,0.0803042,0.12209215,0.11177377,-0.08749734,0.03988162,-0.03307176
-1,-0.07395411,-0.07208802,-0.01946013,-0.03785006,-0.07235911,0.07367112,0.07967845,0.00848241,0.07218208,-0.0091512,0.018982,-0.00732156,0.03618568,-0.12342318,0.08164602,0.08217817,-0.01297743,-0.0015541
-1,0.04988362,0.0035496,-0.01179295,-0.10329824,-0.11815427,0.03852309,-0.01009541,-0.09508749,-0.04198813,0.07895528,-0.00276802,-0.01622179,0.14653715,-0.06709406,0.08942786,0.04394286,0.07996575,-0.07591235
-1,0.0251166,0.02052704,0.00260791,-0.08823116,-0.11305901,0.07453705,-0.0179533,-0.06106287,-0.01562636,0.04152909,-0.01234852,0.00371035,0.1239567,-0.07492293,0.10647928,0.03125979,0.01843695,-0.07864084
-1,-0.03565419,-0.02182885,-0.03484596,-0.11805658,-0.11028856,0.01220895,0.03787601,0.01986048,0.00806143,0.01518334,0.04087891,-0.03771684,0.13078263,-0.06410677,0.09436094,0.04024694,0.01610744,0.01084016
-1,-0.06511628,-0.09479355,0.02180593,-0.03041036,-0.03124837,0.04314946,0.13115279,0.00433617,0.03689422,-0.02007897,-0.05260871,-0.03322174,0.02894606,-0.05569818,0.03651621,0.05193359,0.02766233,-0.05711013
-1,-0.00681257,0.19996236,-0.00541404,-0.11207424,-0.05183188,-0.10615664,-0.06966382,-0.13067912,-0.15608458,0.12128115,-0.03786921,0.02816713,0.04763699,0.10619086,0.15025324,-0.0480295,0.04454047,-0.04934303
-1,-0.080291,-0.04546348,0.03429154,-0.13833571,-0.01543223,-0.02172742,0.12181754,-0.108991,-0.00794968,0.06585797,4.784e-05,0.03947143,0.00259862,0.01718108,0.08898936,0.01731515,0.08976432,-0.00903174
-1,0.04822392,0.09932842,0.05215233,0.07377574,-0.0413626,-0.01366168,-0.10729539,-0.04599177,-0.02210193,0.07951199,-0.11025114,0.08363272,-0.00211585,-0.13563397,-0.06354113,0.16759243,0.08046302,0.0009363
-1,-0.02979171,0.00019037,-0.03047548,-0.19781047,-0.07065797,-0.07810763,0.02516188,-0.07324904,0.00210915,0.08291316,0.09769187,-0.07979993,0.12211513,0.06890215,0.15757325,-0.05521805,0.0464052,-0.06201507
-1,-0.04293393,-0.01986679,-0.0086928,-0.09082163,-0.09129134,0.03392295,0.04094385,-0.01997099,0.01844128,0.01199554,0.06509604,-0.04802909,0.09423749,-0.01358051,0.09153771,-0.00776122,-0.00211019,-0.02919417
-1,-0.00572223,-0.05761345,0.04729588,-0.16597285,-0.17725518,-0.0631807,0.01932852,-0.0089117,0.03814732,0.00681667,-0.08691082,0.08274611,0.16508153,0.02606544,0.14668843,-0.04576097,0.05772453,-0.06993384
-1,-0.0163296,-0.0191021,0.00239585,-0.11531095,-0.07069955,-0.03194894,0.05575209,-0.03218604,-0.03068378,0.12925757,-0.03038439,0.02280794,0.10632959,0.01214654,0.08841363,-0.01075184,0.09046517,-0.09652098
-1,-0.0317718,-0.10320663,0.09845639,-0.07311254,-0.08311588,0.02621727,0.08847621,-0.08756473,0.04343448,0.0730634,0.02135384,-0.04397086,0.03651846,0.05234053,0.12990606,-0.02205517,-0.09214389,0.0330295
-1,-0.03657602,0.01939613,-0.07228478,-0.10119138,-0.04667081,-0.02535326,0.03598107,-0.02209029,-0.00825897,0.04909122,0.09183796,-0.03973353,0.06417447,0.03419823,0.11549019,-0.01948157,0.02906501,-0.02549582
-1,-0.00742963,0.0044572,0.01651312,-0.11010519,-0.11340832,-0.05074498,0.01356973,0.00338237,-0.00236545,-0.00816375,-0.01549946,-0.01901805,0.11732412,0.03298749,0.09140954,0.01482769,0.04803977,-0.03921881
-1,-0.0095625,-0.02739754,-0.01836618,-0.06384922,-0.01835704,-0.01864398,-0.01032749,0.02003034,0.03336758,0.02454687,-0.09933357,0.0865257,0.05035817,-0.02072324,0.03427089,0.01284587,0.11973509,-0.12084027
-1,-0.02471713,-0.01475653,-0.07044453,-0.05099258,-0.06752617,0.04078128,0.01096196,0.02655832,0.01340378,-0.03502223,0.07091316,-0.02855969,0.04901726,0.04249855,0.07262194,-0.04508408,-0.03151532,-0.04597161
-1,-0.06456828,-0.03231179,-0.02212476,-0.08244052,-0.06398387,0.05671607,0.07722085,0.05192249,0.03969118,-0.03391015,0.01080477,-0.04802025,0.02331261,-0.01721074,0.12773324,0.03394905,0.04726209,-0.12577216
-1,-0.02310215,-0.09910941,-0.00734614,-0.06226403,-0.00218008,-0.07491652,0.13324156,-0.04641784,0.02967035,0.02150641,0.02620691,0.01352323,0.02689781,-0.03973717,0.05154666,-0.01543708,-0.07608711,0.09553092
-1,-0.07698671,-0.05140883,0.04877496,-0.08300606,-0.0952125,0.02995521,0.06680829,-0.0870562,0.05621522,0.06694515,0.01349966,-0.02315585,0.11964365,-0.04177774,0.0769966,0.01543268,0.02204708,-0.03309004
-1,-0.11170857,-0.07947996,0.10283842,0.03552197,0.01022419,0.09630913,0.04560508,-0.02531194,0.12400058,0.01872299,-0.0144798,0.01200906,-0.00251318,-0.06855612,-0.02889164,0.05267244,-0.03596675,0.01825146
-1,-0.09177225,0.15074324,-0.0154558,-0.10098106,-0.04347774,-0.07687805,-0.04127335,-0.08655422,0.00752508,0.02931012,0.05105011,-0.02201604,0.02802802,0.07345282,0.09504118,-0.04145628,-0.06783329,0.0915723
-1,-0.21380539,-0.18267305,0.05971584,0.01343182,0.05798229,-0.01301943,0.18788118,0.1482285,0.18228334,-0.1915948,0.08180753,-0.02110113,-0.05869681,0.01783754,-0.04604487,-0.0622013,-0.00494565,0.0131377
-1,0.03405609,0.02068314,-0.00027731,-0.13824356,-0.12573177,-0.01766738,-0.01513742,-0.04790457,-0.0420015,0.05573949,-0.03104385,0.02523601,0.10598644,-0.02985266,0.12684769,0.05767309,0.03484692,0.02647461
-1,-0.10368412,-0.10991351,0.01751653,-0.10889563,-0.09463388,0.03775117,0.13852294,0.02289451,0.04806256,-0.00396061,0.09173608,-0.12272008,0.00038786,0.02586271,0.16260801,-0.01510766,-0.01090366,0.04457591
-1,-0.01786228,-0.00101201,-0.02994441,-0.09568576,-0.07278232,-0.08930148,0.00956231,0.00234598,0.03257425,0.01808125,0.07254259,-0.04254549,0.07450022,0.08798543,0.12455546,-0.10245169,0.05240931,-0.06449372
-1,0.02944483,-0.05230304,0.00604092,0.00115967,-0.01330878,0.05774595,-0.00262349,-0.06638106,0.01964488,0.05922568,-0.11842839,0.12174812,-0.01957439,-0.01384757,0.02744213,0.00669967,-0.04684733,0.0234636
-1,-0.00675247,-0.01801678,-0.02989752,-0.11789797,-0.08519358,-0.02565405,0.01540941,-0.02066075,0.01246419,0.00284742,0.04240826,-0.02171183,0.10508458,0.00761235,0.09581311,0.02308725,0.00272737,-0.00662351
-1,-0.0180603,-0.05858617,0.12576431,-0.01724021,-0.03132313,0.03022319,0.07768096,-0.06710224,-0.01826153,0.0595922,0.02548012,-0.04188946,-0.0062617,0.06166809,0.05223771,-0.04175902,-0.07348581,0.06439519
-1,-0.1108417,0.00705922,-0.00352198,-0.11007003,-0.14519132,0.01013796,0.05633902,0.03573217,0.05971769,-0.02638248,0.0738618,-0.05391953,0.1557224,0.00326991,0.14405647,-0.00653062,-0.00673727,0.00284418
-1,0.06669071,0.06546256,0.03468919,-0.09786723,-0.05318504,0.01057207,-0.01974089,-0.01307926,-0.10567547,0.01136076,0.08903821,-0.05378818,0.10021668,-0.00145195,0.02757177,0.02617318,-0.00167265,0.02089186
-1,-0.13374078,-0.07871171,0.05627995,0.03326115,-0.08873273,0.11054286,0.06620459,0.00053044,0.11009631,0.02485232,-0.00451147,0.03671381,0.07451238,-0.11868946,-0.00968515,0.13662383,-0.08990399,0.04155021
-1,-0.07898118,-0.09775435,0.01464475,-0.03105538,-0.11189373,0.14983475,0.13064126,0.02761334,0.05142481,-0.02226827,-0.03509713,-0.02784957,0.10027969,-0.11695374,0.01196955,0.12060687,0.00842655,-0.0427135
-1,-0.18855236,-0.17706586,-0.04464842,0.11916898,0.07756179,-0.00256485,0.19266889,0.18657247,0.15288897,-0.14327443,0.1332838,-0.05677525,-0.06030968,0.00448697,-0.0755323,-0.02760435,0.05743652,-0.04688302
-1,0.02043976,-0.01650223,-0.0287002,-0.18530305,-0.1948287,-0.03158759,0.00701282,-0.01586037,-0.01863055,0.01138931,0.07435567,-0.04834671,0.18339794,0.11932557,0.20578528,-0.10532134,0.00357676,-0.01884228
-1,-0.08123476,-0.03151559,0.01592375,-0.08086693,-0.11536369,0.02356362,0.05514314,0.02393029,0.04142245,-0.00290292,0.01741057,-0.00921612,0.06626895,-0.01044729,0.11246197,0.01118218,0.02188939,-0.01639552
-1,0.00143998,-0.00240073,-0.01170195,-0.07577184,-0.06554421,-0.06938221,-0.00107781,-0.06168408,0.01338127,0.07824897,-0.06071217,0.09108221,0.03698943,0.1017374,0.1047138,-0.05077892,0.08011128,-0.0176361
-1,-0.05006125,-0.04767924,0.00033254,-0.10306755,-0.09452741,-0.00381668,0.06176816,-0.02708468,0.02101925,0.0179332,0.02277316,-0.02181665,0.11146028,-0.01882369,0.08636668,0.01183172,0.0440207,-0.04777439
-1,-0.03290151,0.03432431,-0.00362862,-0.13923041,-0.08051346,-0.00684835,0.00869568,-0.05967039,-0.00819418,0.07642686,0.01812503,-0.00474633,0.08217214,0.03421698,0.11684896,-0.01975246,0.03050726,-0.00138886
-1,0.04220408,-0.03659454,0.02017583,-0.28957651,-0.15697224,0.08253152,0.02304891,0.03977983,-0.00485871,-0.04507531,0.07411314,-0.06608961,0.16567014,0.05447362,0.22326067,-0.03729479,-0.03514711,0.01846819
-1,-0.09446552,-0.09844491,-0.00142197,-0.11253617,-0.10329099,0.00696747,0.07704122,0.01491103,0.13717044,-0.0336046,-0.0285542,0.01538051,0.0827829,0.09161461,0.14376947,-0.09709161,-0.02663359,0.06591118
-1,-0.05065576,0.0234981,0.03491562,-0.07077472,-0.08923838,-0.01000759,0.05094163,-0.04708686,-0.03673556,0.03578021,-0.02556686,0.00762521,0.04799008,-0.01978344,0.10393174,0.01808119,-0.06673696,0.09199516
-1,-0.10860787,-0.03455208,-0.03737452,-0.12747387,-0.1369189,-0.05931451,0.09273288,0.03224256,0.0707863,-0.00476041,0.01638794,-0.01284495,0.14809979,0.02658269,0.13925719,-0.02750822,0.02841979,-0.05301244
-1,-0.04864113,0.0034929,-0.06577004,-0.14441535,-0.15881724,0.04715362,0.02525579,0.07017052,0.01960526,-0.02340825,0.06726276,-0.03453235,0.12154955,-0.06108408,0.16917146,0.04144828,0.08247284,-0.0540197
-1,-0.05606674,-0.04490092,0.00584867,-0.1217682,-0.1179617,0.01630455,0.08051958,-0.06047229,0.02132981,0.08278202,0.029441,-0.02750964,0.09974838,-7.581e-05,0.14695554,-0.03462001,-0.02947811,0.02686069
-1,-0.04596273,-0.10284052,-0.00122404,-0.07697355,-0.13189024,0.07633658,0.01345416,0.03068552,0.11499468,-0.01281998,0.01940831,0.05278765,0.08796785,-0.00073753,0.13608079,-0.04769079,-0.04800392,0.00610825
-1,-0.0269293,-0.08316114,0.01817749,0.17869051,0.12200932,-0.08756039,0.02528446,-0.08064039,0.12883085,0.04283542,0.02993061,-0.07321809,-0.16574047,-0.08729651,-0.0783284,0.09041565,-0.03504399,0.06177472
-1,0.01924121,-0.06159776,0.01150428,0.07221265,-0.0441556,-0.00812597,0.04946322,0.00453601,0.06904067,-0.0265517,-0.0038481,-0.00666931,0.02757127,0.00314525,0.02457268,-0.01246139,-0.0445729,0.04844651
-1,-0.05654746,-0.112119,-0.01697425,-0.08312651,-0.02577819,0.0113188,0.07387886,-0.02656195,0.10834848,0.00823193,0.03106211,0.02870389,0.09954471,-0.06247898,0.01919442,0.01860109,0.02247006,-0.03952939
-1,-0.05061735,-0.02127444,-0.02656866,-0.11844531,-0.12477772,-0.01476094,0.06604176,-0.05505582,0.00728914,0.05823422,0.03738131,-0.03257436,0.11984872,0.01541023,0.13021296,0.00600438,0.01093399,-0.0294445
-1,0.01032678,-0.01464486,-0.03427307,-0.08457535,-0.04104716,0.0386636,0.02298534,-0.01810812,-0.02750285,0.02580517,0.04479265,0.00204764,0.01095144,0.01737,0.14348086,-0.03866227,-0.00478537,-0.00022091
-1,-0.08378038,-0.07487666,0.01158055,-0.09117711,-0.08950103,-0.01968794,0.07234778,-0.0421085,0.10538387,0.02438901,-0.10226359,0.0619722,0.05373171,0.04333851,0.14315269,-0.04770273,0.0976008,-0.11201571
-1,0.01342504,-0.03167828,-0.03939647,-0.09233013,-0.0400711,0.00026346,0.00665118,-0.02116369,0.01837629,0.04645321,-0.03616012,0.04896575,0.02825581,0.01368432,0.08756034,0.01286788,-0.02340107,-0.01365021
-1,-0.01735495,-0.02495544,0.00234779,-0.12282758,-0.15028804,0.00473359,0.01716866,0.06156342,0.0215903,-0.03784804,-0.01972629,0.03508398,0.14644131,-0.02701362,0.11907393,0.01766773,0.04534982,-0.02474093
-1,-0.03829617,-0.06806659,-0.02451121,-0.07937183,-0.13596314,-0.02193667,0.07167402,0.0012695,0.03742221,0.03037514,0.00115661,0.00254803,0.06633983,0.03960746,0.16942906,-0.05208722,-0.05491204,0.02924653
-1,0.00303511,0.02829994,-0.02051156,-0.077198,-0.04226434,-0.05545039,-0.04836964,-0.06837159,0.03430433,0.02211706,-0.02150259,0.00831762,0.0926985,0.03424879,0.05449568,-0.01931766,0.01295919,-0.00437681
-1,-0.05568592,-0.01548815,-0.02410213,-0.11747563,-0.10250423,0.00893855,0.0771909,0.00193905,-0.00406202,-0.01387736,0.06345919,-0.0797504,0.1004173,-0.00265759,0.10387865,-0.00384872,0.00023426,-0.0427844
-1,0.02772227,-0.01725126,-0.06729829,-0.12838977,-0.07586273,0.01138576,0.04454641,-0.09542443,-0.03731726,0.11037389,0.03825943,-0.02621467,0.0480699,0.07978972,0.12102252,-0.06457308,0.01502869,0.0166884
-1,-0.04887061,-0.05063165,-0.00363122,-0.0758191,-0.05060276,0.05552822,0.07581893,-0.08416522,0.01569865,0.1105021,0.02469806,-0.01922975,0.07268381,-0.05235205,0.07368633,0.02961572,0.00285055,-0.03395813
-1,-0.03199022,-0.04024077,-0.03992174,-0.1580204,-0.16458373,-0.02718189,0.06745775,-0.06620628,0.01887566,0.06954308,0.01335595,-0.01109363,0.15783636,0.07717087,0.19629825,-0.09803453,-0.00693948,0.00111802
-1,-0.07030381,-0.06988227,-0.01716789,-0.03592478,-0.04665948,0.00342633,0.05843848,0.05575946,0.08116008,-0.04826976,0.00725677,0.01018191,0.03027581,0.0266744,0.05478792,-0.01090828,-0.07663464,0.07280316
-1,0.09206856,-0.01823974,0.0265006,-0.02916837,0.02480781,0.04254998,-0.01364473,-0.08279489,-0.03269483,0.01299399,0.07173479,-0.0495765,0.06349217,0.00749037,-0.03441313,-0.04867771,-0.04448172,-0.06930038
-1,-0.06727154,-0.11276077,0.00806982,-0.11602121,-0.17383729,0.04749104,0.10223022,-0.03476282,0.07314344,0.04064889,0.01451441,-0.01542381,0.15576372,-0.05448895,0.13228591,0.05287987,-0.00946416,-0.02528479
-1,0.04354673,0.03410831,-0.02556746,-0.06688376,-0.06101743,0.05510105,0.00634595,-0.03628534,-0.07668877,0.03011934,0.03338809,-0.04413411,0.12061101,-0.08906266,0.03188983,0.06676129,-0.00430747,-0.03873776
-1,0.02950033,-0.00080313,0.02593803,-0.10885292,-0.05904902,0.03938315,-0.02172636,-0.09381217,0.0015351,0.08873673,0.0170208,-0.03494748,0.09157163,-0.05187583,0.07205359,0.01161574,0.06593658,-0.06036984
-1,-0.03127243,-0.03919538,0.03695915,-0.06138215,-0.01332323,-0.05243784,0.07106135,0.00737011,0.00282858,0.03744834,-0.06474854,-0.00980615,0.03635816,0.07877171,0.01126358,-0.00432764,-0.01089302,0.0371163
-1,-0.03466035,-0.06870191,-0.01503255,-0.12565656,-0.07191916,-0.04884831,0.09006741,-0.05958447,0.03500433,0.03097922,-0.02932714,0.01244166,0.0813164,-0.02793597,0.09549125,0.04301304,0.03778308,-0.01820074
-1,-0.04770863,0.0514479,-0.01256616,-0.082422,-0.08505716,0.02791472,0.01023766,-0.00229615,-0.02576089,0.03256451,0.02230238,-0.0151152,0.07505261,-0.01192134,0.0873701,0.00544013,-0.00184461,0.00784811
-1,-0.09066819,-0.08024675,0.12963611,-0.12528809,-0.11862646,0.03004794,0.13484244,-0.10665895,0.02507803,0.04037037,-0.04826594,-0.02761483,0.10386752,-0.09171004,0.16910651,0.06292086,0.02222157,-0.05772933
-1,-0.10069014,-0.0901426,-0.02679107,-0.11251723,-0.04871836,-0.05479585,0.10552081,0.02535802,0.10165024,-0.00871592,-0.03319868,-0.00636511,0.05084635,0.00120509,0.07576405,0.02002525,0.04124549,0.01031397
-1,-0.16231706,-0.10008223,-0.04420727,-0.13057757,-0.13397256,-0.00051698,0.10486771,0.04680777,0.15960301,-0.03803634,0.01401378,0.00065482,0.1843007,-0.04914425,0.07044703,0.06132348,0.04671826,-0.07178907
-1,0.0356629,-0.01341597,-0.06473446,0.03251362,0.04673496,0.04029462,0.01158372,-0.0468751,-0.02241949,0.03294944,-0.04816896,0.01599296,-0.04484677,-0.03813832,0.00276099,-0.03459603,0.00035697,0.02407976
-1,-0.02060666,0.00431329,0.09204604,-0.04433586,-0.03219362,0.01802395,0.00187386,0.00552106,0.04407558,-0.02688083,-0.05884217,0.01847838,-0.02210819,-0.04242834,0.07355289,0.06852409,-0.08594504,0.09003365
-1,0.00112497,-0.00974525,-0.02400858,-0.07390852,-0.07525018,0.09334214,0.02068248,0.00558139,-0.02670578,0.01510316,0.02097787,-0.01881047,0.05950317,0.01270892,0.12979517,-0.05734834,-0.02770901,-0.01096941
-1,-0.11371627,-0.11206647,-0.00651828,-0.04426458,-0.04167772,-0.01517334,0.13577578,-0.01045493,0.11362719,0.0141576,0.00054329,0.00892346,0.05626244,-0.02003804,0.03939674,0.00371349,0.03882628,-0.06010795
-1,-0.04853421,-0.03581686,-0.04314464,-0.1369827,-0.12877945,0.02401255,0.09938222,-0.05131881,-0.00403075,0.04978549,0.00856946,-0.01413973,0.15892944,0.02211796,0.11754567,-0.03311745,0.00288742,-0.01122482
-1,-0.15049986,-0.08777312,0.01620027,0.05092752,0.00180761,-0.09724393,0.12996119,-0.02039002,0.07965054,0.06859713,0.20321915,-0.25641328,-0.06201674,-0.02347409,0.00652198,0.08818002,0.08542301,0.00086835
-1,0.05464841,0.01003603,0.02274802,-0.02384427,-0.07775907,0.00230453,-0.00207425,-0.0585539,-0.02587482,0.05686778,-0.04657997,-0.01379917,0.07493015,-0.02147733,0.03431051,0.00042505,-0.08347953,0.06251578
-1,-0.06453279,-0.02290178,-0.07256263,-0.03175371,-0.04785702,-0.05103625,0.03405077,0.00349873,0.04787917,-0.01238277,0.04869901,-0.00921274,-0.00953326,0.05991281,0.1086132,-0.02990639,-0.00789558,-0.00107981
-1,-0.05572772,-0.04953514,0.03430904,-0.08440179,-0.10383484,0.07489054,0.07741688,0.00590203,0.04877412,-0.01627356,-0.0546132,0.00974415,0.1054293,-0.03483475,0.07706116,0.01185803,0.01408753,-0.0578119
-1,-0.07570583,-0.0026519,-0.04366553,-0.09086292,-0.12202456,-0.00725323,0.05705718,0.04186672,0.03168337,0.00404094,0.07220495,-0.02349046,0.08119471,-0.07864531,0.09683644,0.01175886,0.13565438,-0.0955468
-1,-0.03091901,-0.00894899,0.01254952,-0.01854404,-0.01447188,-0.01109687,0.05664898,0.01288445,-0.01416298,-0.03389258,0.0861834,-0.02729805,0.01692108,-0.02477071,-0.03721508,-0.00604417,0.00573925,-0.03981534
-1,-0.00298143,-0.03053972,-0.03290485,0.01222755,0.10888236,-0.03430159,-0.01337761,0.05974761,0.03574042,-0.04098453,-0.13813717,0.11144247,-0.07546384,0.06908422,-0.06289571,-0.03034479,0.1043772,-0.04576466
-1,0.01843122,-0.0094845,-0.08644068,-0.13526478,-0.11155478,0.06984379,-0.01632551,-0.0504958,-0.00962284,0.05346845,-0.01942854,0.05352664,0.12301609,0.03105209,0.15738847,-0.08562598,-0.08354128,0.03176962
-1,-0.01923871,-0.06153929,0.03294783,-0.06042961,-0.13793498,0.03930744,0.05828101,-0.05128927,0.04710676,0.03656684,-0.03070072,0.01984783,0.14780315,-0.07984848,0.1036369,0.02435177,-0.03919077,-0.00275873
-1,-0.15667275,-0.16462982,-0.04347278,-0.0409145,-0.08662399,0.05575126,0.1752343,0.05251666,0.13699624,-0.05159786,0.01030595,-0.02868937,0.08439693,-0.02877489,0.0221962,0.01324977,0.11525509,-0.10926114
-1,-0.03650818,-0.020296,0.03222337,-0.02991039,0.02774837,0.05926574,0.03324854,0.02970246,0.06198684,0.00174776,-0.05336544,0.0822538,0.01250769,-0.02204181,0.02205688,0.00988936,0.01769788,-0.00683717
-1,-0.05866402,-0.06218845,-0.03285959,-0.18708901,-0.06834461,-0.01065542,0.09332739,-0.03203757,0.02487468,0.06141104,-0.03754542,0.05201866,0.15205661,0.11018032,0.10826866,-0.10149132,0.04585752,-0.04193586
-1,-0.0641394,-0.1286027,0.01819255,-0.04567985,-0.04766721,-0.00432404,0.12854241,-0.02294605,0.07156113,-0.00495603,0.00836906,0.00212859,-0.00166779,-0.01495765,0.07417428,0.04226903,0.04575216,-0.04447079
-1,-0.06820651,-0.04704283,0.00676353,-0.07312406,-0.08896727,-0.00390759,0.07988356,-0.04751477,0.0546132,0.03090504,-0.0116097,0.01649509,0.08695511,-0.01112357,0.08904824,0.00583441,0.02641332,-0.02154694
-1,-0.00397634,-0.00177328,-0.0396148,-0.15723933,-0.14667616,-0.00278001,-0.00501629,-0.06067161,0.02547499,0.05629307,-0.00093513,0.02442101,0.12388534,0.07639353,0.20293837,-0.09565792,-0.01203857,0.02473824
-1,-0.14107531,-0.13084614,0.06605746,0.04592441,-0.04330545,0.05897723,0.1145403,0.00781406,0.17823057,0.00640322,-0.01895742,-0.00658746,0.02890387,-0.05769899,0.01164991,0.05037441,-0.06101122,0.02973957
-1,-0.16627378,-0.18540727,-0.07372755,0.02500358,-0.00486564,0.03734019,0.16166665,0.10819734,0.18032279,-0.0435153,0.05283034,-0.04234766,0.02611424,-0.08796999,-0.05052045,0.0969374,-0.10492147,0.07427672
-1,0.046101,-0.02868122,-0.00396641,-0.0860775,-0.05901775,-0.08643409,0.00087853,-0.02545843,-0.010813,0.02234417,-0.03571104,0.04490609,0.07142918,-0.00254652,0.08686285,0.03910741,0.02286456,-0.01901738
-1,-0.00575677,-0.02219494,0.05009053,-0.08161061,-0.07853776,-0.07139885,-0.00060451,-0.071355,0.04893954,0.05380543,-0.06741773,0.06110017,0.09405033,-0.02387541,0.07981108,0.08180001,0.00076041,0.03807631
-1,-0.03806932,-0.0223797,-0.07403791,-0.02417033,-0.05355592,0.02424093,0.01594993,0.04831723,0.01723496,0.00115069,0.01898538,0.05218878,0.03003207,0.02872887,0.05424621,-0.02676315,-0.04458191,0.02540812
-1,-0.08003138,-0.05316074,0.00472254,-0.03567146,-0.05319405,0.03296413,0.08838042,-0.03340239,0.05008674,0.05024835,0.00311994,-0.00084968,0.02637098,-0.04461514,0.04843235,0.02564368,-0.04827801,0.04274143
-1,-0.08279295,-0.10309309,0.06179561,-0.09998133,-0.10015043,-0.00399947,0.08443097,-0.02428028,0.10897596,0.01151146,0.02576716,-0.03488621,0.08647545,0.04491635,0.08470871,-0.0310986,0.02595908,0.00654308
-1,-0.14591038,-0.05120049,0.02165652,-0.13476425,-0.07865419,0.05472854,0.10900366,-0.01731852,0.08675686,0.04592607,-0.0231837,0.00957587,0.11431384,0.00076858,0.11714565,-0.0265618,-0.02811096,0.03782666
-1,-0.02912858,-0.01673982,-0.06547506,-0.02467865,-0.05609035,0.02223041,0.00281742,0.05701453,0.05657989,-0.05285334,-0.01205886,-0.02411239,0.02861965,-0.03635821,0.02776029,0.00974633,-0.061071,0.09249563
-1,-0.00982647,-0.02538232,0.00074294,-0.0142928,-0.09017613,0.12241235,0.01249766,-0.06176875,0.03040166,0.06901108,-0.0126863,0.00608395,0.07092735,-0.10456627,0.0277919,0.04831174,-0.01951746,-0.01278277
-1,-0.44662629,-0.32702614,-0.00333229,0.3844937,0.1207988,-0.00014616,0.3353949,0.0517793,0.40550775,-0.07519146,0.16425273,-0.13916241,-0.20859909,-0.18498688,-0.21496319,0.08994872,-0.17777207,0.14505656
-1,-0.03784662,-0.10120326,0.07876999,-0.07610368,-0.05469815,-0.07925577,0.08348744,-0.08876035,0.06300009,0.03687635,-0.02127702,0.02958424,0.06466056,0.03816563,0.08750157,0.02864914,0.10161921,-0.14515547
-1,0.07020904,0.08518305,0.01438948,-0.12515278,-0.08933258,-0.06512554,-0.0476859,-0.07911745,-0.09339644,0.05945835,-0.00802089,0.00077354,0.13046927,0.02370544,0.04291241,0.02437767,-0.01389598,0.04089941
-1,-0.05837752,-0.01645165,-0.01166936,-0.00518774,-0.00253261,0.00850572,0.02666637,0.01381944,0.05411623,0.01393147,0.01790021,-0.0133424,-0.00513363,-0.00865336,0.03256675,-0.0144573,-0.02532734,0.00223233
-1,-0.02137935,0.01564793,0.06289318,-0.03634548,-0.09104663,0.06096467,0.01183046,-0.07892045,0.0047534,0.0573516,-0.00146815,-0.00027048,0.05879041,-0.07857547,0.08469478,0.06268438,-0.02774385,0.00692104
-1,-0.04497467,-0.07961201,0.03284044,-0.10046965,-0.08734315,0.00449358,0.03444744,0.00123349,0.12739044,-0.02886849,-0.01337509,0.01950721,0.06007086,-0.05887893,0.12169423,0.01585598,0.0410956,-0.03012889
-1,-0.16291611,-0.18405298,-0.04259565,0.18976357,0.11490861,0.04092958,0.14833403,-0.00935245,0.16510205,0.02040842,0.16700215,-0.15066307,-0.13868428,-0.08862696,-0.17020046,0.05013129,-0.09969206,0.065641
-1,0.01864769,-0.00561829,-0.00459529,-0.0227231,-0.06112282,-0.006184,0.01216917,0.0032371,-0.00307668,0.01042941,0.05330251,-0.03387514,0.04681761,0.00752182,0.01760016,0.01586142,-0.05690096,0.0650963
-1,-0.02411817,-0.03315351,-0.02305902,-0.0365727,-0.08606191,-0.02371998,0.00937703,0.04266594,0.05738742,-0.04500319,0.02853869,0.01427088,0.1000273,0.04974293,0.05516909,-0.0310115,0.03076066,-0.00920149
-1,-0.03665222,-0.04769577,-0.00678621,-0.17228304,-0.1494601,-0.02144388,0.04939629,-0.09417159,0.00053354,0.06273057,0.06372835,-0.04780614,0.14881785,0.05113996,0.18199045,-0.07024144,-0.05153012,0.06155707
-1,-0.05613059,-0.00186134,-0.00222448,-0.15578485,-0.16945748,0.02459529,0.02767154,0.01356551,0.00208144,0.01041108,-0.01513584,0.03798845,0.15824323,0.0409487,0.18996814,-0.05035068,0.0216007,-0.02370851
-1,-0.05154613,-0.03304013,0.0288089,-0.11702856,-0.13397353,0.06394415,0.02592796,-0.01799968,0.04942251,0.00120115,0.03537066,-0.04503944,0.1056225,-0.02692646,0.12792492,0.03466651,0.01876452,-0.00280214
-1,-0.05618733,-0.08540188,-0.01026836,-0.13965718,-0.09395553,0.03962519,0.08179454,-0.03109959,0.06786816,0.03798828,0.02824622,-0.0355274,0.0825857,0.02031746,0.18779771,-0.07430033,-0.07838303,0.06125971
-1,-0.00041321,-0.07122506,0.05450468,-0.03840474,-0.04975383,-0.0644252,0.04591878,-0.10074702,0.03208689,0.08507896,-0.00279623,-0.0213346,0.04672717,0.00845144,0.05318859,0.00528717,-0.04422775,0.02173095
-1,-0.06662265,-0.0888921,-0.01743569,-0.01724884,0.0069923,0.02252964,0.0913199,-0.05808714,0.07119994,0.02136797,0.00132275,0.06642769,-0.00525418,0.04186319,0.02065961,-0.0027592,0.06064776,-0.0831959
-1,0.05550166,0.16256717,-0.07266745,-0.12753428,-0.09030874,-0.06569509,-0.18595737,0.07271695,-0.01130668,-0.17514994,0.05402478,-0.00687679,0.06618203,0.12130392,0.10499513,-0.06901431,0.09698933,-0.01442797
-1,0.02160323,0.03201565,0.01357297,-0.05459055,-0.03131984,-0.04253973,-0.03081062,0.02684018,-0.04130686,0.00468209,-0.05911409,0.0565007,0.04884502,0.00174812,0.04710066,-0.00271945,0.01968895,-0.03242776
-1,0.01695938,-0.05157772,-0.05655507,-0.09906255,-0.09194454,-0.02107178,0.00025972,0.04167332,0.02671945,-0.11153916,-0.0243036,0.04798934,0.08559655,-0.00328489,0.08694191,0.09341775,0.06681909,-0.11276032
-1,-0.06283032,-0.19659439,-0.01490781,-0.19317636,-0.14978621,-0.10011965,0.202663,0.07904753,0.09019081,-0.06465267,-0.11755946,0.08734019,0.23325448,0.07346431,0.10973802,-0.05960978,0.10125102,-0.14706265
-1,-0.0510797,-0.06447382,0.01040654,-0.12481924,-0.09370653,-0.01967676,0.05816647,-0.02249433,0.05708506,0.02015871,-0.04676054,0.01682571,0.09871,-0.00760053,0.11575089,0.01356947,0.01137356,-0.03649353
-1,-0.03341695,-0.09329,-0.01448977,-0.27523077,-0.2736683,-0.02293765,0.08796441,0.07560805,0.06381596,-0.05778487,-0.02048857,0.02857067,0.29229987,-0.0605382,0.26103124,0.03464236,0.23150589,-0.15373725
-1,-0.14747982,-0.09228621,0.00596886,0.01470379,-0.02959303,-0.04587394,0.07517745,-0.07859331,0.12483914,0.07217528,0.06797681,-0.0210213,0.09295116,0.03961557,-0.01212234,-0.06659669,0.10726757,-0.14057444
-1,-0.01819581,-0.00521805,-0.05297713,-0.10150307,-0.04229584,-0.01307392,-0.0064727,0.0296008,0.03280516,-0.00491381,-0.00056988,0.01809126,0.0590285,0.01868112,0.09310987,-0.04609317,-0.06866826,0.07558159
-1,-0.06693916,0.0347314,0.00237365,-0.13145468,-0.12260946,0.00088191,0.03428224,0.0024203,0.00962271,0.00075013,0.0817195,-0.07503229,0.10020051,-0.0428061,0.14962677,0.03063196,0.01711201,-0.05823541
-1,-0.01756094,-0.03723327,-0.09459186,-0.03394295,-0.08099044,-0.04483544,0.04377379,-0.03896713,0.02633835,0.06666883,0.00714615,-0.01789569,0.00891654,0.01953945,0.09004746,-0.03225727,0.01176151,0.03031048
-1,-0.09116881,-0.00942208,-0.13642723,-0.02282245,-0.01620978,-0.19177911,0.03349881,0.07299239,-0.00190365,0.00748308,0.02977693,-0.03675113,0.02996761,0.03803299,0.03189801,-0.12633663,0.01992766,-0.05199181
-1,-0.00316898,0.02974589,-0.00672895,-0.2196987,-0.15413779,0.0463011,-0.00836507,0.1103986,-0.03012256,-0.10061904,0.03940668,-0.05278292,0.13621986,0.05795798,0.19868745,-0.03950421,-0.06899212,0.08688278
-1,0.02238136,-0.05347767,0.01186151,-0.10602927,-0.03244062,-0.03756672,0.04990276,-0.09167319,-0.01428535,0.05801888,0.00048664,-0.00283204,0.09669267,0.0660832,0.01478381,-0.06578388,0.06920287,-0.00182118
-1,0.01586111,0.00078479,-0.02785486,-0.10441367,-0.10101533,0.01026922,-0.01712922,0.02266781,0.00855029,0.00340799,-0.07046734,0.07037648,0.11155086,0.0197029,0.07600101,0.02006588,0.00533054,0.00560696
-1,0.03067402,-0.10880844,-0.08394047,0.03769873,-0.01453292,-0.11999621,0.0543352,-0.03123683,0.04214021,0.01083776,-0.07287694,0.11549938,-0.00858564,0.03478828,0.00991141,0.00967542,0.0252499,-0.03355263
-1,-0.05644348,-0.02408796,0.1574146,-0.00848216,-0.01100113,0.06791809,0.05230267,-0.04441966,-0.00123513,-0.00682904,-0.01777404,-0.01632907,-0.00567214,0.03003041,0.05248153,-0.06657549,-0.10522643,0.07008181
-1,-0.07506248,-0.08696515,-0.01954905,-0.08529386,-0.08120244,0.03328178,0.09513399,-0.01976501,0.05810213,0.06925358,0.02794494,-0.03647291,0.12445424,0.01649669,0.09722005,-0.03321842,0.02315465,-0.04715654
-1,0.02028832,0.05524985,0.06247024,-0.07840233,-0.11648708,-0.02191548,-0.05276977,-0.03008731,-0.06699838,0.05215128,0.00783958,0.01029667,0.0811152,0.0238123,0.12118459,-0.0471374,0.05897007,-0.01572793
-1,-0.02426119,-0.00446787,-0.00471318,-0.16002124,-0.14047185,-0.02963621,0.02703511,-0.04306017,0.01518427,0.0456525,-0.00912747,-0.00153473,0.14281951,0.02390618,0.13794141,-0.01080248,0.0623492,-0.05270652
-1,-0.03335992,-0.00637629,0.04553485,-0.32005492,-0.2939547,0.07415445,0.02929541,0.01543493,-0.02381719,0.01509767,0.07511921,-0.04302563,0.31196935,0.0817558,0.31556692,-0.05749027,-0.06753219,0.04777624
-1,-0.1065253,-0.04338905,-0.02263556,0.05864403,0.04555403,0.00410105,0.06377478,0.04929499,0.09497482,-0.01664717,0.01678889,0.00811777,-0.03028352,-0.03352078,-0.05454512,0.04477576,-0.09275365,0.10505127
-1,-0.07545813,-0.06558695,0.0223306,-0.00216552,-0.02254029,0.04960936,0.05590305,-0.01379023,0.06974751,0.01490998,0.02936273,-0.01299891,0.01154317,-0.04246679,0.025868,0.00859393,-0.00888434,-0.01995138
-1,0.04352848,-0.00247331,-0.00499524,0.08400268,-0.01883186,-0.02459734,0.00851171,-0.0212435,-0.03274397,0.04668765,0.01565591,0.00051605,-0.09418196,0.02565072,0.00979862,-0.06679245,-0.06679925,0.12433757
