"Class","aac_pssm_0","aac_pssm_1","aac_pssm_2","aac_pssm_3","aac_pssm_4","aac_pssm_5","aac_pssm_6","aac_pssm_7","aac_pssm_8","aac_pssm_9","aac_pssm_10","aac_pssm_11","aac_pssm_12","aac_pssm_13","aac_pssm_14","aac_pssm_15","aac_pssm_16","aac_pssm_17","aac_pssm_18","aac_pssm_19"
1,-0.707037643208,-0.967266775777,-0.919803600655,-0.846153846154,-1.30769230769,-0.774140752864,-0.533551554828,-1.7937806874,-0.824877250409,-1.01800327332,-1.42880523732,-0.641571194763,-0.656301145663,-1.49427168576,-1.99181669394,-0.759410801964,-0.703764320786,-2.27495908347,-1.29950900164,-0.959083469722
1,-0.278422273782,-0.686774941995,-0.37819025522,-0.856148491879,-0.598607888631,-0.357308584687,-0.489559164733,-0.986078886311,-0.308584686775,-0.554524361949,-0.944315545244,-0.375870069606,-0.406032482599,-0.960556844548,-1.01160092807,-0.197215777262,-0.285382830626,-1.80974477958,-0.77030162413,-0.654292343387
1,-0.224561403509,-1.07368421053,-0.740350877193,-1.07368421053,-0.722807017544,-0.747368421053,-0.680701754386,-1.22456140351,-0.266666666667,-0.550877192982,-1.20701754386,-0.775438596491,-0.0736842105263,-1.13684210526,-1.7649122807,-0.8,-0.631578947368,-1.75789473684,-0.564912280702,-0.729824561404
1,-0.140845070423,-1.07042253521,-0.753521126761,-1.10915492958,-0.700704225352,-0.75,-0.714788732394,-1.30985915493,-0.288732394366,-0.545774647887,-1.13028169014,-0.753521126761,-0.0176056338028,-1.12676056338,-1.78873239437,-0.771126760563,-0.661971830986,-1.83098591549,-0.609154929577,-0.707746478873
1,-0.194539249147,-0.901023890785,-0.703071672355,-0.959044368601,-0.696245733788,-0.679180887372,-0.627986348123,-1.17064846416,-0.255972696246,-0.634812286689,-1.09215017065,-0.672354948805,0.037542662116,-1.02389078498,-1.57337883959,-0.788395904437,-0.617747440273,-1.80546075085,-0.607508532423,-0.675767918089
1,-0.443452380952,-0.553571428571,-0.464285714286,-0.833333333333,0.0386904761905,-0.636904761905,-0.928571428571,-0.970238095238,0.217261904762,-0.651785714286,-1.03869047619,-0.625,0.0327380952381,-0.860119047619,-0.9375,-0.333333333333,-0.416666666667,-1.40773809524,-0.467261904762,-0.714285714286
1,-0.387186629526,-0.562674094708,-0.601671309192,-0.8356545961,-0.200557103064,-0.660167130919,-0.894150417827,-1.04735376045,0.075208913649,-0.701949860724,-1.03064066852,-0.540389972145,0.0306406685237,-0.860724233983,-1.02506963788,-0.298050139276,-0.345403899721,-1.42896935933,-0.551532033426,-0.660167130919
1,-0.303278688525,-0.422131147541,-0.401639344262,-0.680327868852,-1.33401639344,-0.204918032787,-0.573770491803,-1.1618852459,0,-0.944672131148,-1.13114754098,-0.65368852459,-0.415983606557,-0.795081967213,-0.440573770492,-0.383196721311,-0.350409836066,-1.35450819672,-0.668032786885,-0.745901639344
1,-0.275247524752,-0.467326732673,-0.30495049505,-0.60198019802,-1.41188118812,-0.166336633663,-0.605940594059,-1.10495049505,-0.0514851485149,-1.03366336634,-1.25148514851,-0.633663366337,-0.623762376238,-0.920792079208,-0.479207920792,-0.344554455446,-0.340594059406,-1.60396039604,-0.817821782178,-0.786138613861
1,-0.0660377358491,-1.18867924528,-0.919811320755,-1.08490566038,-0.712264150943,-0.665094339623,-0.783018867925,-1.75943396226,-0.683962264151,-0.646226415094,-0.929245283019,-0.801886792453,-0.146226415094,-1.10377358491,-1.70283018868,-0.707547169811,-0.533018867925,-1.63679245283,-0.599056603774,-0.853773584906
1,-0.0744186046512,-1.21395348837,-0.953488372093,-0.962790697674,-0.86511627907,-0.697674418605,-0.813953488372,-1.65581395349,-0.809302325581,-0.590697674419,-0.986046511628,-0.786046511628,-0.353488372093,-1.12093023256,-1.60930232558,-0.739534883721,-0.688372093023,-1.78604651163,-0.623255813953,-0.716279069767
1,-0.357357357357,-1.13963963964,-0.747747747748,-1.07507507508,-0.854354354354,-0.885885885886,-0.918918918919,-1.1966966967,-0.531531531532,-0.732732732733,-1.07357357357,-0.836336336336,-0.489489489489,-1.06906906907,-1.42192192192,-0.621621621622,-0.677177177177,-1.62462462462,-0.765765765766,-0.896396396396
1,-0.34186746988,-1.0813253012,-0.689759036145,-1.09487951807,-0.917168674699,-0.90813253012,-0.914156626506,-1.19277108434,-0.525602409639,-0.718373493976,-1.07981927711,-0.831325301205,-0.498493975904,-1.05722891566,-1.46837349398,-0.579819277108,-0.682228915663,-1.66265060241,-0.793674698795,-0.914156626506
1,-0.317220543807,-1.08006042296,-0.728096676737,-1.06495468278,-0.867069486405,-0.916918429003,-0.90332326284,-1.17824773414,-0.577039274924,-0.796072507553,-1.09667673716,-0.880664652568,-0.454682779456,-1.13595166163,-1.47129909366,-0.574018126888,-0.699395770393,-1.6253776435,-0.783987915408,-0.898791540785
1,-0.467084639498,-0.877742946708,-0.71473354232,-1.11912225705,0.0815047021944,-0.777429467085,-0.924764890282,-1.11598746082,-0.228840125392,-0.470219435737,-1.01880877743,-0.921630094044,0.0846394984326,-0.940438871473,-1.75548589342,-0.561128526646,-0.617554858934,-1.37931034483,-0.545454545455,-0.567398119122
1,-0.431472081218,-0.967005076142,-0.682741116751,-0.88578680203,-0.928934010152,-0.758883248731,-0.700507614213,-1.26903553299,-0.728426395939,-0.654822335025,-0.901015228426,-0.517766497462,-0.357868020305,-0.931472081218,-1.53553299492,-0.48730964467,-0.616751269036,-2.10659898477,-0.921319796954,-0.657360406091
1,-0.479797979798,-0.949494949495,-0.704545454545,-0.90404040404,-0.878787878788,-0.777777777778,-0.689393939394,-1.26767676768,-0.671717171717,-0.659090909091,-0.888888888889,-0.525252525253,-0.409090909091,-1.01515151515,-1.44444444444,-0.510101010101,-0.651515151515,-2.01262626263,-0.873737373737,-0.651515151515
1,-0.482412060302,-0.904522613065,-0.761306532663,-0.917085427136,-0.962311557789,-0.829145728643,-0.70351758794,-1.35175879397,-0.748743718593,-0.653266331658,-0.849246231156,-0.477386934673,-0.452261306533,-0.924623115578,-1.42462311558,-0.507537688442,-0.645728643216,-2.07537688442,-0.829145728643,-0.613065326633
1,-0.367483296214,-0.832962138085,-0.265033407572,-0.654788418708,-0.766146993318,-0.547884187082,-0.552338530067,-1.25389755011,-0.138084632517,-0.594654788419,-0.783964365256,-0.636971046771,-0.307349665924,-0.507795100223,-1.28953229399,-0.552338530067,-0.58574610245,-1.10690423163,-0.518930957684,-0.832962138085
1,-0.576470588235,-0.986274509804,-0.53137254902,-0.919607843137,-1.54901960784,-0.850980392157,-0.8,-1.18823529412,-0.576470588235,-0.796078431373,-1.17058823529,-0.635294117647,-0.498039215686,-1.12941176471,-1.24117647059,-0.61568627451,-0.564705882353,-1.81176470588,-0.723529411765,-0.954901960784
1,-1.02727272727,-2.32727272727,-2.67727272727,-2.31363636364,-3.30909090909,-2.45454545455,-2.00454545455,-3.24545454545,-2.08636363636,-1.92272727273,-2.03181818182,-2.13181818182,-1.90454545455,-2.7,-3.67272727273,-2.20454545455,-2.05909090909,-4.01363636364,-2.76818181818,-1.95
1,-0.348888888889,-0.844444444444,-0.351111111111,-0.748888888889,-0.802222222222,-0.591111111111,-0.575555555556,-1.29555555556,-0.226666666667,-0.546666666667,-0.742222222222,-0.633333333333,-0.284444444444,-0.422222222222,-1.42888888889,-0.553333333333,-0.622222222222,-1.14222222222,-0.54,-0.831111111111
1,-0.393333333333,-0.917777777778,-0.297777777778,-0.684444444444,-0.842222222222,-0.6,-0.577777777778,-1.34,-0.215555555556,-0.533333333333,-0.737777777778,-0.684444444444,-0.331111111111,-0.404444444444,-1.52666666667,-0.56,-0.584444444444,-1.11111111111,-0.553333333333,-0.846666666667
1,-0.378486055777,-1.18326693227,-0.820717131474,-1.24302788845,-0.466135458167,-0.816733067729,-0.932270916335,-1.31474103586,-0.776892430279,-0.617529880478,-1.05179282869,-0.824701195219,-0.386454183267,-0.924302788845,-1.52589641434,-0.621513944223,-0.661354581673,-1.46613545817,-0.876494023904,-0.888446215139
1,-0.395256916996,-1.24505928854,-0.798418972332,-1.05533596838,-0.620553359684,-0.806324110672,-0.810276679842,-1.28063241107,-0.798418972332,-0.652173913043,-1.06324110672,-0.841897233202,-0.521739130435,-0.948616600791,-1.42687747036,-0.577075098814,-0.735177865613,-1.65612648221,-0.913043478261,-0.833992094862
1,-0.34126984127,-1.25396825397,-0.781746031746,-1.15079365079,-0.615079365079,-0.769841269841,-0.853174603175,-1.36111111111,-0.876984126984,-0.623015873016,-1.04365079365,-0.821428571429,-0.47619047619,-0.996031746032,-1.51984126984,-0.56746031746,-0.718253968254,-1.64285714286,-0.972222222222,-0.84126984127
1,-0.232517482517,-1.03321678322,-1.75699300699,-1.46853146853,-1.92132867133,-0.966783216783,-0.921328671329,-1.94055944056,-1.24475524476,-1.02272727273,-1.07867132867,-1.37237762238,-0.776223776224,-1.81468531469,-2.25174825175,-1.02797202797,-1.11188811189,-2.65734265734,-1.81118881119,-1.06293706294
1,-0.171328671329,-0.994755244755,-1.6993006993,-1.43356643357,-1.80594405594,-0.907342657343,-0.870629370629,-1.88286713287,-1.12237762238,-0.994755244755,-1.0541958042,-1.33041958042,-0.756993006993,-1.7465034965,-2.15734265734,-0.982517482517,-1.03146853147,-2.52097902098,-1.6993006993,-1.0472027972
1,-0.19410745234,-0.968804159445,-1.72963604853,-1.46100519931,-1.80242634315,-0.899480069324,-0.875216637782,-1.87348353553,-1.16117850953,-1.00693240901,-0.989601386482,-1.33448873484,-0.681109185442,-1.75389948007,-2.15424610052,-1.02079722704,-1.0554592721,-2.58752166378,-1.70190641248,-1.00693240901
1,-0.240540540541,-0.575675675676,-0.908108108108,-0.797297297297,-0.889189189189,-0.372972972973,-0.4,-1.33783783784,-0.0378378378378,-1.00540540541,-1.12972972973,-0.737837837838,-0.0702702702703,-0.932432432432,-1.08648648649,-0.681081081081,-0.581081081081,-1.03513513514,-0.667567567568,-0.902702702703
1,-0.273846153846,-1.42461538462,-1.47076923077,-1.63692307692,-0.953846153846,-1.36923076923,-1.45230769231,-1.4,-0.833846153846,-0.873846153846,-1.17538461538,-1.65538461538,-0.252307692308,-1.18153846154,-1.86153846154,-1.03384615385,-0.873846153846,-2.05538461538,-0.975384615385,-0.781538461538
1,-0.479069767442,-2.03953488372,-2.15581395349,-2.15348837209,-3.49069767442,-1.71627906977,-1.54651162791,-2.2488372093,-2.37209302326,-1.64651162791,-2.03953488372,-1.69534883721,-1.64418604651,-2.96046511628,-2.13023255814,-1.28372093023,-1.1,-4.2023255814,-3.07441860465,-1.0023255814
1,-0.330882352941,-1.83639705882,-2.09558823529,-1.94852941176,-3.34926470588,-1.56801470588,-1.31801470588,-2.01654411765,-2.18382352941,-1.54227941176,-1.97610294118,-1.60661764706,-1.55698529412,-2.90073529412,-1.82536764706,-1.20772058824,-0.987132352941,-3.93014705882,-2.90073529412,-0.860294117647
1,-0.5,-2.09302325581,-2.22093023256,-2.2511627907,-3.50697674419,-1.7976744186,-1.61395348837,-2.30930232558,-2.39069767442,-1.67674418605,-2.06976744186,-1.75813953488,-1.67441860465,-3.03488372093,-2.27209302326,-1.32790697674,-1.1023255814,-4.24651162791,-3.15581395349,-0.995348837209
1,-0.959574468085,-2.64042553191,-2.71276595745,-2.9914893617,-3.69361702128,-2.60425531915,-2.44042553191,-2.62340425532,-2.45106382979,-2.04042553191,-2.44468085106,-2.46382978723,-2.10638297872,-3.11489361702,-3.87446808511,-1.91489361702,-1.70638297872,-4.56808510638,-3.1,-1.62553191489
1,-0.940042826552,-2.6295503212,-2.69593147752,-2.94860813704,-3.68308351178,-2.58458244111,-2.40042826552,-2.58672376874,-2.43040685225,-2.03854389722,-2.44111349036,-2.426124197,-2.09850107066,-3.08565310493,-3.87152034261,-1.89935760171,-1.73233404711,-4.53961456103,-3.10064239829,-1.61456102784
1,-0.929487179487,-2.59401709402,-2.66025641026,-2.95512820513,-3.62179487179,-2.57051282051,-2.39102564103,-2.54487179487,-2.37820512821,-2.00427350427,-2.37820512821,-2.39316239316,-2.05982905983,-3.03205128205,-3.8141025641,-1.83974358974,-1.6858974359,-4.48931623932,-3.03205128205,-1.60042735043
1,-0.490598290598,-0.822222222222,-0.839316239316,-1.00854700855,-0.415384615385,-0.912820512821,-0.866666666667,-1.41709401709,-0.524786324786,-0.475213675214,-1.10769230769,-0.726495726496,-0.126495726496,-1.10256410256,-1.41709401709,-0.536752136752,-0.48547008547,-1.67863247863,-0.923076923077,-0.596581196581
1,-0.473504273504,-0.854700854701,-0.888888888889,-1.01709401709,-0.478632478632,-0.928205128205,-0.868376068376,-1.33675213675,-0.591452991453,-0.42905982906,-1.05641025641,-0.769230769231,-0.17264957265,-1.05641025641,-1.44615384615,-0.524786324786,-0.507692307692,-1.7811965812,-0.986324786325,-0.574358974359
1,-0.628,-0.882,-0.936,-1.276,-0.296,-0.982,-1.03,-1.576,-0.532,-0.62,-1.094,-0.882,-0.118,-1.148,-1.774,-0.65,-0.532,-1.734,-1.08,-0.716
1,-0.532038834951,-2.35922330097,-2.64077669903,-2.72427184466,-3.17669902913,-2.10873786408,-2.27961165049,-2.43300970874,-2.45825242718,-2.21747572816,-2.29902912621,-2.54563106796,-2.07184466019,-2.97087378641,-3.17281553398,-1.67572815534,-1.54174757282,-4.00970873786,-3.07572815534,-1.66213592233
1,-0.272289156627,-0.725301204819,-0.477108433735,-0.95421686747,-0.530120481928,-0.46265060241,-0.672289156627,-1.31325301205,-0.0915662650602,-0.604819277108,-0.867469879518,-0.696385542169,-0.168674698795,-0.669879518072,-1.0265060241,-0.486746987952,-0.481927710843,-1.16626506024,-0.457831325301,-0.761445783133
1,-0.271186440678,-0.641646489104,-0.498789346247,-0.888619854722,-0.493946731235,-0.406779661017,-0.668280871671,-1.21549636804,-0.130750605327,-0.55205811138,-0.857142857143,-0.675544794189,-0.133171912833,-0.624697336562,-1.06537530266,-0.467312348668,-0.530266343826,-1.17191283293,-0.418886198547,-0.716707021792
1,-0.547297297297,-0.768018018018,-0.984234234234,-0.988738738739,-0.581081081081,-0.867117117117,-0.939189189189,-1.52477477477,0.018018018018,-1.04954954955,-1.08558558559,-1.27702702703,-0.177927927928,-0.869369369369,-1.5518018018,-0.806306306306,-0.68018018018,-0.986486486486,-0.707207207207,-1.03828828829
1,-0.47972972973,-0.747747747748,-0.959459459459,-0.873873873874,-0.488738738739,-0.828828828829,-0.858108108108,-1.43018018018,-0.0788288288288,-0.936936936937,-1.02477477477,-1.22522522523,-0.0720720720721,-0.763513513514,-1.35135135135,-0.786036036036,-0.70045045045,-0.891891891892,-0.644144144144,-1.01801801802
1,-0.464720194647,-0.554744525547,-0.839416058394,-0.727493917275,-1.38929440389,-0.74695863747,-0.481751824818,-1.33090024331,-0.496350364964,-0.815085158151,-0.936739659367,-0.902676399027,-0.537712895377,-0.985401459854,-1.05352798054,-0.732360097324,-0.681265206813,-1.58150851582,-0.849148418491,-0.76399026764
1,-0.438805970149,-0.585074626866,-0.761194029851,-0.874626865672,-0.594029850746,-0.555223880597,-0.710447761194,-1.34328358209,0.0567164179104,-0.677611940299,-0.8,-0.707462686567,0.131343283582,-0.692537313433,-1.17611940299,-0.510447761194,-0.573134328358,-0.994029850746,-0.546268656716,-0.764179104478
1,-0.394658753709,-0.617210682493,-0.783382789318,-0.93471810089,-0.661721068249,-0.581602373887,-0.780415430267,-1.29080118694,-0.0771513353116,-0.632047477745,-0.816023738872,-0.741839762611,0.0741839762611,-0.679525222552,-1.14243323442,-0.525222551929,-0.560830860534,-1.10385756677,-0.572700296736,-0.768545994065
1,-0.255458515284,-0.331877729258,-0.637554585153,-0.626637554585,-0.576419213974,-0.382096069869,-0.375545851528,-1.0327510917,0.0917030567686,-0.626637554585,-0.956331877729,-0.548034934498,-0.0152838427948,-0.796943231441,-1.1615720524,-0.430131004367,-0.443231441048,-1.2576419214,-0.456331877729,-0.639737991266
1,-0.24154589372,-0.429951690821,-0.731884057971,-0.782608695652,-0.429951690821,-0.531400966184,-0.562801932367,-1.03140096618,0.0869565217391,-0.62077294686,-0.966183574879,-0.712560386473,-0.0531400966184,-0.760869565217,-1.23188405797,-0.550724637681,-0.413043478261,-1.22463768116,-0.449275362319,-0.570048309179
1,-0.5,-0.738839285714,-1.04241071429,-0.933035714286,-0.589285714286,-0.870535714286,-0.883928571429,-1.48660714286,-0.0379464285714,-1.03571428571,-1.02901785714,-1.28125,-0.234375,-0.868303571429,-1.52455357143,-0.825892857143,-0.651785714286,-1.04910714286,-0.841517857143,-1.04910714286
1,-0.225446428571,-0.363839285714,-0.5625,-0.604910714286,-0.352678571429,-0.314732142857,-0.375,-1.04241071429,0.127232142857,-0.613839285714,-0.966517857143,-0.464285714286,0.0803571428571,-0.819196428571,-1.13616071429,-0.459821428571,-0.348214285714,-1.234375,-0.455357142857,-0.582589285714
1,-0.42345276873,-0.954397394137,-1.30944625407,-1.41368078176,-0.899022801303,-1.2345276873,-1.17915309446,-1.332247557,-0.374592833876,-1.00977198697,-1.29641693811,-1.21172638436,-0.534201954397,-1.42996742671,-1.57328990228,-0.85993485342,-0.827361563518,-1.62214983713,-1.01302931596,-0.944625407166
1,-0.428571428571,-1.17857142857,-1.51948051948,-1.57142857143,-1.03246753247,-1.58766233766,-1.4025974026,-1.4512987013,-0.717532467532,-1.1461038961,-1.48051948052,-1.49350649351,-0.766233766234,-1.72402597403,-1.80519480519,-0.993506493506,-1.00324675325,-1.94480519481,-1.22077922078,-1.0487012987
1,-0.276595744681,-0.755319148936,-0.734042553191,-0.845744680851,-0.702127659574,-0.688829787234,-0.686170212766,-1.07712765957,-0.327127659574,-0.686170212766,-1.0079787234,-0.752659574468,-0.284574468085,-0.984042553191,-1.02925531915,-0.61170212766,-0.518617021277,-1.86968085106,-0.768617021277,-0.686170212766
1,-0.267904509284,-0.721485411141,-0.724137931034,-0.936339522546,-0.750663129973,-0.588859416446,-0.716180371353,-1.05305039788,-0.305039787798,-0.679045092838,-0.896551724138,-0.681697612732,-0.318302387268,-0.978779840849,-1.02917771883,-0.570291777188,-0.564986737401,-1.81962864721,-0.793103448276,-0.652519893899
1,-0.349462365591,-0.766129032258,-0.801075268817,-0.951612903226,-0.629032258065,-0.720430107527,-0.80376344086,-1.15591397849,-0.231182795699,-0.540322580645,-0.884408602151,-0.774193548387,-0.201612903226,-0.927419354839,-0.989247311828,-0.682795698925,-0.572580645161,-1.80913978495,-0.685483870968,-0.639784946237
1,-0.314207650273,-0.489071038251,-0.98087431694,-0.969945355191,-0.756830601093,-0.658469945355,-0.748633879781,-1.1174863388,-0.20218579235,-0.729508196721,-1.03005464481,-0.786885245902,-0.122950819672,-1.02732240437,-1.46174863388,-0.622950819672,-0.560109289617,-1.43989071038,-0.83606557377,-0.715846994536
1,-0.396166134185,-0.936102236422,-0.610223642173,-1.0447284345,-0.143769968051,-0.597444089457,-0.840255591054,-1.23322683706,-0.373801916933,-0.437699680511,-0.996805111821,-0.769968051118,-0.0319488817891,-1.03514376997,-1.47923322684,-0.568690095847,-0.511182108626,-1.53674121406,-0.785942492013,-0.55910543131
1,-0.393292682927,-0.911585365854,-0.643292682927,-1.00914634146,-0.164634146341,-0.59756097561,-0.756097560976,-1.16463414634,-0.44512195122,-0.442073170732,-1.06402439024,-0.728658536585,-0.100609756098,-1.16463414634,-1.43597560976,-0.533536585366,-0.481707317073,-1.60365853659,-0.829268292683,-0.560975609756
1,-0.169590643275,-0.900584795322,-0.997076023392,-0.96783625731,-2.10526315789,-0.672514619883,-0.576023391813,-1.18421052632,-1.11988304094,-1.14035087719,-1.17251461988,-0.657894736842,-0.722222222222,-1.50292397661,-1.67543859649,-0.567251461988,-0.690058479532,-2.30116959064,-1.16081871345,-0.929824561404
1,-0.978260869565,-1.38043478261,-2.17391304348,-2.8152173913,-3.66304347826,-1.75,-1.80434782609,-3.04347826087,-2.46739130435,-1.60869565217,-2.27173913043,-0.369565217391,-1.69565217391,-2.8152173913,-3.65217391304,-1.51086956522,-1.14130434783,-4.51086956522,-3.09782608696,-1.19565217391
1,-1.05494505495,-1.46153846154,-2.35164835165,-2.96703296703,-3.58241758242,-1.78021978022,-1.81318681319,-3.16483516484,-2.45054945055,-1.6043956044,-2.18681318681,-0.549450549451,-1.63736263736,-2.74725274725,-3.68131868132,-1.54945054945,-1.05494505495,-4.52747252747,-3.07692307692,-1.18681318681
1,-2.28965517241,-2.63448275862,-2.21379310345,-2.48965517241,-3.38620689655,-2.71034482759,-2.6275862069,-2.71724137931,-2.57931034483,-2.71724137931,-3.14482758621,-2.08965517241,-2.73793103448,-2.80689655172,-3.61379310345,-2.2,-1.74482758621,-4.70344827586,-3.3724137931,-2.54482758621
1,-0.764150943396,-1.40566037736,-0.926886792453,-0.707547169811,-3.45047169811,-0.52358490566,0.23820754717,-2.55424528302,-1.76179245283,-1.20047169811,-1.47405660377,0.0188679245283,-0.943396226415,-1.82075471698,-2.56603773585,-1.14622641509,-1.0141509434,-3.53066037736,-1.29952830189,-0.983490566038
1,-0.748235294118,-1.44470588235,-1.01411764706,-0.797647058824,-3.60941176471,-0.590588235294,0.216470588235,-2.61411764706,-1.84705882353,-1.24705882353,-1.57647058824,-0.0117647058824,-1.02352941176,-1.94823529412,-2.69176470588,-1.19294117647,-1.06117647059,-3.68705882353,-1.44705882353,-1.01176470588
1,-0.709601873536,-1.30679156909,-0.882903981265,-0.71662763466,-3.46604215457,-0.473067915691,0.292740046838,-2.49882903981,-1.69555035129,-1.09601873536,-1.48477751756,0.147540983607,-0.934426229508,-1.72833723653,-2.5737704918,-1.13348946136,-0.969555035129,-3.51990632319,-1.35831381733,-0.96018735363
1,-0.494964028777,-0.748201438849,-0.876258992806,-0.85035971223,-0.943884892086,-0.679136690647,-0.505035971223,-1.31654676259,-0.329496402878,-0.843165467626,-1.22302158273,-0.792805755396,-0.251798561151,-1.08633093525,-1.37553956835,-0.610071942446,-0.510791366906,-2.01007194245,-1.03597122302,-0.726618705036
1,-0.513708513709,-0.698412698413,-0.881673881674,-0.911976911977,-1.02308802309,-0.614718614719,-0.565656565657,-1.2683982684,-0.333333333333,-0.799422799423,-1.20634920635,-0.81240981241,-0.262626262626,-1.11688311688,-1.41991341991,-0.611832611833,-0.483405483405,-2.01443001443,-1.01875901876,-0.734487734488
1,-0.500721500722,-0.767676767677,-0.935064935065,-0.919191919192,-0.949494949495,-0.670995670996,-0.590187590188,-1.32611832612,-0.380952380952,-0.761904761905,-1.21067821068,-0.852813852814,-0.313131313131,-1.10245310245,-1.39682539683,-0.613275613276,-0.494949494949,-1.99134199134,-1.10245310245,-0.712842712843
1,-0.159322033898,-0.833898305085,-0.48813559322,-0.691525423729,-1.23389830508,-0.342372881356,-0.230508474576,-1.23389830508,-0.850847457627,-0.745762711864,-1.12881355932,-0.213559322034,-0.396610169492,-1.45084745763,-1.34576271186,-0.366101694915,-0.576271186441,-2.62711864407,-1.28474576271,-0.593220338983
1,-0.214285714286,-0.840136054422,-0.574829931973,-0.687074829932,-1.2925170068,-0.41156462585,-0.258503401361,-1.24149659864,-0.972789115646,-0.768707482993,-1.1156462585,-0.251700680272,-0.401360544218,-1.39455782313,-1.46598639456,-0.367346938776,-0.605442176871,-2.48979591837,-1.29591836735,-0.58843537415
1,-0.22866894198,-0.860068259386,-0.563139931741,-0.750853242321,-1.21501706485,-0.279863481229,-0.194539249147,-1.2662116041,-0.78156996587,-0.740614334471,-1.06825938567,-0.225255972696,-0.303754266212,-1.32764505119,-1.41979522184,-0.365187713311,-0.566552901024,-2.43003412969,-1.23549488055,-0.62457337884
1,-0.0953757225434,-0.777456647399,-0.531791907514,-0.705202312139,-1.31213872832,-0.170520231214,-0.21098265896,-1.26011560694,-0.895953757225,-0.748554913295,-1.05202312139,-0.14450867052,-0.306358381503,-1.37572254335,-1.39595375723,-0.352601156069,-0.554913294798,-2.59248554913,-1.32658959538,-0.578034682081
1,-1.04395604396,-1.49450549451,-2.20879120879,-2.91208791209,-3.65934065934,-1.81318681319,-1.82417582418,-3.10989010989,-2.48351648352,-1.59340659341,-2.20879120879,-0.549450549451,-1.65934065934,-2.82417582418,-3.7032967033,-1.53846153846,-1.06593406593,-4.63736263736,-3.05494505495,-1.21978021978
1,-0.776381909548,-1.2864321608,-1.66834170854,-1.68341708543,-1.66331658291,-1.45477386935,-1.33417085427,-1.84924623116,-1.4824120603,-0.811557788945,-1.36432160804,-1.21608040201,-1.05527638191,-1.88190954774,-2.18592964824,-1.11809045226,-0.776381909548,-3.10050251256,-2.05025125628,-0.746231155779
1,-1.03191489362,-1.52127659574,-1.47872340426,-1.36170212766,-2.3085106383,-1.10638297872,-0.968085106383,-1.8085106383,-1.41489361702,-0.925531914894,-1.32978723404,-0.851063829787,-0.531914893617,-1.94680851064,-1.74468085106,-1.15957446809,-1.06382978723,-2.89361702128,-1.63829787234,-0.585106382979
1,-1.01063829787,-1.37234042553,-1.44680851064,-1.40425531915,-2.34042553191,-0.925531914894,-0.904255319149,-1.86170212766,-1.28723404255,-0.978723404255,-1.34042553191,-0.755319148936,-0.670212765957,-2.04255319149,-1.75531914894,-1.21276595745,-1.06382978723,-2.6914893617,-1.67021276596,-0.691489361702
1,-1.09375,-1.51041666667,-1.58333333333,-1.35416666667,-2.36458333333,-1.13541666667,-0.875,-1.82291666667,-1.47916666667,-1.03125,-1.36458333333,-0.802083333333,-0.895833333333,-2.125,-1.86458333333,-1.09375,-1.04166666667,-3.01041666667,-1.75,-0.625
1,-0.375464684015,-0.631970260223,-0.366171003717,-0.594795539033,-0.185873605948,-0.412639405204,-0.451672862454,-1.02044609665,-0.230483271375,-0.2156133829,-0.873605947955,-0.306691449814,0.206319702602,-0.96282527881,-1.31226765799,-0.444237918216,-0.353159851301,-1.60223048327,-0.697026022305,-0.418215613383
1,-0.303867403315,-0.524861878453,-0.381215469613,-0.709023941068,-0.206261510129,-0.395948434622,-0.48802946593,-0.933701657459,-0.300184162063,-0.232044198895,-0.867403314917,-0.274401473297,0.195211786372,-0.963167587477,-1.25598526703,-0.41620626151,-0.359116022099,-1.55064456722,-0.78453038674,-0.342541436464
1,-0.389880952381,-0.60119047619,-0.559523809524,-0.877976190476,-0.14880952381,-0.675595238095,-0.949404761905,-0.979166666667,0.0654761904762,-0.657738095238,-1.03869047619,-0.639880952381,-0.0446428571429,-0.889880952381,-1.00595238095,-0.348214285714,-0.416666666667,-1.39583333333,-0.443452380952,-0.574404761905
1,-0.740983606557,-0.92131147541,-0.968852459016,-0.859016393443,-1.43278688525,-0.793442622951,-0.427868852459,-1.89016393443,-0.926229508197,-1.0131147541,-1.4393442623,-0.57868852459,-0.706557377049,-1.47213114754,-2.03278688525,-0.785245901639,-0.718032786885,-2.33606557377,-1.27704918033,-0.985245901639
1,-0.596153846154,-1,-0.495192307692,-0.975961538462,-0.879807692308,-0.456730769231,-0.759615384615,-1.52884615385,-0.0961538461538,-0.961538461538,-1.00480769231,-0.711538461538,-0.355769230769,-0.682692307692,-1.51923076923,-0.735576923077,-0.6875,-1.06730769231,-0.264423076923,-0.966346153846
1,-0.60396039604,-0.905940594059,-0.440594059406,-0.960396039604,-0.925742574257,-0.445544554455,-0.722772277228,-1.4900990099,-0.0891089108911,-1.01485148515,-0.970297029703,-0.707920792079,-0.252475247525,-0.663366336634,-1.55940594059,-0.777227722772,-0.79702970297,-0.99504950495,-0.193069306931,-1.05445544554
1,-0.628140703518,-0.939698492462,-0.542713567839,-0.964824120603,-1.01507537688,-0.477386934673,-0.824120603015,-1.49246231156,-0.140703517588,-1.01507537688,-1.07537688442,-0.763819095477,-0.226130653266,-0.678391959799,-1.64824120603,-0.773869346734,-0.778894472362,-0.994974874372,-0.316582914573,-1.08542713568
1,-1.5303030303,-1.37878787879,-1.9696969697,-1.84848484848,-2.95454545455,-1.95454545455,-1.51515151515,-2.30303030303,-2,-2.12121212121,-2.63636363636,-1.34848484848,-1.90909090909,-2.30303030303,-3.01515151515,-1.60606060606,-1.5,-3.75757575758,-2.59090909091,-1.25757575758
1,-0.0246153846154,-0.972307692308,-1.02461538462,-1.01846153846,-0.267692307692,-0.756923076923,-0.769230769231,-1.06153846154,-0.633846153846,-0.689230769231,-1.11692307692,-0.969230769231,-0.310769230769,-1.25846153846,-1.22461538462,-0.636923076923,-0.501538461538,-1.45846153846,-1.09230769231,-0.516923076923
1,-0.0949367088608,-1.07172995781,-1.19831223629,-1.34599156118,-1.33122362869,-0.991561181435,-1.12869198312,-1.21308016878,-0.947257383966,-1.12658227848,-1.11181434599,-1.1223628692,-0.37552742616,-1.37552742616,-1.85021097046,-0.732067510549,-0.814345991561,-2.14135021097,-1.36286919831,-0.888185654008
1,-0.914772727273,-2.69034090909,-3.04261363636,-2.91193181818,-2.80113636364,-2.65909090909,-2.69886363636,-2.5,-2.46875,-2.0625,-2.41193181818,-2.75568181818,-1.91477272727,-3.05397727273,-3.37215909091,-2.1875,-1.82670454545,-4.31534090909,-3.25,-1.37784090909
1,-0.372146118721,-0.723744292237,-0.506849315068,-0.84703196347,-0.650684931507,-0.442922374429,-0.509132420091,-1.0502283105,-0.431506849315,-0.63698630137,-0.949771689498,-0.406392694064,-0.48401826484,-0.986301369863,-1.1598173516,-0.25799086758,-0.408675799087,-1.93150684932,-0.931506849315,-0.735159817352
1,-0.35831381733,-0.725995316159,-0.512880562061,-0.892271662763,-0.627634660422,-0.48243559719,-0.59718969555,-1.07494145199,-0.334894613583,-0.611241217799,-0.934426229508,-0.484777517564,-0.381733021077,-0.943793911007,-1.16861826698,-0.302107728337,-0.451990632319,-1.7681498829,-0.817330210773,-0.690866510539
1,-0.321266968326,-0.690045248869,-0.425339366516,-0.859728506787,-0.66742081448,-0.441176470588,-0.481900452489,-1.03167420814,-0.427601809955,-0.635746606335,-0.934389140271,-0.407239819005,-0.382352941176,-0.941176470588,-1.11538461538,-0.269230769231,-0.350678733032,-1.77375565611,-0.834841628959,-0.676470588235
1,-0.127906976744,-0.924418604651,-0.622093023256,-0.78488372093,-0.877906976744,-0.636627906977,-0.505813953488,-1.06104651163,-0.40988372093,-0.619186046512,-0.988372093023,-0.566860465116,-0.171511627907,-1.03488372093,-1.41860465116,-0.683139534884,-0.604651162791,-1.72965116279,-0.662790697674,-0.622093023256
1,-0.131313131313,-0.821548821549,-0.754208754209,-0.895622895623,-1.29966329966,-0.535353535354,-0.592592592593,-1.27272727273,-1.08080808081,-1.11111111111,-1.04377104377,-0.464646464646,-0.757575757576,-1.61952861953,-1.3164983165,-0.346801346801,-0.380471380471,-2.41077441077,-1.25925925926,-0.89898989899
1,-0.191637630662,-0.937282229965,-0.742160278746,-1.08013937282,-0.738675958188,-0.682926829268,-0.634146341463,-1.23344947735,-0.428571428571,-0.634146341463,-1.14634146341,-0.686411149826,-0.156794425087,-1.01045296167,-1.58885017422,-0.797909407666,-0.634146341463,-2.0243902439,-0.567944250871,-0.731707317073
1,-0.204697986577,-0.96644295302,-0.657718120805,-0.946308724832,-0.744966442953,-0.634228187919,-0.587248322148,-1.20134228188,-0.261744966443,-0.577181208054,-1.05369127517,-0.647651006711,-0.0369127516779,-0.959731543624,-1.52013422819,-0.802013422819,-0.58389261745,-1.73489932886,-0.614093959732,-0.667785234899
1,-0.338235294118,-0.617647058824,-0.470588235294,-0.841176470588,0.0705882352941,-0.641176470588,-0.905882352941,-0.935294117647,0.0823529411765,-0.594117647059,-0.991176470588,-0.702941176471,-0.0764705882353,-0.826470588235,-1.00588235294,-0.329411764706,-0.282352941176,-1.51176470588,-0.558823529412,-0.547058823529
1,-0.4,-0.670588235294,-0.464705882353,-0.817647058824,-0.0529411764706,-0.694117647059,-0.976470588235,-0.988235294118,0.00588235294118,-0.602941176471,-1.00294117647,-0.702941176471,-0.00882352941176,-0.814705882353,-1.10588235294,-0.373529411765,-0.276470588235,-1.31764705882,-0.482352941176,-0.582352941176
1,-0.382789317507,-0.60237388724,-0.569732937685,-0.878338278932,0.0326409495549,-0.655786350148,-0.928783382789,-1.05637982196,0.121661721068,-0.59940652819,-1.0178041543,-0.626112759644,0.00593471810089,-0.896142433234,-1.01483679525,-0.379821958457,-0.39762611276,-1.39762611276,-0.513353115727,-0.596439169139
1,-0.185135135135,-0.724324324324,-0.57027027027,-0.409459459459,-1.51621621622,-0.55,-0.512162162162,-0.741891891892,-0.718918918919,-1.15,-1.07702702703,-0.501351351351,-0.72027027027,-1.02297297297,-0.541891891892,-0.340540540541,-0.397297297297,-1.4027027027,-0.921621621622,-0.889189189189
1,-0.148395721925,-0.645721925134,-0.5,-0.431818181818,-1.39438502674,-0.474598930481,-0.58422459893,-0.709893048128,-0.685828877005,-1.14304812834,-1.04946524064,-0.548128342246,-0.681818181818,-1.00401069519,-0.513368983957,-0.25935828877,-0.351604278075,-1.41978609626,-0.929144385027,-0.818181818182
1,-0.334770114943,-1.01293103448,-0.724137931034,-1.03017241379,-1.00718390805,-0.85775862069,-0.841954022989,-1.12212643678,-0.502873563218,-0.71408045977,-1.02586206897,-0.777298850575,-0.488505747126,-1.0933908046,-1.40517241379,-0.537356321839,-0.640804597701,-1.6882183908,-0.837643678161,-0.873563218391
1,-0.473529411765,-0.688235294118,-0.561764705882,-0.979411764706,-0.176470588235,-0.738235294118,-0.782352941176,-1.01764705882,-0.147058823529,-0.517647058824,-1.04117647059,-0.764705882353,0.00882352941176,-0.944117647059,-1.59705882353,-0.538235294118,-0.594117647059,-1.46176470588,-0.588235294118,-0.635294117647
1,-0.445,-0.95,-0.7475,-0.8775,-0.8925,-0.865,-0.6775,-1.2975,-0.735,-0.6,-0.9025,-0.495,-0.39,-0.9125,-1.3725,-0.485,-0.6225,-2.0325,-0.89,-0.6075
1,-1.00429184549,-1.17596566524,-1.58798283262,-1.65236051502,-2.18454935622,-1.38626609442,-1.29613733906,-2.28326180258,-0.918454935622,-1.42489270386,-1.57510729614,-1.56652360515,-1.34334763948,-2.0686695279,-2.48497854077,-1.51072961373,-1.32188841202,-2.13733905579,-1.7982832618,-1.65236051502
1,-0.393333333333,-0.933333333333,-0.342222222222,-0.686666666667,-0.868888888889,-0.546666666667,-0.544444444444,-1.28666666667,-0.186666666667,-0.553333333333,-0.753333333333,-0.684444444444,-0.326666666667,-0.375555555556,-1.35555555556,-0.522222222222,-0.58,-1.16444444444,-0.544444444444,-0.846666666667
1,-0.456349206349,-1.40476190476,-0.722222222222,-1.15079365079,-0.492063492063,-0.809523809524,-0.90873015873,-1.34920634921,-0.718253968254,-0.642857142857,-1.09920634921,-0.861111111111,-0.559523809524,-0.936507936508,-1.55952380952,-0.646825396825,-0.753968253968,-1.79761904762,-0.956349206349,-0.777777777778
1,-0.423645320197,-2,-2.23645320197,-2.15763546798,-3.54679802956,-1.69458128079,-1.55665024631,-2.30049261084,-2.31280788177,-1.65763546798,-2.06157635468,-1.75123152709,-1.54433497537,-3.04926108374,-2.12807881773,-1.29064039409,-1.05911330049,-4.1921182266,-3.07881773399,-0.963054187192
1,-0.629482071713,-0.864541832669,-0.908366533865,-1.23107569721,-0.270916334661,-0.972111553785,-0.932270916335,-1.58565737052,-0.458167330677,-0.629482071713,-1.11752988048,-0.858565737052,-0.127490039841,-1.11752988048,-1.66334661355,-0.679282868526,-0.575697211155,-1.71314741036,-1.04780876494,-0.695219123506
1,-0.23964868256,-0.607904642409,-1.21204516939,-1,-2.11104140527,-0.776662484316,-0.796737766625,-1.61104140527,-0.746549560853,-1.01505646173,-0.860727728984,-1.2139272271,-0.888331242158,-1.45984943538,-1.80677540778,-0.724592220828,-0.705144291092,-2.51882057716,-1.39460476788,-0.835633626098
1,-0.555194805195,-1.28896103896,-1.56168831169,-1.66558441558,-1.10064935065,-1.64285714286,-1.43831168831,-1.50324675325,-0.853896103896,-1.11363636364,-1.46428571429,-1.5487012987,-0.798701298701,-1.69155844156,-1.83766233766,-0.987012987013,-1.06168831169,-2.07792207792,-1.28571428571,-1.15584415584
1,-0.525806451613,-1.03870967742,-1.33548387097,-1.37741935484,-0.81935483871,-1.35483870968,-1.21612903226,-1.33225806452,-0.522580645161,-1.00322580645,-1.28709677419,-1.22258064516,-0.516129032258,-1.5,-1.6064516129,-0.970967741935,-0.851612903226,-1.47096774194,-1.01935483871,-0.983870967742
1,-0.280323450135,-0.687331536388,-0.757412398922,-0.929919137466,-0.660377358491,-0.676549865229,-0.787061994609,-1.15633423181,-0.277628032345,-0.595687331536,-0.867924528302,-0.730458221024,-0.22102425876,-0.929919137466,-1.02964959569,-0.603773584906,-0.487870619946,-1.7897574124,-0.700808625337,-0.630727762803
1,-0.930722891566,-2.31626506024,-2.11445783133,-2.48795180723,-2.84939759036,-2.36746987952,-2.20481927711,-2.76506024096,-2.34036144578,-1.8343373494,-1.96084337349,-2.14156626506,-1.86144578313,-2.72891566265,-3.41265060241,-1.9186746988,-1.55722891566,-4.33734939759,-2.75602409639,-1.53012048193
1,-0.121661721068,-0.79821958457,-1.07121661721,-1.0296735905,-2.09792284866,-0.709198813056,-0.584569732938,-1.19287833828,-1.08605341246,-1.10682492582,-1.11869436202,-0.729970326409,-0.729970326409,-1.43620178042,-1.6943620178,-0.614243323442,-0.715133531157,-2.33234421365,-1.17507418398,-0.893175074184
1,0.451923076923,-0.5625,-1.31730769231,-1.3125,-2.59134615385,-0.576923076923,-0.360576923077,-1.55769230769,-1.64423076923,-1.73076923077,-1.98076923077,0.302884615385,-1.375,-2.58173076923,-0.427884615385,-0.173076923077,0.105769230769,-3.42788461538,-2.11057692308,-1.00480769231
1,-1.84065934066,-2.18131868132,-1.78021978022,-2.03846153846,-2.87362637363,-2.14835164835,-1.97802197802,-2.23626373626,-2.17032967033,-2.13736263736,-2.63736263736,-1.71428571429,-2.1043956044,-2.46703296703,-2.67582417582,-1.62637362637,-1.22527472527,-4.08241758242,-2.59340659341,-1.9010989011
1,-1.43333333333,-2.60833333333,-2.68333333333,-2.43333333333,-4.08333333333,-1.75,-1.775,-2.03333333333,-3.34166666667,-2.28333333333,-2.68333333333,-1.31666666667,-2.35833333333,-3.40833333333,-2.50833333333,-1.78333333333,-1.2,-4.425,-3.175,-1.55833333333
1,-0.551502145923,-1.42274678112,-0.905579399142,-0.532188841202,-3.52145922747,-0.474248927039,0.476394849785,-2.37553648069,-1.79399141631,-1.21459227468,-1.63733905579,0.109442060086,-1.04506437768,-1.87339055794,-2.3991416309,-1.04291845494,-0.87982832618,-3.64377682403,-1.50643776824,-0.982832618026
1,-0.594882729211,-1.36886993603,-0.89552238806,-0.569296375267,-3.58635394456,-0.513859275053,0.473347547974,-2.3710021322,-1.75479744136,-1.25159914712,-1.66524520256,0.170575692964,-1.07249466951,-1.93603411514,-2.38379530917,-1.0170575693,-0.908315565032,-3.62260127932,-1.56289978678,-0.976545842217
1,-0.713636363636,-1.45454545455,-0.931818181818,-0.7,-3.63181818182,-0.561363636364,0.334090909091,-2.59090909091,-1.88409090909,-1.19772727273,-1.56590909091,0.118181818182,-1.02272727273,-1.88863636364,-2.64090909091,-1.12954545455,-0.990909090909,-3.71363636364,-1.47954545455,-0.981818181818
1,-0.269090909091,-0.890909090909,-0.589090909091,-0.847272727273,-1.33818181818,-0.378181818182,-0.258181818182,-1.26545454545,-0.814545454545,-0.647272727273,-0.989090909091,-0.258181818182,-0.436363636364,-1.28727272727,-1.50545454545,-0.392727272727,-0.505454545455,-2.62545454545,-1.23272727273,-0.56
1,-0.181506849315,-0.856164383562,-0.575342465753,-0.808219178082,-1.33904109589,-0.239726027397,-0.13698630137,-1.25684931507,-0.941780821918,-0.760273972603,-1.11643835616,-0.263698630137,-0.404109589041,-1.34931506849,-1.44520547945,-0.400684931507,-0.58904109589,-2.54452054795,-1.34246575342,-0.61301369863
1,-0.143274853801,-0.786549707602,-0.570175438596,-0.728070175439,-1.22222222222,-0.216374269006,-0.166666666667,-1.11111111111,-0.856725146199,-0.698830409357,-1.05263157895,-0.152046783626,-0.330409356725,-1.29824561404,-1.31286549708,-0.394736842105,-0.517543859649,-2.44736842105,-1.2134502924,-0.461988304094
1,-0.820707070707,-1.21717171717,-1.64898989899,-1.67171717172,-1.45202020202,-1.37626262626,-1.25505050505,-1.79545454545,-1.33333333333,-0.80303030303,-1.30808080808,-1.17929292929,-0.858585858586,-1.73737373737,-2.18181818182,-1.11363636364,-0.785353535354,-2.94191919192,-1.94949494949,-0.666666666667
1,-0.787341772152,-1.22784810127,-1.6,-1.6,-1.58481012658,-1.32911392405,-1.22278481013,-1.73670886076,-1.34936708861,-0.863291139241,-1.35696202532,-1.10632911392,-0.921518987342,-1.7746835443,-2.17215189873,-1.06075949367,-0.741772151899,-2.8835443038,-1.98987341772,-0.767088607595
1,-0.849246231156,-1.86934673367,-1.36683417085,-1.27638190955,-3.78391959799,-0.683417085427,0.070351758794,-3,-2.25125628141,-2.15075376884,-2.17587939698,-0.577889447236,-1.70351758794,-3.36180904523,-2.91959798995,-1.4824120603,-1.41206030151,-4.81407035176,-3.09547738693,-1.69849246231
1,-1.02793296089,-2.05027932961,-1.62011173184,-1.49720670391,-4.01117318436,-0.843575418994,-0.178770949721,-3.30726256983,-2.46368715084,-2.22346368715,-2.19553072626,-0.731843575419,-1.75418994413,-3.46927374302,-3.31284916201,-1.7374301676,-1.59776536313,-5.02234636872,-3.13407821229,-1.82122905028
1,-1.12,-1.33,-1.44,-1.4,-2.37,-1.07,-0.81,-1.97,-1.55,-1,-1.36,-0.69,-0.48,-2.16,-1.79,-1.08,-1.04,-2.84,-1.74,-0.67
1,-0.255083179298,-0.574861367837,-0.417744916821,-0.604436229205,-0.20887245841,-0.408502772643,-0.443622920518,-0.946395563771,-0.271719038817,-0.253234750462,-0.841035120148,-0.269870609982,0.142329020333,-0.972273567468,-1.24029574861,-0.393715341959,-0.401109057301,-1.58225508318,-0.75415896488,-0.404805914972
1,-0.251386321627,-0.524953789279,-0.426987060998,-0.617375231054,-0.199630314233,-0.365988909427,-0.463955637708,-0.981515711645,-0.219963031423,-0.227356746765,-0.833641404806,-0.256931608133,0.201478743068,-0.896487985213,-1.16451016636,-0.419593345656,-0.382624768946,-1.42883548983,-0.685767097967,-0.408502772643
1,-0.673234811166,-0.898193760263,-0.853858784893,-0.817733990148,-1.2118226601,-0.709359605911,-0.459770114943,-1.77339901478,-0.766830870279,-0.95894909688,-1.38587848933,-0.540229885057,-0.5960591133,-1.42857142857,-1.95402298851,-0.711001642036,-0.655172413793,-2.14942528736,-1.23973727422,-0.888341543514
1,-0.7072,-0.9088,-0.9472,-0.8384,-1.4096,-0.784,-0.4864,-1.8544,-0.92,-0.952,-1.3888,-0.5808,-0.7584,-1.4656,-2.0224,-0.816,-0.76,-2.3536,-1.2624,-0.9616
1,-0.633663366337,-1.00495049505,-0.490099009901,-1.06435643564,-1,-0.455445544554,-0.841584158416,-1.4603960396,-0.108910891089,-0.990099009901,-1.08910891089,-0.772277227723,-0.247524752475,-0.658415841584,-1.55445544554,-0.816831683168,-0.846534653465,-0.930693069307,-0.311881188119,-1.13366336634
1,-1.64179104478,-1.5223880597,-2.10447761194,-1.98507462687,-2.91044776119,-1.86567164179,-1.74626865672,-2.28358208955,-2.01492537313,-1.94029850746,-2.70149253731,-1.59701492537,-2.10447761194,-2.32835820896,-3.07462686567,-1.70149253731,-1.67164179104,-3.62686567164,-2.65671641791,-1.35820895522
1,-1.69696969697,-1.16666666667,-2.01515151515,-1.92424242424,-2.92424242424,-1.71212121212,-1.4696969697,-2.24242424242,-1.89393939394,-2.15151515152,-2.80303030303,-1.33333333333,-1.90909090909,-2.33333333333,-3.07575757576,-1.74242424242,-1.45454545455,-3.63636363636,-2.63636363636,-1.48484848485
1,0,-1.11006289308,-1.06603773585,-1.08176100629,-0.308176100629,-0.845911949686,-0.839622641509,-1.02201257862,-0.616352201258,-0.679245283019,-1.10062893082,-0.987421383648,-0.408805031447,-1.25157232704,-1.31446540881,-0.701257861635,-0.553459119497,-1.44339622642,-1.04088050314,-0.446540880503
1,-0.834008097166,-1.04048582996,-1.85425101215,-1.76518218623,-2.20647773279,-1.38056680162,-1.26720647773,-2.08906882591,-0.898785425101,-1.6963562753,-1.58299595142,-1.74493927126,-1.38866396761,-2.2024291498,-2.51417004049,-1.46153846154,-1.36437246964,-1.89068825911,-1.97975708502,-1.63562753036
1,-1.28444444444,-1.56888888889,-1.98222222222,-2.08,-2.46666666667,-1.67111111111,-1.62222222222,-2.68444444444,-1.22666666667,-1.75555555556,-1.78222222222,-2.00888888889,-1.55111111111,-2.36888888889,-3.13333333333,-1.74222222222,-1.58222222222,-2.59111111111,-2.15111111111,-1.84444444444
1,-0.174698795181,-1.86445783133,-2.92469879518,-2.49698795181,-3.42771084337,-2.11445783133,-2.31325301205,-1.81024096386,-1.97289156627,-2.06024096386,-1.88253012048,-2.6656626506,-1.99397590361,-2.94879518072,-2.78012048193,-1.71987951807,-1.45180722892,-3.61746987952,-3.06325301205,-1.10843373494
-1,-0.800407331976,-1.00203665988,-1.02851323829,-1.03869653768,-1.82484725051,-0.894093686354,-0.820773930754,-2.06720977597,-0.496945010183,-1.08757637475,-1.17718940937,-0.790224032587,-0.859470468432,-1.20773930754,-1.7800407332,-1.06924643585,-1.00610997963,-1.41751527495,-1.17311608961,-1.35030549898
-1,-0.515601783061,-1.12481426449,-0.879643387816,-1.25408618128,-1.67756315007,-0.824665676077,-0.778603268945,-1.88855869242,-1.0014858841,-0.673105497771,-0.875185735513,-0.689450222883,-0.783060921248,-1.05646359584,-2.01040118871,-0.794947994056,-0.832095096582,-2.47696879643,-1.05943536404,-0.933135215453
-1,-0.970996216898,-1.13745271122,-1.04035308953,-1.06179066835,-1.95964691047,-1.13493064313,-0.723833543506,-2.06179066835,-0.843631778058,-0.800756620429,-1.42496847415,-0.61790668348,-0.889029003783,-1.1500630517,-1.88272383354,-1.1525851198,-1.06431273644,-1.23581336696,-0.861286254729,-1.05170239596
-1,-0.908108108108,-0.416216216216,-0.827027027027,-1.03783783784,-2.63783783784,-0.194594594595,-0.556756756757,-1.85945945946,-0.827027027027,-0.967567567568,-1.19459459459,0.027027027027,-0.216216216216,-1.52432432432,-1.65945945946,-0.827027027027,-0.837837837838,-2.67027027027,-1.42702702703,-0.783783783784
-1,-0.921725239617,-1.48083067093,-0.813099041534,-1.18530351438,-3.23961661342,-1.05431309904,-1.13897763578,-2.33706070288,-1.24121405751,-1.35782747604,-1.54952076677,-1.11501597444,-0.830670926518,-1.47124600639,-2.39776357827,-0.988817891374,-1.04792332268,-2.04632587859,-0.950479233227,-1.51437699681
-1,-0.657954545455,-0.881818181818,-0.7375,-0.876136363636,-1.28181818182,-0.704545454545,-0.552272727273,-1.35681818182,-0.682954545455,-0.845454545455,-1.18181818182,-0.4875,-0.844318181818,-1.14886363636,-1.74204545455,-0.648863636364,-0.779545454545,-2.07272727273,-1.08522727273,-0.889772727273
-1,-0.75,-0.680124223602,-0.697204968944,-0.878881987578,-0.916149068323,-0.490683229814,-0.38198757764,-1.49223602484,-0.248447204969,-0.711180124224,-1.0900621118,-0.389751552795,-0.329192546584,-0.836956521739,-1.39906832298,-0.669254658385,-0.703416149068,-1.34161490683,-0.52950310559,-0.854037267081
-1,-0.916666666667,-1.25870646766,-0.674129353234,-1.15422885572,-1.59577114428,-1.06218905473,-0.791044776119,-1.88805970149,-0.880597014925,-0.569651741294,-1.11940298507,-0.708955223881,-0.946517412935,-1.11815920398,-1.87562189055,-0.820895522388,-0.838308457711,-2.15547263682,-0.995024875622,-0.911691542289
-1,-0.657193605684,-0.880994671403,-0.598579040853,-0.939609236234,-0.978685612789,-0.621669626998,-0.60568383659,-1.66962699822,-0.433392539964,-0.657193605684,-0.904085257549,-0.490230905861,-0.325044404973,-0.788632326821,-1.70870337478,-0.758436944938,-0.802841918295,-1.28952042629,-0.626998223801,-0.941385435169
-1,-0.905982905983,-1.11111111111,-0.863247863248,-0.993894993895,-1.77167277167,-1.04395604396,-0.71916971917,-1.96825396825,-0.732600732601,-0.775335775336,-1.33943833944,-0.637362637363,-0.742368742369,-0.956043956044,-1.79731379731,-1.0463980464,-0.964590964591,-1.07081807082,-0.631257631258,-1.01587301587
-1,-0.638938053097,-0.961061946903,-0.612389380531,-0.969911504425,-0.955752212389,-0.605309734513,-0.646017699115,-1.68849557522,-0.421238938053,-0.621238938053,-0.945132743363,-0.527433628319,-0.357522123894,-0.761061946903,-1.69380530973,-0.764601769912,-0.824778761062,-1.34867256637,-0.614159292035,-0.959292035398
-1,-0.95652173913,-2.75362318841,-2.27536231884,-2.69565217391,-3.20289855072,-1.98550724638,-1.44927536232,-3.05797101449,-2.8115942029,-1.97101449275,-2.79710144928,-1.6231884058,-2.05797101449,-3.91304347826,-3.88405797101,-1.42028985507,-1.11594202899,-5.24637681159,-3.76811594203,-1.26086956522
-1,-0.314381270903,-2.09030100334,-1.61872909699,-1.71237458194,-4.43143812709,-2.65886287625,-2.94314381271,-0.936454849498,-2.72909698997,-2.02006688963,-2.40133779264,-3.39799331104,-2.872909699,-2.47157190635,-2.91304347826,-1.05351170569,-0.264214046823,-3.48494983278,-2.47491638796,-0.903010033445
-1,-0.232323232323,-1.07575757576,-1.07070707071,-0.888888888889,-1.37878787879,-0.924242424242,-1.05555555556,-0.883838383838,-0.878787878788,-1.05555555556,-1.14646464646,-1.26262626263,-0.838383838384,-1.16161616162,-1.29292929293,-0.621212121212,-0.515151515152,-1.91919191919,-1.42424242424,-0.565656565657
-1,-0.616052060738,-1.24511930586,-1.03253796095,-1.29284164859,-0.924078091106,-1.19522776573,-1.22125813449,-1.81778741866,-0.724511930586,-0.791757049892,-1.22125813449,-1.20390455531,-0.683297180043,-1.29501084599,-1.76138828633,-0.937093275488,-0.845986984816,-1.63774403471,-1.05206073753,-0.765726681128
-1,-1.20454545455,-1.75324675325,-2.6038961039,-3.06818181818,-3.53896103896,-1.76623376623,-1.88961038961,-3.43831168831,-1.66883116883,-1.63311688312,-1.43506493506,-2.27597402597,-1.78896103896,-2.51298701299,-3.63311688312,-1.67857142857,-1.71428571429,-4.51623376623,-2.6038961039,-1.73701298701
-1,-0.986270022883,-1.23226544622,-1.2471395881,-1.4828375286,-2.22768878719,-1.10297482838,-0.882151029748,-2.28032036613,-1.2471395881,-1.08009153318,-1.29862700229,-0.787185354691,-1.02402745995,-1.45194508009,-2.22768878719,-1.06979405034,-1.09610983982,-2.0938215103,-1.30663615561,-1.26086956522
-1,-0.28275862069,-0.666666666667,-0.719540229885,-0.675862068966,-1.81379310345,-0.52183908046,-0.432183908046,-1.18850574713,-0.648275862069,-1.03218390805,-0.905747126437,-0.597701149425,-0.52183908046,-0.986206896552,-1.47816091954,-0.537931034483,-0.629885057471,-1.70114942529,-0.72183908046,-0.901149425287
-1,-0.930715935335,-0.949191685912,-1.13394919169,-1.32794457275,-1.60739030023,-0.812933025404,-0.789838337182,-1.95150115473,-1.16166281755,-0.764434180139,-0.988452655889,-0.792147806005,-0.709006928406,-1.21016166282,-2.3441108545,-1.09006928406,-1.1870669746,-1.85219399538,-1.02540415704,-1.1454965358
-1,-1.00129533679,-1.43264248705,-0.902849740933,-1.35362694301,-1.75129533679,-1.22150259067,-0.920984455959,-2.02849740933,-0.976683937824,-0.602331606218,-1.1878238342,-0.761658031088,-1.02979274611,-1.22668393782,-2.02720207254,-0.980569948187,-0.928756476684,-2.3225388601,-1.12176165803,-0.94689119171
-1,-0.931428571429,-0.571428571429,-0.925714285714,-1.13714285714,-2.76,-0.308571428571,-0.685714285714,-1.88571428571,-0.954285714286,-0.811428571429,-1.26285714286,-0.0228571428571,-0.171428571429,-1.62285714286,-1.69142857143,-0.891428571429,-0.828571428571,-2.62857142857,-1.49142857143,-0.811428571429
-1,-0.864111498258,-0.651567944251,-0.595818815331,-0.752613240418,-1.05574912892,-0.522648083624,-0.801393728223,-1.3275261324,0.163763066202,-0.703832752613,-1.02090592334,-0.693379790941,-0.229965156794,-0.616724738676,-1.25087108014,-0.83275261324,-0.655052264808,-0.777003484321,-0.226480836237,-0.91637630662
-1,-0.584337349398,-0.518072289157,-0.611445783133,-0.882530120482,-0.849397590361,-0.334337349398,-0.5,-1.31325301205,-0.111445783133,-0.620481927711,-0.897590361446,-0.207831325301,0.117469879518,-0.816265060241,-1.23795180723,-0.617469879518,-0.521084337349,-1.3734939759,-0.539156626506,-0.810240963855
-1,-1.04056795132,-0.831643002028,-1.2738336714,-1.24746450304,-1.59432048682,-0.95537525355,-0.760649087221,-1.99188640974,-0.695740365112,-1.10344827586,-1.31845841785,-1.06693711968,-0.754563894523,-1.23123732252,-1.70993914807,-1.13590263692,-1.03245436105,-1.91277890467,-1.13793103448,-1.26572008114
-1,-0.519402985075,-0.555223880597,-0.588059701493,-0.797014925373,-0.770149253731,-0.391044776119,-0.525373134328,-1.39104477612,-0.0865671641791,-0.55223880597,-0.916417910448,-0.292537313433,0.0925373134328,-0.668656716418,-1.32835820896,-0.614925373134,-0.486567164179,-1.21492537313,-0.402985074627,-0.755223880597
-1,-0.997584541063,-1.02898550725,-1.22463768116,-1.46376811594,-1.75120772947,-0.937198067633,-0.840579710145,-2.00241545894,-1.21980676329,-0.828502415459,-1.10628019324,-0.855072463768,-0.81884057971,-1.28019323671,-2.41304347826,-1.20048309179,-1.31884057971,-1.9347826087,-1.09420289855,-1.26086956522
-1,-0.502777777778,-0.216666666667,-0.477777777778,-0.713888888889,-1.03055555556,0.075,-0.0333333333333,-1.39166666667,-0.0527777777778,-0.538888888889,-0.786111111111,-0.152777777778,-0.0333333333333,-0.972222222222,-1.53888888889,-0.447222222222,-0.555555555556,-1.31944444444,-0.730555555556,-0.752777777778
-1,-0.944444444444,-1.34595959596,-0.776515151515,-1.17424242424,-1.56818181818,-1.10101010101,-0.795454545455,-1.96212121212,-0.881313131313,-0.55303030303,-1.11742424242,-0.72601010101,-0.948232323232,-1.09974747475,-1.93308080808,-0.864898989899,-0.820707070707,-2.13257575758,-0.950757575758,-0.885101010101
-1,-1.22619047619,-0.912698412698,-1,-1.21825396825,-0.52380952381,-1.14682539683,-1.36904761905,-1.86111111111,-0.261904761905,-0.896825396825,-1.35317460317,-1.15476190476,-0.587301587302,-0.746031746032,-2.06746031746,-1.02777777778,-0.996031746032,-0.52380952381,-0.746031746032,-1.20634920635
-1,-1.21596244131,-1.21596244131,-1.51643192488,-1.65727699531,-1.92018779343,-1.14084507042,-1.12676056338,-2.41314553991,-1.44600938967,-1.29577464789,-1.47417840376,-1.05164319249,-1.25352112676,-2.2441314554,-2.65727699531,-1.33802816901,-1.46009389671,-2.96244131455,-2.18779342723,-1.30516431925
-1,-0.601173020528,-0.642228739003,-0.636363636364,-0.862170087977,-0.489736070381,-0.434017595308,-0.607038123167,-1.41642228739,0.140762463343,-0.495601173021,-0.897360703812,-0.33431085044,0.319648093842,-0.504398826979,-1.21407624633,-0.695014662757,-0.489736070381,-0.788856304985,-0.255131964809,-0.768328445748
-1,-0.64928057554,-0.920863309353,-0.651079136691,-0.974820143885,-1.24100719424,-0.73381294964,-0.638489208633,-1.76618705036,-0.404676258993,-0.575539568345,-0.86690647482,-0.487410071942,-0.467625899281,-0.803956834532,-1.66366906475,-0.802158273381,-0.857913669065,-1.40827338129,-0.66726618705,-0.904676258993
-1,-1.0350877193,-0.956140350877,-1.12719298246,-1.2149122807,-1.40350877193,-1.00877192982,-0.831140350877,-1.875,-0.739035087719,-0.921052631579,-1.14254385965,-0.94298245614,-0.480263157895,-1.05043859649,-1.82456140351,-0.964912280702,-0.839912280702,-1.79385964912,-1.0701754386,-1.16228070175
-1,-0.967567567568,-1.17837837838,-0.875675675676,-1.27027027027,-2.12432432432,-0.767567567568,-0.881081081081,-1.7027027027,-1.16216216216,-0.821621621622,-1.40540540541,-0.583783783784,-0.589189189189,-1.61081081081,-2.02702702703,-0.772972972973,-0.383783783784,-2.75135135135,-1.54594594595,-0.583783783784
-1,-0.712643678161,-0.5,-0.477011494253,-0.663793103448,-1.29022988506,-0.333333333333,-0.229885057471,-1.36781609195,-0.137931034483,-0.640804597701,-0.864942528736,-0.201149425287,-0.301724137931,-0.709770114943,-1.13793103448,-0.51724137931,-0.545977011494,-1.02586206897,-0.491379310345,-0.867816091954
-1,-0.921404682274,-0.804347826087,-0.939799331104,-0.969899665552,-1.19899665552,-0.757525083612,-0.607023411371,-1.64046822742,-0.403010033445,-0.854515050167,-1.16889632107,-0.692307692308,-0.347826086957,-0.913043478261,-1.31939799331,-0.822742474916,-0.740802675585,-1.42809364548,-0.811036789298,-1.03678929766
-1,-0.236036036036,-0.385585585586,-1.21081081081,-1.02882882883,-0.924324324324,-0.796396396396,-0.738738738739,-1.25045045045,-0.216216216216,-1.0954954955,-1.10990990991,-1.13153153153,-0.459459459459,-1.1963963964,-1.3027027027,-0.938738738739,-0.735135135135,-0.754954954955,-0.888288288288,-0.953153153153
-1,-1.25517241379,-2.71724137931,-1.72413793103,-2.01379310345,-2.92413793103,-1.81379310345,-1.50344827586,-3.15862068966,-2.36551724138,-0.88275862069,-1.64827586207,-1.2275862069,-1.39310344828,-2.29655172414,-3.5724137931,-1.58620689655,-1.64827586207,-4.68965517241,-2.65517241379,-1.44137931034
-1,-0.964373464373,-1.05651105651,-0.823095823096,-0.976658476658,-1.60687960688,-0.964373464373,-0.600737100737,-1.95208845209,-0.70515970516,-0.689189189189,-1.33046683047,-0.502457002457,-0.702702702703,-0.918918918919,-1.74938574939,-0.980343980344,-0.928746928747,-1.00245700246,-0.59828009828,-1.00245700246
-1,-0.58389261745,-0.744966442953,-1.85234899329,-1.38255033557,-2.64429530201,-1.04697986577,-0.872483221477,-2.22147651007,-0.96644295302,-1.13422818792,-0.986577181208,-1.22147651007,-1.46308724832,-2.04697986577,-2.28859060403,-1.40268456376,-1.08053691275,-3.13422818792,-1.90604026846,-0.93288590604
-1,-0.651474530831,-0.530831099196,-0.525469168901,-0.72654155496,-1.37801608579,-0.319034852547,-0.297587131367,-1.21715817694,-0.340482573727,-0.611260053619,-0.804289544236,-0.230563002681,-0.474530831099,-0.774798927614,-1.13136729223,-0.434316353887,-0.469168900804,-1.21983914209,-0.616621983914,-0.772117962466
-1,-0.946058091286,-1.03112033195,-1.20124481328,-1.17012448133,-1.98547717842,-1.04356846473,-0.94398340249,-2.22614107884,-0.730290456432,-1.1244813278,-1.21784232365,-0.887966804979,-0.923236514523,-1.26348547718,-1.85269709544,-1.20331950207,-1.15975103734,-1.41286307054,-1.15975103734,-1.42323651452
-1,-1.42857142857,-2.97402597403,-2.12987012987,-2.31168831169,-3.20779220779,-2.14285714286,-1.83116883117,-2.79220779221,-2.66233766234,-1.2987012987,-1.98051948052,-1.42857142857,-1.66233766234,-2.57142857143,-3.19480519481,-1.65584415584,-1.43506493506,-4.68831168831,-2.8961038961,-1.14935064935
-1,-0.511111111111,-0.297222222222,-0.436111111111,-0.544444444444,-1.36111111111,0.0222222222222,0.180555555556,-1.73333333333,-0.288888888889,-0.727777777778,-0.738888888889,-0.0416666666667,-0.258333333333,-1.29166666667,-1.78888888889,-0.45,-0.675,-1.59166666667,-0.961111111111,-0.958333333333
-1,-0.635294117647,-0.491764705882,-0.456470588235,-0.703529411765,-0.505882352941,-0.181176470588,-0.369411764706,-1.49882352941,0.131764705882,-0.517647058824,-0.905882352941,-0.289411764706,-0.04,-0.630588235294,-1.39294117647,-0.621176470588,-0.616470588235,-0.616470588235,-0.324705882353,-0.797647058824
-1,-0.782131661442,-0.639498432602,-0.653605015674,-0.841692789969,-0.871473354232,-0.404388714734,-0.358934169279,-1.53918495298,-0.120689655172,-0.691222570533,-1.02821316614,-0.42789968652,-0.241379310345,-0.684952978056,-1.35893416928,-0.656739811912,-0.631661442006,-1.19122257053,-0.34012539185,-0.777429467085
-1,-0.377419354839,-0.851612903226,-1.17419354839,-1.24838709677,-1.02258064516,-0.638709677419,-0.78064516129,-1.67419354839,-0.245161290323,-0.841935483871,-0.974193548387,-1.07419354839,-0.512903225806,-1.02258064516,-1.35806451613,-0.803225806452,-0.667741935484,-1.81935483871,-0.651612903226,-0.777419354839
-1,-0.789915966387,-1.16806722689,-1.05882352941,-0.983193277311,-3.23529411765,-0.361344537815,-0.0840336134454,-1.87394957983,-1.49579831933,-1.19327731092,-1.38655462185,-0.613445378151,-1.18487394958,-1.78151260504,-1.7731092437,-0.529411764706,-0.159663865546,-2.52100840336,-1.40336134454,-0.764705882353
-1,-0.302158273381,-0.838129496403,-0.658273381295,-0.798561151079,-1.23741007194,-0.392086330935,-0.291366906475,-1.25539568345,-0.805755395683,-0.705035971223,-0.971223021583,-0.251798561151,-0.424460431655,-1.1654676259,-1.47841726619,-0.442446043165,-0.604316546763,-2.59712230216,-1.1690647482,-0.586330935252
-1,-0.55364806867,-0.575107296137,-0.68025751073,-0.697424892704,-0.927038626609,-0.542918454936,-0.495708154506,-1.44849785408,-0.18025751073,-0.815450643777,-0.991416309013,-0.551502145923,-0.420600858369,-0.796137339056,-1.30472103004,-0.699570815451,-0.701716738197,-0.703862660944,-0.643776824034,-0.847639484979
-1,-0.500721500722,-0.727272727273,-0.935064935065,-0.948051948052,-1.04617604618,-0.681096681097,-0.621933621934,-1.32756132756,-0.356421356421,-0.831168831169,-1.22799422799,-0.858585858586,-0.25974025974,-1.15873015873,-1.47041847042,-0.640692640693,-0.585858585859,-2.07359307359,-1.12842712843,-0.722943722944
-1,-0.654545454545,-0.926136363636,-0.754545454545,-0.911363636364,-1.30909090909,-0.713636363636,-0.555681818182,-1.45113636364,-0.702272727273,-0.888636363636,-1.15795454545,-0.461363636364,-0.8,-1.12727272727,-1.74772727273,-0.685227272727,-0.8125,-2.03409090909,-1.04318181818,-0.907954545455
-1,-0.232919254658,-1.30124223602,-1.39130434783,-1.41925465839,-0.996894409938,-1.24534161491,-1.50931677019,-1.34782608696,-0.850931677019,-1.16149068323,-1.11801242236,-1.68944099379,-0.630434782609,-1.3850931677,-1.60559006211,-0.916149068323,-0.698757763975,-1.69565217391,-1.17080745342,-0.965838509317
-1,-0.239864864865,-0.858108108108,-0.618243243243,-0.783783783784,-1.20608108108,-0.364864864865,-0.222972972973,-1.21959459459,-0.831081081081,-0.804054054054,-1.06756756757,-0.277027027027,-0.402027027027,-1.2972972973,-1.53378378378,-0.452702702703,-0.635135135135,-2.51351351351,-1.28716216216,-0.570945945946
-1,-1.00222222222,-2.63333333333,-2.66222222222,-2.94444444444,-3.65333333333,-2.55333333333,-2.39333333333,-2.63333333333,-2.44,-2.01333333333,-2.46,-2.36444444444,-2.20222222222,-3.04,-3.88,-1.91111111111,-1.72222222222,-4.61777777778,-3.02666666667,-1.63777777778
-1,-0.950930626058,-0.818950930626,-0.991539763113,-1.04906937394,-1.39255499154,-0.78510998308,-0.712351945854,-1.66835871404,-0.509306260575,-0.834179357022,-1.16751269036,-0.781725888325,-0.416243654822,-0.94923857868,-1.46531302876,-0.886632825719,-0.780033840948,-1.45346869712,-0.900169204738,-1.06091370558
-1,-0.618823529412,-0.376470588235,-0.390588235294,-0.734117647059,-0.635294117647,-0.162352941176,-0.355294117647,-1.52470588235,0.265882352941,-0.637647058824,-0.922352941176,-0.329411764706,0.0141176470588,-0.701176470588,-1.28470588235,-0.543529411765,-0.588235294118,-0.762352941176,-0.454117647059,-0.877647058824
-1,-0.93625,-1.3125,-0.765,-1.18,-1.57125,-1.055,-0.83875,-1.885,-0.8575,-0.57875,-1.13875,-0.72,-0.925,-1.1225,-1.88375,-0.87375,-0.84,-2.2025,-0.9225,-0.905
-1,-0.737797956867,-0.99772985244,-0.805902383655,-0.972758229285,-1.39954597049,-0.72417707151,-0.606129398411,-1.4494892168,-0.730987514188,-0.883087400681,-1.25539160045,-0.560726447219,-0.785471055619,-1.14415437003,-1.81384790011,-0.726447219069,-0.862656072645,-1.99091940976,-1.09988649262,-0.961407491487
-1,-0.480812641084,-0.781038374718,-1.04514672686,-1.01128668172,-0.553047404063,-0.837471783296,-0.893905191874,-1.52595936795,0.0338600451467,-1.0835214447,-1.13769751693,-1.30248306998,-0.227990970655,-0.844243792325,-1.45598194131,-0.751693002257,-0.677200902935,-0.907449209932,-0.690744920993,-1.0158013544
-1,-0.650602409639,-1.01204819277,-0.756024096386,-0.986445783133,-1.23945783133,-0.686746987952,-0.640060240964,-1.71686746988,-0.605421686747,-0.894578313253,-1.17921686747,-0.582831325301,-0.635542168675,-1.08584337349,-1.46837349398,-0.831325301205,-0.715361445783,-1.15512048193,-0.900602409639,-0.968373493976
-1,-0.690941385435,-0.911190053286,-0.611012433393,-1.01420959147,-1.11722912966,-0.648312611012,-0.678507992895,-1.68561278863,-0.529307282416,-0.673179396092,-0.943161634103,-0.541740674956,-0.396092362345,-0.882770870337,-1.7460035524,-0.772646536412,-0.85079928952,-1.37477797513,-0.687388987567,-0.921847246892
-1,-0.426150121065,-0.927360774818,-0.917675544794,-0.927360774818,-0.636803874092,-0.888619854722,-0.549636803874,-1.17675544794,-0.266343825666,-0.566585956416,-1.21791767554,-0.927360774818,-0.295399515738,-0.864406779661,-1.35351089588,-0.910411622276,-0.651331719128,-1.26150121065,-0.779661016949,-0.73607748184
-1,-0.353773584906,-0.816037735849,-1.02830188679,-1.13679245283,-0.882075471698,-0.783018867925,-0.792452830189,-1.25943396226,-0.400943396226,-1.01886792453,-1.07075471698,-1.15094339623,-0.603773584906,-1.3820754717,-1.25471698113,-0.702830188679,-0.570754716981,-1.52358490566,-1.11320754717,-0.745283018868
-1,-0.44966442953,-0.906040268456,-0.232662192394,-0.626398210291,-0.791946308725,-0.597315436242,-0.559284116331,-1.2841163311,-0.165548098434,-0.557046979866,-0.814317673378,-0.642058165548,-0.366890380313,-0.492170022371,-1.38255033557,-0.519015659955,-0.592841163311,-1.06711409396,-0.427293064877,-0.897091722595
-1,-0.551351351351,-0.256756756757,-0.467567567568,-0.616216216216,-1.1,0.0567567567568,0.0459459459459,-1.57027027027,-0.17027027027,-0.635135135135,-0.762162162162,-0.167567567568,-0.175675675676,-1.06486486486,-1.65945945946,-0.440540540541,-0.57027027027,-1.47297297297,-0.751351351351,-0.840540540541
-1,-0.553072625698,-0.22625698324,-0.45530726257,-0.625698324022,-1.05865921788,0.0251396648045,-0.0167597765363,-1.52234636872,-0.234636871508,-0.620111731844,-0.916201117318,-0.198324022346,-0.162011173184,-1.11452513966,-1.6843575419,-0.435754189944,-0.530726256983,-1.4217877095,-0.798882681564,-0.891061452514
-1,-0.673981191223,-3.00313479624,-1.95297805643,-2.18181818182,-4.01880877743,-2.47021943574,-2.76489028213,-1.99373040752,-3.13479623824,-2.47648902821,-2.94984326019,-2.85579937304,-2.76175548589,-3.57993730408,-3.21003134796,-1.16300940439,-1.4670846395,-4.05329153605,-2.60188087774,-1.87460815047
-1,-0.941860465116,-0.995348837209,-1.22325581395,-1.37906976744,-1.71860465116,-0.967441860465,-0.916279069767,-2.03720930233,-1.25348837209,-0.86511627907,-1.07674418605,-0.827906976744,-0.83023255814,-1.27906976744,-2.40697674419,-1.16511627907,-1.26744186047,-1.85813953488,-1.13023255814,-1.28372093023
-1,-1.12582781457,-1.06401766004,-1.31346578366,-1.41059602649,-1.60927152318,-1.09271523179,-1.03973509934,-2.10816777042,-0.871964679912,-1.19426048565,-1.24061810155,-1.07505518764,-0.726269315673,-1.30684326711,-1.93156732892,-1.13024282561,-1.01324503311,-1.98896247241,-1.30022075055,-1.32229580574
-1,-0.751879699248,-0.669172932331,-0.669172932331,-0.992481203008,-1.37844611529,-0.310776942356,-0.5664160401,-1.4335839599,-0.521303258145,-0.593984962406,-0.847117794486,-0.310776942356,-0.293233082707,-0.661654135338,-1.6015037594,-0.616541353383,-0.558897243108,-0.912280701754,-0.701754385965,-0.809523809524
-1,-1.02293577982,-0.954128440367,-1.19266055046,-1.45642201835,-1.57110091743,-0.912844036697,-0.93119266055,-2.13073394495,-1.0871559633,-0.915137614679,-1.1123853211,-0.942660550459,-0.837155963303,-1.28669724771,-2.34862385321,-1.15825688073,-1.20642201835,-1.92431192661,-1.04816513761,-1.26834862385
-1,-0.526695526696,-1.12842712843,-0.920634920635,-1.27705627706,-1.67965367965,-0.838383838384,-0.782106782107,-1.90764790765,-1.05916305916,-0.704184704185,-0.878787878788,-0.701298701299,-0.751803751804,-1.07647907648,-2.05772005772,-0.800865800866,-0.813852813853,-2.39393939394,-1.08080808081,-0.961038961039
-1,-0.951423785595,-0.79229480737,-0.896147403685,-0.92797319933,-1.2445561139,-0.718592964824,-0.623115577889,-1.69346733668,-0.36013400335,-0.87269681742,-1.20938023451,-0.673366834171,-0.323283082077,-0.901172529313,-1.35008375209,-0.850921273032,-0.772194304858,-1.14070351759,-0.844221105528,-1.07370184255
-1,-0.921568627451,-1.10695187166,-0.787878787879,-0.814616755793,-1.73440285205,-0.989304812834,-1.04634581105,-1.54545454545,-0.495543672014,-1.32085561497,-1.44385026738,-1.2192513369,-0.668449197861,-1.09982174688,-1.54367201426,-0.97504456328,-0.941176470588,-1.04099821747,-0.595365418895,-1.33333333333
-1,-0.323899371069,-0.883647798742,-0.625786163522,-0.987421383648,-0.11320754717,-0.610062893082,-0.75786163522,-1.22327044025,-0.374213836478,-0.433962264151,-1.01257861635,-0.716981132075,-0.0062893081761,-0.962264150943,-1.2893081761,-0.528301886792,-0.446540880503,-1.48427672956,-0.701257861635,-0.474842767296
-1,-0.546038543897,-0.526766595289,-0.618843683084,-0.708779443255,-0.946466809422,-0.436830835118,-0.516059957173,-1.3982869379,-0.0556745182013,-0.758029978587,-0.955032119914,-0.52034261242,-0.282655246253,-0.6852248394,-1.15631691649,-0.586723768737,-0.627408993576,-0.586723768737,-0.428265524625,-0.813704496788
-1,-0.905263157895,-1.13684210526,-0.857894736842,-1.17894736842,-2.16315789474,-0.8,-0.7,-1.74736842105,-1.08947368421,-0.784210526316,-1.45789473684,-0.521052631579,-0.578947368421,-1.63684210526,-1.95263157895,-0.826315789474,-0.468421052632,-2.69473684211,-1.39473684211,-0.521052631579
-1,-0.936881188119,-1.23391089109,-0.726485148515,-1.16089108911,-1.5495049505,-1.06683168317,-0.785891089109,-1.89727722772,-0.77103960396,-0.575495049505,-1.1547029703,-0.716584158416,-0.925742574257,-1.09282178218,-1.80445544554,-0.847772277228,-0.835396039604,-2.05940594059,-0.919554455446,-0.949257425743
-1,-0.978260869565,-1.00483091787,-1.16183574879,-1.27777777778,-1.77536231884,-0.934782608696,-0.835748792271,-2.03140096618,-1.34782608696,-0.850241545894,-1.08212560386,-0.777777777778,-0.838164251208,-1.33574879227,-2.461352657,-1.2077294686,-1.30434782609,-2.07487922705,-1.11835748792,-1.27536231884
-1,-0.724431818182,-0.511363636364,-0.471590909091,-0.647727272727,-1.34090909091,-0.295454545455,-0.298295454545,-1.375,-0.142045454545,-0.670454545455,-0.917613636364,-0.247159090909,-0.335227272727,-0.786931818182,-1.20454545455,-0.508522727273,-0.525568181818,-1.20738636364,-0.599431818182,-0.892045454545
-1,-0.66724137931,-0.536206896552,-0.520689655172,-0.779310344828,-0.613793103448,-0.337931034483,-0.296551724138,-1.25,0.048275862069,-0.63275862069,-0.93275862069,-0.386206896552,-0.0637931034483,-0.558620689655,-1.20689655172,-0.555172413793,-0.58275862069,-0.936206896552,-0.256896551724,-0.801724137931
-1,-0.346341463415,-0.946341463415,-1.04146341463,-1.0243902439,-0.734146341463,-1.03414634146,-0.663414634146,-1.12926829268,-0.39756097561,-0.651219512195,-1.25609756098,-1.00975609756,-0.456097560976,-0.956097560976,-1.40243902439,-0.89512195122,-0.617073170732,-1.26829268293,-0.909756097561,-0.687804878049
-1,-0.848368522073,-1.20537428023,-0.932821497121,-1.23032629559,-1.32053742802,-0.963531669866,-1,-1.99424184261,-0.710172744722,-1.01343570058,-1.25527831094,-0.919385796545,-0.796545105566,-1.10172744722,-1.78119001919,-1.01727447217,-0.817658349328,-1.113243762,-0.819577735125,-1.23608445298
-1,-1.17777777778,-1.04222222222,-1.27777777778,-1.33777777778,-1.57555555556,-1.00666666667,-0.995555555556,-2.11333333333,-0.78,-1.00444444444,-1.24888888889,-1.04222222222,-0.617777777778,-1.21777777778,-2.02222222222,-1.14666666667,-0.975555555556,-1.93777777778,-1.26,-1.22444444444
-1,-0.537558685446,-0.448356807512,-0.483568075117,-0.730046948357,-0.640845070423,-0.18544600939,-0.286384976526,-1.49061032864,0.183098591549,-0.589201877934,-0.887323943662,-0.295774647887,-0.0258215962441,-0.69014084507,-1.20187793427,-0.542253521127,-0.544600938967,-0.974178403756,-0.3779342723,-0.779342723005
-1,-0.5,-1.02222222222,-1.35555555556,-1.27777777778,-1.13888888889,-1.11111111111,-1.02222222222,-1.4,-0.644444444444,-0.65,-0.922222222222,-0.894444444444,-0.527777777778,-1.07222222222,-1.45,-0.794444444444,-0.833333333333,-1.76111111111,-0.766666666667,-0.505555555556
-1,-0.70871559633,-0.965596330275,-0.842889908257,-1.00344036697,-1.3623853211,-0.798165137615,-0.686926605505,-1.48165137615,-0.822247706422,-0.880733944954,-1.22362385321,-0.615825688073,-0.782110091743,-1.20986238532,-1.83142201835,-0.719036697248,-0.803899082569,-2.0378440367,-1.10665137615,-0.94380733945
-1,-0.971631205674,-0.988179669031,-1.08274231678,-1.32860520095,-1.57446808511,-0.872340425532,-0.784869976359,-1.84869976359,-1.15130023641,-0.796690307329,-1.06619385343,-0.702127659574,-0.583924349882,-1.12056737589,-2.24349881797,-1.10401891253,-1.20094562648,-1.79905437352,-0.952718676123,-1.16312056738
-1,-0.464285714286,-0.550595238095,-0.547619047619,-0.839285714286,-0.806547619048,-0.369047619048,-0.482142857143,-1.35119047619,-0.077380952381,-0.595238095238,-0.910714285714,-0.214285714286,0.0625,-0.747023809524,-1.21726190476,-0.580357142857,-0.532738095238,-1.18154761905,-0.321428571429,-0.752976190476
-1,-1.06156716418,-1.20149253731,-0.899253731343,-0.89552238806,-1.90111940299,-1.06343283582,-1.13992537313,-1.75559701493,-0.701492537313,-1.40485074627,-1.5447761194,-1.36007462687,-0.863805970149,-1.19776119403,-1.79291044776,-1.07462686567,-1,-1.03358208955,-0.651119402985,-1.4197761194
-1,-0.760259179266,-0.63282937365,-0.565874730022,-0.790496760259,-0.976241900648,-0.349892008639,-0.244060475162,-1.40820734341,-0.278617710583,-0.600431965443,-0.872570194384,-0.36717062635,-0.209503239741,-0.68898488121,-1.37365010799,-0.572354211663,-0.522678185745,-1.47516198704,-0.494600431965,-0.749460043197
-1,-0.637777777778,-0.894444444444,-0.736666666667,-0.815555555556,-1.38777777778,-0.656666666667,-0.468888888889,-1.27888888889,-0.733333333333,-0.805555555556,-1.11666666667,-0.44,-0.774444444444,-1.17888888889,-1.72888888889,-0.643333333333,-0.774444444444,-1.96666666667,-1.06444444444,-0.835555555556
-1,-0.272727272727,-0.76802507837,-1.19749216301,-1.21630094044,-1.50470219436,-0.981191222571,-0.733542319749,-1.21003134796,-0.686520376176,-1.11912225705,-1.20062695925,-1.11285266458,-0.76802507837,-1.40752351097,-1.52664576803,-0.8934169279,-0.786833855799,-1.81191222571,-1.02194357367,-0.899686520376
-1,-0.92049689441,-1.24472049689,-0.660869565217,-1.16397515528,-1.45217391304,-1.0298136646,-0.790062111801,-1.88447204969,-0.762732919255,-0.519254658385,-1.12422360248,-0.72298136646,-0.853416149068,-1.12919254658,-1.80621118012,-0.84099378882,-0.750310559006,-2.07080745342,-0.924223602484,-0.868322981366
-1,-0.72641509434,-0.216981132075,-0.674528301887,-0.731132075472,-2.77830188679,-0.00943396226415,-0.179245283019,-1.58490566038,-1.05660377358,-1.12735849057,-1.46226415094,0.495283018868,-0.551886792453,-1.95754716981,-1.27830188679,-0.608490566038,-0.688679245283,-2.84433962264,-1.72641509434,-0.933962264151
-1,-1.05737704918,-0.815573770492,-1.30737704918,-1.23770491803,-1.64139344262,-0.987704918033,-0.741803278689,-1.97131147541,-0.65368852459,-1.10245901639,-1.22336065574,-1.05532786885,-0.715163934426,-1.22131147541,-1.80532786885,-1.15778688525,-1.07786885246,-1.78073770492,-1.14549180328,-1.27663934426
-1,-0.776717557252,-1.03053435115,-1.31679389313,-1.19465648855,-1.67366412214,-1.01526717557,-0.809160305344,-1.75190839695,-0.799618320611,-1.03625954198,-1.36641221374,-1.00763358779,-0.675572519084,-1.52099236641,-1.76335877863,-0.935114503817,-0.748091603053,-2.64312977099,-1.51717557252,-0.929389312977
-1,-1.02127659574,-1.44680851064,-1.65957446809,-1.42553191489,-2.23404255319,-1.07446808511,-0.808510638298,-1.96808510638,-1.3085106383,-0.872340425532,-1.32978723404,-0.808510638298,-0.68085106383,-1.85106382979,-1.67021276596,-1.12765957447,-1.1170212766,-2.72340425532,-1.60638297872,-0.563829787234
-1,-0.617647058824,-0.911764705882,-1.71568627451,-1.78431372549,-2.30392156863,-1.39215686275,-1.22549019608,-1.38235294118,-1.72549019608,-1.67647058824,-1.72549019608,-1.37254901961,-1.45098039216,-2.35294117647,-1.59803921569,-1.08823529412,-1.04901960784,-3.24509803922,-2.33333333333,-1.24509803922
-1,-0.870967741935,-1.09677419355,-1.25806451613,-1.25806451613,-2.05846774194,-1.01411290323,-0.987903225806,-2.27217741935,-0.743951612903,-1.11088709677,-1.21572580645,-0.911290322581,-0.91935483871,-1.43548387097,-1.94758064516,-1.15322580645,-1.07862903226,-1.62096774194,-1.27217741935,-1.39314516129
-1,-0.591176470588,-0.638235294118,-0.623529411765,-0.835294117647,-0.476470588235,-0.426470588235,-0.585294117647,-1.45882352941,0.111764705882,-0.532352941176,-0.905882352941,-0.352941176471,0.297058823529,-0.591176470588,-1.25882352941,-0.670588235294,-0.532352941176,-0.741176470588,-0.241176470588,-0.852941176471
-1,-0.512531328321,-0.464912280702,-0.563909774436,-0.729323308271,-1.79824561404,-0.308270676692,-0.125313283208,-1.35338345865,-0.750626566416,-0.695488721805,-1.25187969925,0.0413533834586,-0.538847117794,-1.44235588972,-1.16666666667,-0.510025062657,-0.551378446115,-2.39598997494,-1.33709273183,-0.601503759398
-1,-0.620996441281,-0.898576512456,-0.649466192171,-0.955516014235,-1.06227758007,-0.590747330961,-0.58896797153,-1.67615658363,-0.403914590747,-0.564056939502,-0.907473309609,-0.44128113879,-0.32384341637,-0.740213523132,-1.70996441281,-0.797153024911,-0.861209964413,-1.25266903915,-0.569395017794,-0.866548042705
-1,-0.591649694501,-0.498981670061,-0.932790224033,-1.19857433809,-3.1099796334,-0.0071283095723,0.0702647657841,-2.32790224033,-1.22810590631,-1.18940936864,-1.11303462322,-0.413441955193,-1.19551934827,-2.23421588595,-3.09877800407,-0.929735234216,-1.10488798371,-3.15885947047,-2.0600814664,-1.49592668024
-1,-0.661237785016,-0.802931596091,-0.833876221498,-0.921824104235,-1.5,-0.543973941368,-0.258957654723,-1.58469055375,-1.01954397394,-0.555374592834,-1.15635179153,-0.208469055375,-0.473941368078,-1.51140065147,-1.61889250814,-0.732899022801,-0.625407166124,-2.57491856678,-1.42182410423,-0.526058631922
-1,-0.754601226994,-1.40490797546,-1.16564417178,-1.41104294479,-1.79754601227,-0.932515337423,-1.03067484663,-2.18404907975,-1.47852760736,-0.78527607362,-1.26380368098,-0.742331288344,-0.41717791411,-1.50306748466,-2.38650306748,-0.932515337423,-0.871165644172,-2.75460122699,-1.1472392638,-0.80981595092
-1,-0.735735735736,-0.51951951952,-0.543543543544,-0.762762762763,-1.56756756757,-0.357357357357,-0.27027027027,-1.51351351351,-0.426426426426,-0.735735735736,-0.858858858859,-0.225225225225,-0.624624624625,-0.948948948949,-1.33333333333,-0.537537537538,-0.51951951952,-1.53153153153,-0.72972972973,-0.957957957958
-1,-0.873786407767,-1.5145631068,-1.21682847896,-1.21359223301,-1.5857605178,-1.35598705502,-1.21035598706,-2.09385113269,-1.22977346278,-0.741100323625,-1.27508090615,-1.18122977346,-0.789644012945,-1.32686084142,-2.22653721683,-0.928802588997,-0.993527508091,-2.42071197411,-1.21359223301,-0.987055016181
-1,-1.83161512027,-2.21993127148,-2.43642611684,-3.2852233677,-3.63573883162,-1.79381443299,-2.03092783505,-4.0824742268,-1.79725085911,-1.38144329897,-1.53951890034,-2.05154639175,-1.72852233677,-2.46048109966,-4.0412371134,-1.7147766323,-1.75257731959,-4.78694158076,-2.47422680412,-1.9175257732
-1,-0.194539249147,-0.856655290102,-0.491467576792,-0.696245733788,-1.34129692833,-0.290102389078,-0.17747440273,-1.20819112628,-0.866894197952,-0.767918088737,-1.10921501706,-0.180887372014,-0.474402730375,-1.38907849829,-1.37883959044,-0.358361774744,-0.576791808874,-2.67918088737,-1.35153583618,-0.627986348123
-1,-0.538011695906,-0.964912280702,-1.16959064327,-1.39766081871,-0.912280701754,-1.18128654971,-1.04093567251,-1.50877192982,-0.695906432749,-0.614035087719,-1.0701754386,-0.865497076023,-0.567251461988,-0.994152046784,-1.52046783626,-0.830409356725,-0.836257309942,-1.43859649123,-0.842105263158,-0.549707602339
-1,-0.56976744186,-0.924418604651,-1.35465116279,-1.32558139535,-0.994186046512,-1.11627906977,-0.953488372093,-1.56976744186,-0.674418604651,-0.598837209302,-1.08139534884,-0.831395348837,-0.604651162791,-1.15697674419,-1.48255813953,-0.854651162791,-0.877906976744,-1.56976744186,-0.901162790698,-0.552325581395
-1,-1.1170212766,-1.3829787234,-1.44680851064,-1.36170212766,-2.32978723404,-0.968085106383,-0.808510638298,-1.89361702128,-1.35106382979,-1.02127659574,-1.3829787234,-0.702127659574,-0.776595744681,-2.1170212766,-1.73404255319,-1.12765957447,-1.04255319149,-2.76595744681,-1.74468085106,-0.755319148936
-1,-0.275,-0.8175,-0.885,-1.0225,-0.7225,-0.6775,-0.7075,-1.1725,-0.1975,-0.7825,-1.0925,-0.8825,-0.28,-1.355,-1.415,-0.5025,-0.575,-1.26,-0.895,-0.7925
-1,-1.00239808153,-0.956834532374,-1.21822541966,-1.31414868106,-1.8824940048,-0.896882494005,-0.872901678657,-2.00959232614,-1.20383693046,-0.812949640288,-1.06954436451,-0.851318944844,-0.764988009592,-1.2206235012,-2.33333333333,-1.14628297362,-1.21103117506,-2.11990407674,-1.10071942446,-1.27098321343
-1,-0.504109589041,-0.2,-0.556164383562,-0.654794520548,-1.00547945205,-0.0904109589041,-0.027397260274,-1.57808219178,-0.232876712329,-0.624657534247,-0.821917808219,-0.153424657534,-0.183561643836,-1.18082191781,-1.57260273973,-0.419178082192,-0.545205479452,-1.58082191781,-0.830136986301,-0.879452054795
-1,-0.962358845671,-1.20828105395,-0.700125470514,-1.12923462986,-1.55457967378,-1.04893350063,-0.786700125471,-1.84190715182,-0.825595984944,-0.500627352572,-1.13927227102,-0.64617314931,-0.902132998745,-1.10163111669,-1.92722710163,-0.889585947302,-0.836888331242,-2.15181932246,-0.9121706399,-0.882057716437
-1,-0.601489757914,-0.795158286778,-0.661080074488,-0.962756052142,-1.09124767225,-0.579143389199,-0.556797020484,-1.6312849162,-0.376163873371,-0.599627560521,-0.921787709497,-0.413407821229,-0.292364990689,-0.793296089385,-1.60335195531,-0.791433891993,-0.849162011173,-1.35381750466,-0.612662942272,-0.91061452514
-1,-0.447976878613,-1.5289017341,-2.31791907514,-2.2225433526,-2.13005780347,-1.8063583815,-1.91040462428,-2.23699421965,-1.88150289017,-1.42774566474,-1.53468208092,-2,-1.0549132948,-2.45953757225,-2.37283236994,-1.37572254335,-1.37572254335,-3.65895953757,-2.76878612717,-1.04913294798
-1,-0.925714285714,-0.371428571429,-0.794285714286,-0.994285714286,-2.54285714286,-0.268571428571,-0.474285714286,-1.69714285714,-0.737142857143,-0.754285714286,-1.25142857143,0.125714285714,-0.0685714285714,-1.53142857143,-1.42285714286,-0.8,-0.685714285714,-2.42857142857,-1.32,-0.754285714286
-1,-0.787628865979,-0.919587628866,-1.00206185567,-1.06804123711,-1.61443298969,-0.845360824742,-0.812371134021,-2.08453608247,-0.4,-0.898969072165,-1.05979381443,-0.79381443299,-0.663917525773,-1.03711340206,-1.69278350515,-1.04742268041,-0.938144329897,-1.10309278351,-1.01443298969,-1.23505154639
-1,-0.892655367232,-0.412429378531,-0.74011299435,-1.01694915254,-2.54237288136,-0.254237288136,-0.587570621469,-1.76836158192,-0.779661016949,-0.909604519774,-1.21468926554,0.0338983050847,-0.124293785311,-1.54237288136,-1.58192090395,-0.774011299435,-0.796610169492,-2.50282485876,-1.35593220339,-0.779661016949
-1,-0.030534351145,-0.737913486005,-0.961832061069,-1.2417302799,-0.539440203562,-0.64631043257,-1.0941475827,-0.776081424936,-0.458015267176,-0.956743002545,-1.15267175573,-1.04325699746,-0.12213740458,-1.24427480916,-1.17048346056,-0.684478371501,-0.569974554707,-1.38676844784,-1.14503816794,-0.791348600509
-1,-0.551829268293,-2.25609756098,-2.5487804878,-2.83536585366,-2.96646341463,-2.54268292683,-2.41768292683,-1.80182926829,-2.28658536585,-1.62195121951,-1.8993902439,-2.53048780488,-1.77134146341,-2.82012195122,-3.55792682927,-1.81707317073,-1.76524390244,-3.77134146341,-2.75,-1.3993902439
-1,-0.960372960373,-0.944055944056,-1.11888111888,-1.32634032634,-1.72494172494,-0.890442890443,-0.757575757576,-1.88344988345,-1.08158508159,-0.804195804196,-1.06293706294,-0.785547785548,-0.759906759907,-1.17715617716,-2.30536130536,-1.17016317016,-1.24708624709,-1.78787878788,-0.972027972028,-1.18881118881
-1,-0.7109375,-0.891741071429,-0.709821428571,-0.878348214286,-1.40848214286,-0.672991071429,-0.522321428571,-1.3671875,-0.767857142857,-0.841517857143,-1.14285714286,-0.4375,-0.802455357143,-1.15290178571,-1.68415178571,-0.674107142857,-0.765625,-2.05803571429,-1.04352678571,-0.873883928571
-1,-0.942857142857,-1.30310559006,-0.813664596273,-1.11552795031,-1.70931677019,-1.09440993789,-0.744099378882,-1.89316770186,-0.991304347826,-0.527950310559,-1.04720496894,-0.655900621118,-1.01614906832,-1.2248447205,-1.87329192547,-0.878260869565,-0.891925465839,-2.28571428571,-1.10434782609,-0.859627329193
-1,-0.958620689655,-0.820689655172,-0.955172413793,-0.98275862069,-1.18965517241,-0.791379310345,-0.698275862069,-1.65344827586,-0.386206896552,-0.860344827586,-1.19310344828,-0.851724137931,-0.296551724138,-0.881034482759,-1.48793103448,-0.906896551724,-0.753448275862,-1.23448275862,-0.78275862069,-1.06034482759
-1,-0.647754137116,-0.51536643026,-0.430260047281,-0.725768321513,-0.768321513002,-0.269503546099,-0.359338061466,-1.54609929078,0.16548463357,-0.600472813239,-0.973995271868,-0.255319148936,-0.115839243499,-0.652482269504,-1.30969267139,-0.574468085106,-0.628841607565,-0.832151300236,-0.371158392435,-0.843971631206
-1,-1.27230046948,-1.45070422535,-1.61502347418,-1.7558685446,-1.94366197183,-1.19718309859,-1.220657277,-2.52112676056,-1.50704225352,-1.27699530516,-1.53521126761,-1.07511737089,-1.3896713615,-2.20657276995,-2.59624413146,-1.40375586854,-1.50704225352,-3.09389671362,-2.15492957746,-1.32863849765
-1,-1.24884792627,-1.40092165899,-1.52534562212,-1.70046082949,-1.80184331797,-1.18894009217,-1.18433179724,-2.48847926267,-1.39170506912,-1.3732718894,-1.52995391705,-1.08755760369,-1.34101382488,-2.21198156682,-2.63133640553,-1.35944700461,-1.4331797235,-3.15668202765,-2.15207373272,-1.46082949309
-1,-0.677519379845,-1.14728682171,-0.810852713178,-1.12248062016,-1.43720930233,-0.823255813953,-0.731782945736,-1.84341085271,-0.720930232558,-0.896124031008,-1.17829457364,-0.649612403101,-0.713178294574,-1.20310077519,-1.59689922481,-0.905426356589,-0.727131782946,-1.30697674419,-0.928682170543,-1.01705426357
-1,-1.30373831776,-1.50934579439,-1.65887850467,-1.81775700935,-2.09813084112,-1.2523364486,-1.23831775701,-2.7523364486,-1.54672897196,-1.34579439252,-1.52336448598,-1.1214953271,-1.31308411215,-2.20560747664,-2.69158878505,-1.51401869159,-1.57943925234,-3.42990654206,-2.40186915888,-1.3785046729
-1,-0.280653950954,-0.711171662125,-0.768392370572,-0.91553133515,-0.471389645777,-0.637602179837,-0.621253405995,-0.926430517711,-0.286103542234,-0.656675749319,-1.09536784741,-0.765667574932,-0.277929155313,-1,-1.40054495913,-0.569482288828,-0.460490463215,-1.03269754768,-0.67029972752,-0.629427792916
-1,0.0142180094787,-1.16587677725,-1.16587677725,-1.22274881517,-0.592417061611,-0.872037914692,-0.957345971564,-1.50710900474,-0.744075829384,-0.682464454976,-1.06161137441,-1.04739336493,-0.473933649289,-1.25118483412,-1.86255924171,-0.658767772512,-0.483412322275,-1.80568720379,-1.12322274882,-0.530805687204
-1,-0.963675213675,-1.02991452991,-1.34401709402,-1.37606837607,-2.24786324786,-1.13247863248,-1.07905982906,-2.38034188034,-0.865384615385,-1.34401709402,-1.28846153846,-0.918803418803,-1.07905982906,-1.52777777778,-2.13034188034,-1.27136752137,-1.23717948718,-1.86538461538,-1.51495726496,-1.49572649573
-1,-0.935081148564,-1.26466916355,-0.721598002497,-1.19101123596,-1.60174781523,-1.06741573034,-0.843945068664,-1.91885143571,-0.787765293383,-0.553058676654,-1.13982521848,-0.725343320849,-0.947565543071,-1.0961298377,-1.92634207241,-0.875156054931,-0.848938826467,-2.12858926342,-0.916354556804,-0.910112359551
-1,-0.0255102040816,-1.35714285714,-1.46428571429,-1.59183673469,-0.882653061224,-1.19387755102,-1.33163265306,-1.29081632653,-1.07142857143,-0.658163265306,-1.10714285714,-1.39285714286,-0.341836734694,-1.40306122449,-1.72959183673,-0.918367346939,-0.780612244898,-1.99489795918,-1.43367346939,-0.571428571429
-1,-0.735815602837,-1.06737588652,-0.663120567376,-0.948581560284,-1.13475177305,-0.65780141844,-0.670212765957,-1.75709219858,-0.503546099291,-0.70390070922,-0.985815602837,-0.58865248227,-0.475177304965,-0.906028368794,-1.85992907801,-0.787234042553,-0.886524822695,-1.46985815603,-0.734042553191,-0.975177304965
-1,-1.35046728972,-1.5046728972,-1.59345794393,-1.83177570093,-2.2523364486,-1.29439252336,-1.28971962617,-2.59813084112,-1.56074766355,-1.3691588785,-1.5046728972,-1.21028037383,-1.29439252336,-2.30373831776,-2.84112149533,-1.53738317757,-1.57476635514,-3.32242990654,-2.39719626168,-1.33177570093
