"Class","kmer_0","kmer_1","kmer_2","kmer_3","kmer_4","kmer_5","kmer_6","kmer_7","kmer_8","kmer_9","kmer_10","kmer_11","kmer_12","kmer_13","kmer_14","kmer_15","kmer_16","kmer_17","kmer_18","kmer_19"
1,0.11620295,0.00163666,0.06873977,0.10474632,0.02454992,0.07692308,0.00654664,0.06055646,0.07364975,0.08183306,0.01309329,0.03600655,0.03764321,0.05400982,0.03927987,0.04091653,0.06546645,0.08510638,0,0.01309329
1,0.10208817,0.00232019,0.06728538,0.08816705,0.03712297,0.10672854,0.0162413,0.07656613,0.05336427,0.07192575,0.02784223,0.05568445,0.02552204,0.01856148,0.03944316,0.0487239,0.05568445,0.07424594,0.00232019,0.03016241
1,0.10526316,0.01052632,0.03157895,0.10526316,0.03157895,0.09824561,0.03157895,0.05614035,0.07017544,0.07017544,0.03157895,0.03508772,0.04561404,0.0245614,0.02105263,0.05964912,0.05964912,0.0877193,0,0.0245614
1,0.10915493,0.01056338,0.05985915,0.07746479,0.02112676,0.1056338,0.03521127,0.08098592,0.08098592,0.05985915,0.02816901,0.03521127,0.03873239,0.02464789,0.01056338,0.04577465,0.04929577,0.09859155,0.00704225,0.02112676
1,0.1331058,0.00682594,0.04095563,0.09897611,0.03412969,0.10580205,0.02730375,0.07508532,0.05802048,0.06484642,0.02389078,0.04778157,0.03754266,0.02730375,0.02389078,0.03754266,0.04095563,0.08191126,0.00682594,0.02730375
1,0.10119048,0.00595238,0.07738095,0.06845238,0.0297619,0.08333333,0.01488095,0.04166667,0.0625,0.07738095,0.02380952,0.04464286,0.02380952,0.03571429,0.04166667,0.05357143,0.07738095,0.10714286,0.00595238,0.02380952
1,0.08913649,0.00835655,0.06406685,0.05849582,0.03899721,0.09470752,0.01671309,0.05571031,0.06685237,0.06685237,0.02785515,0.05013928,0.02785515,0.02506964,0.04178273,0.05292479,0.07520891,0.1086351,0.00557103,0.02506964
1,0.05942623,0,0.07172131,0.07991803,0.05737705,0.06147541,0.02663934,0.04713115,0.05532787,0.06147541,0.01844262,0.06352459,0.06147541,0.03688525,0.06352459,0.05532787,0.05737705,0.07172131,0.01434426,0.03688525
1,0.05544554,0.0039604,0.08316832,0.07524752,0.06336634,0.07722772,0.02970297,0.04752475,0.05742574,0.04950495,0.02970297,0.06138614,0.05148515,0.04950495,0.06336634,0.03960396,0.05940594,0.04752475,0.01386139,0.04158416
1,0.11320755,0,0.06132075,0.06603774,0.03301887,0.06603774,0.03773585,0.0990566,0.06132075,0.10849057,0.01886792,0.04716981,0.03301887,0.02358491,0.03773585,0.04245283,0.07075472,0.07075472,0.00471698,0.00471698
1,0.13023256,0.00465116,0.04651163,0.08372093,0.0372093,0.06511628,0.03255814,0.09767442,0.06046512,0.07906977,0.01860465,0.04651163,0.03255814,0.01860465,0.03255814,0.04186047,0.06046512,0.10232558,0.00465116,0.00465116
1,0.11861862,0.0015015,0.05555556,0.07807808,0.03153153,0.08708709,0.02402402,0.04054054,0.04804805,0.07957958,0.03303303,0.04354354,0.03903904,0.02552553,0.03903904,0.06756757,0.06306306,0.06906907,0.01501502,0.04054054
1,0.11144578,0.00150602,0.05271084,0.0753012,0.0376506,0.09186747,0.02259036,0.04216867,0.05873494,0.0873494,0.02259036,0.04518072,0.04518072,0.02710843,0.03313253,0.06777108,0.05421687,0.0753012,0.01506024,0.03313253
1,0.08912387,0,0.04833837,0.09063444,0.04380665,0.09063444,0.02567976,0.03625378,0.05740181,0.09214502,0.01963746,0.05438066,0.04531722,0.02265861,0.03172205,0.07854985,0.05438066,0.07250755,0.01208459,0.0347432
1,0.0846395,0,0.06896552,0.07210031,0.03448276,0.12852665,0.02507837,0.0846395,0.04702194,0.10031348,0.01567398,0.03448276,0.01880878,0.01880878,0.06583072,0.05015674,0.05329154,0.06896552,0.0031348,0.02507837
1,0.11675127,0.00253807,0.07614213,0.08629442,0.03807107,0.09137056,0.01522843,0.05329949,0.09390863,0.08629442,0.02284264,0.03553299,0.03553299,0.01015228,0.03299492,0.04822335,0.03807107,0.09137056,0.00507614,0.02030457
1,0.1010101,0.00252525,0.07575758,0.07828283,0.04545455,0.10353535,0.01262626,0.05808081,0.0959596,0.1010101,0.02020202,0.03787879,0.03282828,0.01262626,0.02020202,0.05050505,0.0530303,0.08585859,0.00505051,0.00757576
1,0.1080402,0,0.0678392,0.08542714,0.03768844,0.11557789,0.00753769,0.06532663,0.08542714,0.09296482,0.01256281,0.04271357,0.03015075,0.0201005,0.02512563,0.04773869,0.04271357,0.09045226,0.00753769,0.01507538
1,0.09799555,0,0.07126949,0.07349666,0.04899777,0.077951,0.01336303,0.05567929,0.07349666,0.0935412,0.01336303,0.04008909,0.03340757,0.03563474,0.03563474,0.05567929,0.05122494,0.06904232,0.00890869,0.05122494
1,0.09019608,0,0.07058824,0.08431373,0.04313725,0.07647059,0.03137255,0.06666667,0.07058824,0.0745098,0.02352941,0.06078431,0.04705882,0.01960784,0.03529412,0.04705882,0.05294118,0.07647059,0.00588235,0.02352941
1,0.10454545,0.00909091,0.07272727,0.09545455,0.03181818,0.06818182,0.01363636,0.09090909,0.07727273,0.11363636,0.01363636,0.03636364,0.02272727,0.02272727,0.02727273,0.05454545,0.05,0.07272727,0.00454545,0.01818182
1,0.07555556,0.00444444,0.05333333,0.09555556,0.05333333,0.08666667,0.02,0.04888889,0.07333333,0.10444444,0.02,0.04666667,0.03111111,0.02666667,0.03333333,0.05333333,0.05777778,0.06,0.00666667,0.04888889
1,0.09333333,0,0.06888889,0.07777778,0.05777778,0.08444444,0.02,0.05333333,0.08222222,0.09111111,0.00666667,0.05333333,0.03333333,0.01555556,0.03333333,0.05111111,0.05111111,0.07111111,0.00666667,0.04888889
1,0.15139442,0.01593625,0.05577689,0.0876494,0.03187251,0.07569721,0.01593625,0.07171315,0.05179283,0.06374502,0.01195219,0.03585657,0.03187251,0.03585657,0.03984064,0.05976096,0.05179283,0.07569721,0.01195219,0.02390438
1,0.10671937,0.01185771,0.05533597,0.1027668,0.02766798,0.08300395,0.01581028,0.06719368,0.07905138,0.05928854,0.01976285,0.03952569,0.03162055,0.03952569,0.02371542,0.05928854,0.06324111,0.08695652,0.00790514,0.01976285
1,0.15873016,0.01984127,0.07142857,0.07142857,0.03571429,0.07142857,0.00793651,0.03571429,0.06746032,0.06746032,0.01984127,0.03968254,0.03571429,0.03174603,0.01984127,0.05555556,0.04365079,0.11111111,0.00793651,0.02777778
1,0.09965035,0.0034965,0.06118881,0.10664336,0.03496503,0.05944056,0.01223776,0.06643357,0.06643357,0.09965035,0.03321678,0.03671329,0.03146853,0.02447552,0.04370629,0.05944056,0.05594406,0.07692308,0.0034965,0.02447552
1,0.09440559,0.00699301,0.07167832,0.09265734,0.03146853,0.06118881,0.01048951,0.07692308,0.05944056,0.0979021,0.03146853,0.05244755,0.03321678,0.03671329,0.04195804,0.0472028,0.05244755,0.07342657,0.00174825,0.02622378
1,0.13171577,0.0034662,0.06932409,0.09185442,0.03639515,0.05892548,0.01386482,0.05545927,0.05372617,0.08838821,0.04506066,0.03812825,0.03119584,0.03639515,0.03986135,0.04506066,0.05545927,0.0779896,0.0034662,0.02426343
1,0.11351351,0,0.06216216,0.08648649,0.03513514,0.06756757,0.00810811,0.06486486,0.06486486,0.07027027,0.02702703,0.04594595,0.04324324,0.06486486,0.04594595,0.03783784,0.05405405,0.05405405,0.01081081,0.04324324
1,0.09538462,0,0.05538462,0.09846154,0.04307692,0.09230769,0.00923077,0.07076923,0.04923077,0.07076923,0.02461538,0.03076923,0.04307692,0.04,0.04615385,0.04615385,0.05230769,0.10769231,0.00307692,0.02153846
1,0.13255814,0.00232558,0.0627907,0.09767442,0.0255814,0.06976744,0.01860465,0.06744186,0.08372093,0.0627907,0.01860465,0.04883721,0.04883721,0.0372093,0.03023256,0.03488372,0.04651163,0.09069767,0.00465116,0.01627907
1,0.11764706,0,0.0625,0.10110294,0.03308824,0.07720588,0.02022059,0.0625,0.07536765,0.05698529,0.01654412,0.03676471,0.05330882,0.02757353,0.02573529,0.05698529,0.06617647,0.09007353,0.00551471,0.01470588
1,0.12093023,0.00232558,0.06511628,0.1,0.0255814,0.06976744,0.0255814,0.06744186,0.0744186,0.05581395,0.02325581,0.03953488,0.05116279,0.0255814,0.03255814,0.05348837,0.05348837,0.09302326,0.00930233,0.01162791
1,0.11276596,0.00851064,0.03617021,0.08297872,0.02553191,0.11276596,0.01702128,0.08085106,0.06595745,0.06170213,0.02553191,0.03829787,0.03617021,0.02765957,0.02553191,0.03829787,0.06808511,0.10851064,0.00212766,0.02553191
1,0.10278373,0.00428266,0.04282655,0.09207709,0.02997859,0.11349036,0.01713062,0.07280514,0.07280514,0.08137045,0.01713062,0.04068522,0.0385439,0.01498929,0.03211991,0.04496788,0.06423983,0.09207709,0.00214133,0.0235546
1,0.10897436,0.00641026,0.04273504,0.09188034,0.03205128,0.11111111,0.01495726,0.07264957,0.07264957,0.07692308,0.02136752,0.04273504,0.03205128,0.02777778,0.02136752,0.0491453,0.05769231,0.09188034,0,0.02564103
1,0.09230769,0.0034188,0.05299145,0.08034188,0.02051282,0.08717949,0.01880342,0.08376068,0.07521368,0.07179487,0.02393162,0.04273504,0.03247863,0.03418803,0.03418803,0.04957265,0.07008547,0.11282051,0.0017094,0.01196581
1,0.08205128,0.00683761,0.05641026,0.08717949,0.01367521,0.07863248,0.01367521,0.09401709,0.07350427,0.07179487,0.02564103,0.05641026,0.03418803,0.02222222,0.04273504,0.05811966,0.06666667,0.1008547,0.0017094,0.01367521
1,0.102,0.002,0.074,0.08,0.038,0.078,0.01,0.086,0.062,0.054,0.03,0.046,0.028,0.03,0.056,0.036,0.074,0.098,0.004,0.012
1,0.11262136,0.00776699,0.05631068,0.07961165,0.04854369,0.08543689,0.01747573,0.06019417,0.06601942,0.06213592,0.02718447,0.0407767,0.04271845,0.01941748,0.04660194,0.05048544,0.04854369,0.08932039,0.00970874,0.02912621
1,0.1060241,0.00481928,0.05301205,0.08433735,0.03855422,0.08674699,0.03614458,0.06024096,0.06746988,0.07228916,0.01927711,0.04096386,0.03855422,0.03614458,0.04096386,0.03614458,0.05060241,0.08915663,0,0.03855422
1,0.10411622,0.00484262,0.04600484,0.08232446,0.03631961,0.08474576,0.02905569,0.05326877,0.062954,0.09200969,0.02421308,0.04358354,0.04116223,0.02905569,0.03631961,0.03631961,0.05811138,0.09443099,0.00242131,0.03874092
1,0.07657658,0.01126126,0.06981982,0.09009009,0.06081081,0.06081081,0.02252252,0.06081081,0.06306306,0.08783784,0.02702703,0.04954955,0.05405405,0.02252252,0.0472973,0.04504505,0.04504505,0.06531532,0.00900901,0.03153153
1,0.06756757,0.01126126,0.06306306,0.1036036,0.06756757,0.06756757,0.02702703,0.06531532,0.05855856,0.09459459,0.03153153,0.04054054,0.05630631,0.01351351,0.0518018,0.04504505,0.04954955,0.0472973,0.00900901,0.02927928
1,0.06812652,0.00486618,0.06082725,0.10218978,0.04136253,0.07055961,0.0243309,0.0729927,0.05839416,0.10705596,0.02676399,0.0486618,0.04136253,0.01946472,0.05352798,0.03892944,0.05839416,0.06569343,0.00243309,0.03406326
1,0.06865672,0.0119403,0.07462687,0.08358209,0.04179104,0.07761194,0.0358209,0.05074627,0.08656716,0.09552239,0.03283582,0.0358209,0.0238806,0.02985075,0.03880597,0.04179104,0.06268657,0.07164179,0.00895522,0.02686567
1,0.08605341,0.00593472,0.06231454,0.09495549,0.05934718,0.07418398,0.02967359,0.03857567,0.07121662,0.10089021,0.02670623,0.03857567,0.02670623,0.02670623,0.04154303,0.03264095,0.0652819,0.08011869,0.00890208,0.02967359
1,0.10262009,0.00873362,0.04366812,0.07423581,0.03930131,0.10917031,0.01746725,0.06768559,0.06113537,0.05676856,0.01965066,0.04366812,0.0371179,0.0371179,0.0371179,0.06331878,0.05676856,0.07860262,0.00655022,0.03930131
1,0.08454106,0.00724638,0.06521739,0.07004831,0.03623188,0.09178744,0.01690821,0.07729469,0.05072464,0.07729469,0.02898551,0.04830918,0.03864734,0.03140097,0.05555556,0.04830918,0.0531401,0.07246377,0.01207729,0.03381643
1,0.08482143,0.00669643,0.06473214,0.08482143,0.05133929,0.07142857,0.02232143,0.05803571,0.05580357,0.08482143,0.03571429,0.05357143,0.05133929,0.01116071,0.04464286,0.04241071,0.05357143,0.06919643,0.01116071,0.04241071
1,0.09598214,0.00669643,0.04464286,0.078125,0.046875,0.109375,0.01116071,0.05803571,0.06026786,0.06919643,0.01785714,0.05580357,0.03348214,0.03571429,0.04241071,0.046875,0.05580357,0.08035714,0.00669643,0.04464286
1,0.09446254,0,0.03583062,0.09446254,0.0228013,0.11074919,0.00977199,0.09120521,0.07491857,0.0781759,0.02605863,0.0228013,0.05211726,0.03583062,0.03583062,0.05211726,0.05211726,0.07491857,0,0.03583062
1,0.11363636,0,0.04545455,0.07792208,0.02597403,0.11363636,0.01298701,0.06818182,0.08116883,0.08441558,0.01948052,0.03896104,0.06168831,0.01948052,0.01948052,0.05519481,0.05844156,0.07467532,0,0.02922078
1,0.11968085,0,0.05319149,0.05585106,0.01595745,0.10638298,0.01329787,0.07180851,0.07180851,0.08244681,0.02659574,0.03457447,0.03989362,0.03191489,0.02393617,0.04787234,0.06117021,0.11170213,0.00265957,0.02925532
1,0.11671088,0.00265252,0.04244032,0.07427056,0.02122016,0.09814324,0.01856764,0.06366048,0.06100796,0.09018568,0.0265252,0.04774536,0.04509284,0.03713528,0.0265252,0.03448276,0.06366048,0.09549072,0.00265252,0.03183024
1,0.08870968,0.00537634,0.04569892,0.08870968,0.01344086,0.09139785,0.02150538,0.09677419,0.07795699,0.06451613,0.02419355,0.04569892,0.03494624,0.04301075,0.0188172,0.05107527,0.05645161,0.09139785,0.00537634,0.03494624
1,0.12021858,0.01092896,0.06557377,0.08196721,0.01912568,0.09289617,0.02185792,0.08743169,0.05737705,0.06284153,0.01912568,0.04371585,0.02459016,0.01912568,0.05191257,0.04098361,0.05464481,0.07103825,0.00273224,0.05191257
1,0.09584665,0.00638978,0.08945687,0.04153355,0.03194888,0.08306709,0.02555911,0.09265176,0.06389776,0.06709265,0.03194888,0.05111821,0.02875399,0.02555911,0.03514377,0.0543131,0.0543131,0.07667732,0.00958466,0.03514377
1,0.12804878,0.00304878,0.05487805,0.07012195,0.03963415,0.07621951,0.02134146,0.07317073,0.06402439,0.07926829,0.00914634,0.04268293,0.03353659,0.05182927,0.02439024,0.05792683,0.04268293,0.09146341,0.00914634,0.02743902
1,0.10526316,0.00584795,0.04678363,0.09649123,0.04678363,0.09649123,0.02631579,0.04093567,0.08187135,0.07309942,0.02046784,0.03508772,0.02923977,0.0497076,0.03216374,0.02923977,0.03508772,0.11403509,0.00584795,0.02923977
1,0.13043478,0,0.05434783,0.09782609,0.04347826,0.07608696,0,0.06521739,0.13043478,0.06521739,0.01086957,0.05434783,0.04347826,0.02173913,0.04347826,0.05434783,0.04347826,0.06521739,0,0
1,0.14285714,0,0.04395604,0.0989011,0.04395604,0.05494505,0,0.04395604,0.14285714,0.06593407,0.01098901,0.04395604,0.04395604,0.02197802,0.05494505,0.05494505,0.04395604,0.08791209,0,0
1,0.06896552,0.0137931,0.03448276,0.07586207,0.06206897,0.15862069,0.05517241,0.03448276,0.07586207,0.04827586,0.02758621,0.03448276,0.05517241,0.04137931,0.00689655,0.04137931,0.06896552,0.06896552,0,0.02758621
1,0.08726415,0,0.0754717,0.16981132,0.04245283,0.06603774,0.00471698,0.03773585,0.10377358,0.08726415,0.02358491,0.03301887,0.03066038,0.04009434,0.02830189,0.02358491,0.03537736,0.09198113,0.00235849,0.01650943
1,0.10588235,0,0.06117647,0.15764706,0.04235294,0.06352941,0.01176471,0.05647059,0.09176471,0.07764706,0.02117647,0.03764706,0.03058824,0.02823529,0.02823529,0.02352941,0.04705882,0.09411765,0.00235294,0.01882353
1,0.10070258,0,0.08665105,0.12412178,0.03747073,0.05854801,0.0117096,0.05386417,0.08196721,0.07025761,0.02576112,0.04215457,0.03044496,0.03747073,0.0234192,0.04449649,0.05152225,0.09601874,0.00234192,0.02107728
1,0.09064748,0.00431655,0.0647482,0.09784173,0.03453237,0.09064748,0.02158273,0.0618705,0.05035971,0.0676259,0.03309353,0.03453237,0.04172662,0.03597122,0.05467626,0.03741007,0.05755396,0.08057554,0.0057554,0.03453237
1,0.08513709,0.00721501,0.06493506,0.1010101,0.03318903,0.07936508,0.02308802,0.06349206,0.05772006,0.06204906,0.03751804,0.03030303,0.03896104,0.03174603,0.04473304,0.05483405,0.06782107,0.07792208,0.004329,0.03463203
1,0.08369408,0.001443,0.06349206,0.0966811,0.03896104,0.07792208,0.01875902,0.07070707,0.05627706,0.06637807,0.03463203,0.03174603,0.04040404,0.03896104,0.05050505,0.05194805,0.06493506,0.07936508,0.00577201,0.02741703
1,0.1220339,0.00677966,0.05084746,0.1220339,0.04067797,0.08135593,0.01694915,0.05762712,0.09830508,0.07457627,0.04067797,0.05084746,0.01355932,0.03050847,0.04067797,0.01694915,0.05423729,0.07118644,0,0.01016949
1,0.08843537,0.00340136,0.05782313,0.11904762,0.02721088,0.06122449,0.0170068,0.06122449,0.10204082,0.06122449,0.03741497,0.04761905,0.02040816,0.03741497,0.03401361,0.04761905,0.05442177,0.10204082,0,0.02040816
1,0.09897611,0.00682594,0.06484642,0.12627986,0.02730375,0.07167235,0.01365188,0.06143345,0.10238908,0.06143345,0.03071672,0.04095563,0.01365188,0.02730375,0.05119454,0.03071672,0.05802048,0.09556314,0,0.01706485
1,0.17052023,0,0.07225434,0.09248555,0.03179191,0.06069364,0.01445087,0.05202312,0.08959538,0.07514451,0.03468208,0.0433526,0.02023121,0.02601156,0.02601156,0.03468208,0.0433526,0.0867052,0.00289017,0.02312139
1,0.20879121,0,0.04395604,0.0989011,0.05494505,0.06593407,0,0.05494505,0.12087912,0.05494505,0.01098901,0.03296703,0.02197802,0.03296703,0.04395604,0.03296703,0.04395604,0.07692308,0,0
1,0.06281407,0,0.07537688,0.09045226,0.02763819,0.08542714,0.03015075,0.08291457,0.04773869,0.0678392,0.02763819,0.03015075,0.05025126,0.02512563,0.05778894,0.04522613,0.07788945,0.09045226,0,0.02512563
1,0.07446809,0,0.05319149,0.12765957,0.0106383,0.10638298,0,0.07446809,0.08510638,0.09574468,0.0106383,0,0.03191489,0.0106383,0.05319149,0.07446809,0.04255319,0.11702128,0,0.03191489
1,0.07446809,0,0.06382979,0.11702128,0.0106383,0.09574468,0,0.07446809,0.08510638,0.09574468,0.0106383,0.0106383,0.04255319,0.0106383,0.03191489,0.06382979,0.07446809,0.10638298,0,0.03191489
1,0.04166667,0,0.08333333,0.09375,0.02083333,0.08333333,0.02083333,0.0625,0.0625,0.07291667,0.01041667,0.01041667,0.02083333,0.02083333,0.05208333,0.07291667,0.09375,0.17708333,0,0
1,0.10966543,0,0.06319703,0.09851301,0.01672862,0.08178439,0.00371747,0.06319703,0.06133829,0.07992565,0.03159851,0.05576208,0.02788104,0.04089219,0.03903346,0.04460967,0.06319703,0.10594796,0.00185874,0.01115242
1,0.12891344,0,0.05893186,0.08655617,0.01841621,0.08839779,0.00368324,0.07550645,0.0626151,0.08471455,0.03130755,0.03867403,0.03499079,0.02025783,0.04051565,0.04235727,0.08103131,0.09392265,0.00184162,0.00736648
1,0.09821429,0.00892857,0.06845238,0.06547619,0.03869048,0.08630952,0.01785714,0.04761905,0.07142857,0.07738095,0.02380952,0.04166667,0.0327381,0.0297619,0.0327381,0.0297619,0.09821429,0.10416667,0.00595238,0.02083333
1,0.07868852,0.00163934,0.08688525,0.09508197,0.02131148,0.07540984,0.00491803,0.06721311,0.08852459,0.07540984,0.01639344,0.04754098,0.03278689,0.05409836,0.03442623,0.05737705,0.06557377,0.08360656,0,0.01311475
1,0.04326923,0.00961538,0.05288462,0.07692308,0.02884615,0.0625,0.04807692,0.03846154,0.05288462,0.11057692,0.01442308,0.08173077,0.04326923,0.03846154,0.02884615,0.07211538,0.04326923,0.0625,0.02884615,0.0625
1,0.1039604,0,0.05445545,0.08910891,0.04950495,0.07425743,0.03960396,0.03465347,0.06435644,0.07920792,0.00990099,0.07425743,0.04950495,0.00990099,0.02970297,0.04950495,0.06435644,0.05445545,0.02970297,0.03960396
1,0.08040201,0,0.05025126,0.10552764,0.04020101,0.06030151,0.04020101,0.04020101,0.07537688,0.09045226,0.01005025,0.08040201,0.04522613,0.02512563,0.0201005,0.04020101,0.05527638,0.07035176,0.03517588,0.03517588
1,0.09090909,0,0.07575758,0.10606061,0.10606061,0.13636364,0.01515152,0.03030303,0.06060606,0.01515152,0.01515152,0.04545455,0.01515152,0.09090909,0.03030303,0.03030303,0.03030303,0.09090909,0.01515152,0
1,0.10769231,0.00923077,0.06769231,0.07384615,0.03384615,0.10153846,0.01230769,0.06769231,0.07384615,0.08307692,0.00923077,0.02769231,0.02461538,0.01538462,0.03384615,0.06769231,0.04615385,0.11692308,0,0.02769231
1,0.09704641,0.00632911,0.07383966,0.06962025,0.03797468,0.08016878,0.01687764,0.07594937,0.05907173,0.08016878,0.02109705,0.04219409,0.03797468,0.03586498,0.04219409,0.06118143,0.0443038,0.05696203,0.01054852,0.05063291
1,0.07386364,0.03125,0.07102273,0.06818182,0.02840909,0.09090909,0.03409091,0.09090909,0.07954545,0.07954545,0.01136364,0.02556818,0.04261364,0.01420455,0.01704545,0.04829545,0.0625,0.09090909,0.00568182,0.03409091
1,0.11187215,0.00456621,0.06621005,0.09360731,0.03424658,0.10958904,0.00913242,0.07534247,0.05251142,0.06621005,0.02283105,0.04109589,0.02511416,0.02511416,0.0456621,0.043379,0.05936073,0.06621005,0.00684932,0.04109589
1,0.1381733,0,0.07259953,0.07728337,0.0234192,0.10772834,0.01405152,0.04683841,0.03278689,0.10772834,0.01639344,0.02576112,0.03981265,0.02810304,0.04683841,0.06088993,0.05620609,0.07494145,0.00702576,0.0234192
1,0.1040724,0.00226244,0.0678733,0.09276018,0.03167421,0.09049774,0.01357466,0.07692308,0.06108597,0.06334842,0.03393665,0.05882353,0.02714932,0.02262443,0.03393665,0.0520362,0.06108597,0.0678733,0.00452489,0.03393665
1,0.12790698,0.01162791,0.05523256,0.06395349,0.0377907,0.09883721,0.02906977,0.05232558,0.06976744,0.0755814,0.02034884,0.0377907,0.04360465,0.03488372,0.02034884,0.05523256,0.04360465,0.08430233,0.00290698,0.03488372
1,0.10774411,0,0.07070707,0.06734007,0.02693603,0.07407407,0.01346801,0.05723906,0.06060606,0.1010101,0.03030303,0.03030303,0.03703704,0.05387205,0.03367003,0.08417508,0.05050505,0.07744108,0.003367,0.02020202
1,0.10452962,0.00696864,0.05574913,0.08013937,0.02439024,0.1010453,0.02787456,0.08013937,0.07317073,0.06271777,0.03484321,0.05226481,0.03135889,0.02439024,0.0174216,0.04181185,0.04878049,0.09059233,0.01045296,0.03135889
1,0.12751678,0.01342282,0.05369128,0.09060403,0.04026846,0.09731544,0.03355705,0.07718121,0.0704698,0.07718121,0.03020134,0.05033557,0.03355705,0.01677852,0.02013423,0.03691275,0.03020134,0.0738255,0.00671141,0.02013423
1,0.11764706,0.00588235,0.08823529,0.03823529,0.01470588,0.08823529,0.01470588,0.07352941,0.07058824,0.10294118,0.00882353,0.05,0.03823529,0.02058824,0.02941176,0.05294118,0.06764706,0.08235294,0.00882353,0.02647059
1,0.09705882,0.01176471,0.07352941,0.04411765,0.03823529,0.08823529,0.02058824,0.06176471,0.05588235,0.08529412,0.01176471,0.05588235,0.02647059,0.02647059,0.03529412,0.06176471,0.08529412,0.08823529,0.00588235,0.02647059
1,0.10385757,0.00296736,0.06231454,0.06824926,0.03857567,0.10089021,0.02670623,0.05341246,0.0652819,0.07418398,0.02670623,0.04154303,0.02670623,0.02077151,0.03560831,0.04451039,0.09198813,0.09198813,0.00593472,0.01780415
1,0.10405405,0.00405405,0.06756757,0.05945946,0.03513514,0.10675676,0.01621622,0.03378378,0.0472973,0.08378378,0.02432432,0.03783784,0.06756757,0.02837838,0.04864865,0.04864865,0.05675676,0.06891892,0.03243243,0.02837838
1,0.09358289,0,0.07219251,0.06417112,0.03743316,0.10294118,0.01871658,0.03342246,0.04946524,0.0815508,0.01737968,0.04278075,0.06684492,0.03475936,0.04812834,0.05481283,0.06417112,0.05882353,0.03208556,0.02673797
1,0.10488506,0.00287356,0.06465517,0.07471264,0.02729885,0.09913793,0.03017241,0.04885057,0.03304598,0.08477011,0.01724138,0.02442529,0.06034483,0.02729885,0.04885057,0.06609195,0.06321839,0.07327586,0.02298851,0.02586207
1,0.1,0.00294118,0.05,0.07058824,0.03529412,0.14117647,0.02352941,0.07647059,0.04705882,0.07647059,0.02058824,0.05588235,0.02647059,0.01176471,0.05294118,0.04705882,0.05,0.08823529,0,0.02352941
1,0.0775,0,0.085,0.0675,0.0325,0.1075,0.0175,0.08,0.0925,0.0825,0.0225,0.045,0.035,0.01,0.0225,0.0625,0.04,0.095,0.005,0.02
1,0.10300429,0,0.08154506,0.07725322,0.03433476,0.06008584,0.03004292,0.05150215,0.07725322,0.10300429,0.01287554,0.05579399,0.0472103,0.02575107,0.04291845,0.03862661,0.03433476,0.06437768,0.02575107,0.03433476
1,0.09111111,0,0.06666667,0.07555556,0.04444444,0.08666667,0.01333333,0.05777778,0.06444444,0.07555556,0.02888889,0.05555556,0.03111111,0.02888889,0.04,0.06222222,0.06,0.06,0.00888889,0.04888889
1,0.13492063,0.01190476,0.06746032,0.08333333,0.02777778,0.07936508,0.01190476,0.05952381,0.06746032,0.06746032,0.01984127,0.04365079,0.03571429,0.03968254,0.02380952,0.06746032,0.03571429,0.08333333,0.01190476,0.02777778
1,0.12561576,0.00738916,0.06896552,0.05418719,0.01477833,0.08866995,0.01724138,0.03448276,0.01231527,0.10837438,0.02216749,0.01970443,0.06403941,0.0320197,0.0862069,0.05418719,0.07389163,0.10344828,0.00492611,0.00738916
1,0.09760956,0.00199203,0.05976096,0.08167331,0.03386454,0.08964143,0.01394422,0.08366534,0.06374502,0.06175299,0.03187251,0.05179283,0.03585657,0.02191235,0.05179283,0.0498008,0.06772908,0.08565737,0.00398406,0.01195219
1,0.12421581,0.00439147,0.08343789,0.05771644,0.02885822,0.0727729,0.02195734,0.05081556,0.0250941,0.10790464,0.01693852,0.02446675,0.04516939,0.0250941,0.08218319,0.05583438,0.05332497,0.08218319,0.01254705,0.0250941
1,0.11038961,0,0.04220779,0.08116883,0.02272727,0.11038961,0.01623377,0.11688312,0.06493506,0.07142857,0.01623377,0.03571429,0.04220779,0.03246753,0.02597403,0.06168831,0.05844156,0.05519481,0.00649351,0.02922078
1,0.13225806,0,0.04193548,0.07419355,0.03225806,0.11935484,0.01935484,0.08387097,0.07741935,0.08064516,0.01612903,0.02580645,0.04516129,0.01935484,0.02258065,0.05483871,0.06129032,0.06129032,0,0.03225806
1,0.15633423,0.01347709,0.05121294,0.04851752,0.02425876,0.09973046,0.02695418,0.04043127,0.0296496,0.09973046,0.02156334,0.02425876,0.04851752,0.02425876,0.05121294,0.04312668,0.0754717,0.08894879,0.00539084,0.02695418
1,0.09337349,0,0.09638554,0.05722892,0.04518072,0.05722892,0.01506024,0.05722892,0.07831325,0.09036145,0.03012048,0.06626506,0.03012048,0.03012048,0.03313253,0.02710843,0.06325301,0.08433735,0.0060241,0.03915663
1,0.10089021,0.00593472,0.06824926,0.08902077,0.03560831,0.10682493,0.02077151,0.06231454,0.0652819,0.08605341,0.02670623,0.02670623,0.03560831,0.03264095,0.03857567,0.04154303,0.04451039,0.08308605,0.00593472,0.02373887
1,0.28365385,0,0.02403846,0.01923077,0.01923077,0.05288462,0.00480769,0.01923077,0.20673077,0.01442308,0.00961538,0.01442308,0.07692308,0.01923077,0.0625,0.01442308,0.08653846,0.07211538,0,0
1,0.09340659,0.00549451,0.06593407,0.03296703,0.06043956,0.12087912,0.03296703,0.06043956,0.03846154,0.04395604,0.01648352,0.04945055,0.06593407,0.03846154,0.03846154,0.05494505,0.0989011,0.06043956,0,0.02197802
1,0.05833333,0,0.05833333,0.09166667,0.03333333,0.15,0.01666667,0.075,0.025,0.075,0.01666667,0.01666667,0.08333333,0.025,0.05833333,0.03333333,0.05833333,0.08333333,0.01666667,0.025
1,0.12875536,0,0.08583691,0.10085837,0.03218884,0.05579399,0.00858369,0.03648069,0.03004292,0.0944206,0.00643777,0.0193133,0.0472103,0.06437768,0.07081545,0.06652361,0.05150215,0.08798283,0,0.01287554
1,0.09808102,0,0.08102345,0.13646055,0.02985075,0.0533049,0.01066098,0.04904051,0.04690832,0.09594883,0.01066098,0.02132196,0.04264392,0.06183369,0.05117271,0.05117271,0.06396588,0.08742004,0,0.00852878
1,0.1,0,0.10454545,0.125,0.02954545,0.04772727,0.01136364,0.04772727,0.10454545,0.06818182,0.01818182,0.03636364,0.03409091,0.06136364,0.02727273,0.03409091,0.04318182,0.07727273,0.00454545,0.025
1,0.18545455,0,0.08,0.09090909,0.02545455,0.06545455,0.00727273,0.03636364,0.08727273,0.09090909,0.00727273,0.02909091,0.02181818,0.02909091,0.05454545,0.01818182,0.05454545,0.09454545,0,0.02181818
1,0.12328767,0.00342466,0.08561644,0.10616438,0.02739726,0.06506849,0.01369863,0.05821918,0.10958904,0.05136986,0.0239726,0.03767123,0.01369863,0.03082192,0.03082192,0.05136986,0.04109589,0.11643836,0.00342466,0.00684932
1,0.16959064,0,0.0497076,0.11988304,0.04093567,0.06140351,0.01754386,0.05263158,0.09356725,0.07894737,0.02339181,0.03508772,0.01754386,0.03216374,0.02339181,0.0380117,0.05847953,0.07894737,0.00292398,0.00584795
1,0.07828283,0,0.06818182,0.08333333,0.03282828,0.08333333,0.02777778,0.05555556,0.0530303,0.06565657,0.02777778,0.03535354,0.05050505,0.03535354,0.06060606,0.01515152,0.09090909,0.11616162,0.00252525,0.01767677
1,0.06835443,0,0.07848101,0.09113924,0.03291139,0.09367089,0.03797468,0.06329114,0.0556962,0.06835443,0.0278481,0.02025316,0.04556962,0.02531646,0.04810127,0.0278481,0.07848101,0.11139241,0,0.02531646
1,0.16080402,0,0.10552764,0.05025126,0.00502513,0.03015075,0.0201005,0.01507538,0.07035176,0.09045226,0.0201005,0.02512563,0.04020101,0.10050251,0.03517588,0.03517588,0.09547739,0.08542714,0,0.01507538
1,0.0726257,0,0.06145251,0.18435754,0.01675978,0.02793296,0.02234637,0.04469274,0.06703911,0.10614525,0.02793296,0.03910615,0.01675978,0.06145251,0.04469274,0.05586592,0.03351955,0.09497207,0.00558659,0.01675978
1,0.09,0,0.07,0.11,0,0.09,0,0.07,0.09,0.07,0.01,0.03,0.05,0.02,0.03,0.04,0.07,0.11,0.01,0.04
1,0.13863216,0,0.05545287,0.10166359,0.012939,0.10166359,0.00369686,0.05360444,0.07393715,0.10166359,0.012939,0.02772643,0.02957486,0.025878,0.04066543,0.04621072,0.06099815,0.09796673,0.00184843,0.012939
1,0.11090573,0,0.0702403,0.08687616,0.01663586,0.08687616,0.00739372,0.0702403,0.0702403,0.07578558,0.02772643,0.04251386,0.02957486,0.03696858,0.03512015,0.04805915,0.08133087,0.09242144,0.00184843,0.00924214
1,0.11330049,0,0.08866995,0.08210181,0.02791461,0.08045977,0.00492611,0.06568144,0.08866995,0.07553366,0.01970443,0.03448276,0.03119869,0.04761905,0.02627258,0.05747126,0.06732348,0.0771757,0,0.01149425
1,0.1072,0,0.08,0.0816,0.0192,0.0928,0.0128,0.0592,0.0624,0.072,0.0144,0.032,0.0368,0.0448,0.0528,0.0544,0.0688,0.0912,0.0048,0.0128
1,0.13366337,0,0.05445545,0.09405941,0.03960396,0.05445545,0.04455446,0.06930693,0.04455446,0.09405941,0.01980198,0.06930693,0.04455446,0.02970297,0.01980198,0.03465347,0.04455446,0.04455446,0.02475248,0.03960396
1,0.05970149,0,0.02985075,0.10447761,0.08955224,0.13432836,0.02985075,0.04477612,0.05970149,0.02985075,0.01492537,0.02985075,0.05970149,0.05970149,0.02985075,0.04477612,0.07462687,0.07462687,0.01492537,0.01492537
1,0.06060606,0,0.09090909,0.07575758,0.09090909,0.12121212,0.01515152,0.03030303,0.07575758,0.01515152,0.01515152,0.06060606,0.03030303,0.06060606,0.01515152,0.04545455,0.07575758,0.09090909,0.01515152,0.01515152
1,0.16666667,0,0.04716981,0.07861635,0.01886792,0.11949686,0.00943396,0.05345912,0.04716981,0.07232704,0.00628931,0.01886792,0.04402516,0.02830189,0.03459119,0.05345912,0.05031447,0.13207547,0,0.01886792
1,0.11740891,0.00404858,0.08097166,0.07287449,0.01214575,0.08502024,0.02024291,0.04048583,0.06072874,0.11740891,0.01619433,0.0242915,0.05668016,0.02834008,0.06072874,0.03238866,0.04453441,0.06072874,0.02024291,0.04453441
1,0.08444444,0.00444444,0.05333333,0.06222222,0.00888889,0.07555556,0.04,0.05333333,0.04,0.09777778,0.02222222,0.03111111,0.04,0.05333333,0.08,0.03555556,0.06666667,0.07555556,0.02222222,0.05333333
1,0.14457831,0.00301205,0.06626506,0.05120482,0.01807229,0.13554217,0.02108434,0.03915663,0.02710843,0.09638554,0.01204819,0.00301205,0.06024096,0.01204819,0.05722892,0.03915663,0.06024096,0.12349398,0.0060241,0.02409639
-1,0.06720978,0.00610998,0.0610998,0.10183299,0.04887984,0.0610998,0.02240326,0.0610998,0.07942974,0.09164969,0.02647658,0.04276986,0.04684318,0.03665988,0.04480652,0.05295316,0.03665988,0.06720978,0.01425662,0.0305499
-1,0.09806835,0,0.05943536,0.10104012,0.05052006,0.04606241,0.02080238,0.07280832,0.06983655,0.09806835,0.02526003,0.0564636,0.02971768,0.02526003,0.04011887,0.05794948,0.03566122,0.07875186,0.01040119,0.02377415
-1,0.06557377,0.00252207,0.04665826,0.06179067,0.05800757,0.0554855,0.02522068,0.05296343,0.07944515,0.10592686,0.02017654,0.06052963,0.04665826,0.05422446,0.03152585,0.03783102,0.06935687,0.06431274,0.02269861,0.03909206
-1,0.08648649,0,0.05945946,0.07567568,0.05405405,0.04864865,0.00540541,0.07567568,0.14594595,0.07027027,0.03243243,0.03243243,0.03243243,0.07027027,0.05945946,0.02702703,0.04324324,0.07027027,0,0.01081081
-1,0.09744409,0,0.07348243,0.09105431,0.06230032,0.03833866,0.01597444,0.0543131,0.08785942,0.0942492,0.01757188,0.05271565,0.0399361,0.03194888,0.02715655,0.06709265,0.05111821,0.04153355,0.02076677,0.03514377
-1,0.08636364,0.00113636,0.06363636,0.09772727,0.03977273,0.07954545,0.02386364,0.06136364,0.06590909,0.08409091,0.02272727,0.04431818,0.03522727,0.04090909,0.04090909,0.03977273,0.05340909,0.08181818,0.01136364,0.02613636
-1,0.04658385,0.00621118,0.05590062,0.11645963,0.04968944,0.07142857,0.03416149,0.08385093,0.08540373,0.09161491,0.02950311,0.02795031,0.04192547,0.02329193,0.05590062,0.04037267,0.03726708,0.04658385,0.01242236,0.04347826
-1,0.09577114,0.00373134,0.05348259,0.09577114,0.02487562,0.0721393,0.01741294,0.05845771,0.07089552,0.10820896,0.01368159,0.03482587,0.03606965,0.03358209,0.03855721,0.05348259,0.05970149,0.09328358,0.00497512,0.03109453
-1,0.10834813,0,0.04973357,0.08703375,0.04262877,0.05150977,0.02309059,0.07460036,0.07637655,0.09769094,0.01598579,0.05506217,0.03197158,0.04262877,0.04085258,0.05150977,0.04085258,0.05683837,0.01243339,0.04085258
-1,0.05372405,0.01343101,0.05982906,0.10500611,0.04639805,0.05982906,0.01831502,0.05860806,0.08547009,0.07203907,0.02930403,0.03785104,0.04884005,0.02075702,0.04761905,0.03907204,0.05128205,0.07203907,0.02442002,0.05616606
-1,0.07610619,0.00884956,0.05486726,0.11150442,0.05309735,0.05663717,0.01769912,0.06725664,0.10265487,0.09380531,0.02123894,0.05840708,0.03185841,0.01769912,0.03539823,0.04070796,0.03362832,0.06902655,0.01061947,0.03893805
-1,0.10144928,0.02898551,0.11594203,0.08695652,0.01449275,0.07246377,0.02898551,0.02898551,0.08695652,0.04347826,0.02898551,0.01449275,0,0.05797101,0,0.07246377,0.02898551,0.17391304,0,0.01449275
-1,0.05016722,0.01337793,0.05685619,0.07692308,0.0367893,0.10367893,0.01003344,0.1270903,0.07023411,0.05351171,0.02006689,0.0735786,0.06354515,0.01672241,0.02675585,0.04013378,0.090301,0.02006689,0.02675585,0.02341137
-1,0.04545455,0.01515152,0.09090909,0.04545455,0.04040404,0.13131313,0.01010101,0.07070707,0.07070707,0.09090909,0.02525253,0.06060606,0.01515152,0.03030303,0.05050505,0.06060606,0.04040404,0.06565657,0.01010101,0.03030303
-1,0.09761388,0.01301518,0.05422993,0.06290672,0.03036876,0.07809111,0.01735358,0.09110629,0.07592191,0.0824295,0.02169197,0.03687636,0.04555315,0.02386117,0.03253796,0.06073753,0.05422993,0.0867679,0.0021692,0.03253796
-1,0.06493506,0.01623377,0.04545455,0.06493506,0.05194805,0.02597403,0.02597403,0.05844156,0.07142857,0.10714286,0.02922078,0.03246753,0.0487013,0.05194805,0.05519481,0.06493506,0.06818182,0.06818182,0.00974026,0.03896104
-1,0.03203661,0.01029748,0.06292906,0.06292906,0.05491991,0.02974828,0.02059497,0.09839817,0.10297483,0.11212815,0.02059497,0.09038902,0.02860412,0.03318078,0.02745995,0.04347826,0.05606407,0.04462243,0.0228833,0.04576659
-1,0.08965517,0.00229885,0.08045977,0.07126437,0.05977011,0.06896552,0.02988506,0.04367816,0.07126437,0.08735632,0.03678161,0.07356322,0.02988506,0.02758621,0.02528736,0.03908046,0.05517241,0.04367816,0.01149425,0.05287356
-1,0.06928406,0.00230947,0.0669746,0.09699769,0.04387991,0.06466513,0.01847575,0.06466513,0.06004619,0.08083141,0.04157044,0.03233256,0.04849885,0.03926097,0.05080831,0.05080831,0.05311778,0.06235566,0.00230947,0.05080831
-1,0.05699482,0.01036269,0.0634715,0.04533679,0.04274611,0.02590674,0.02202073,0.10621762,0.09067358,0.11658031,0.01165803,0.11528497,0.0246114,0.03756477,0.01943005,0.05829016,0.04404145,0.06217617,0.00388601,0.04274611
-1,0.06857143,0.01142857,0.06285714,0.09142857,0.03428571,0.05142857,0.01142857,0.08571429,0.16,0.05714286,0.04,0.02285714,0.03428571,0.06285714,0.06857143,0.02285714,0.04571429,0.05714286,0,0.01142857
-1,0.04529617,0.00348432,0.05574913,0.05574913,0.06271777,0.04529617,0.02439024,0.05923345,0.09059233,0.11149826,0.01045296,0.06620209,0.04181185,0.04878049,0.02787456,0.05574913,0.04878049,0.06968641,0.02090592,0.05574913
-1,0.04819277,0.0060241,0.04518072,0.06325301,0.03313253,0.04819277,0.01506024,0.07228916,0.12048193,0.11746988,0.02409639,0.08433735,0.03614458,0.03915663,0.02108434,0.06325301,0.06927711,0.05120482,0.00301205,0.03915663
-1,0.04868154,0.0040568,0.05882353,0.09127789,0.06693712,0.04462475,0.02839757,0.0831643,0.0851927,0.10750507,0.02434077,0.06288032,0.03245436,0.03245436,0.04665314,0.04056795,0.05070994,0.05679513,0.0040568,0.03042596
-1,0.05373134,0.01791045,0.05970149,0.05373134,0.03880597,0.04477612,0.0119403,0.08656716,0.11940299,0.08955224,0.03880597,0.08358209,0.02089552,0.04776119,0.01492537,0.06268657,0.06268657,0.04776119,0,0.04477612
-1,0.03140097,0.01207729,0.06280193,0.06763285,0.05072464,0.0410628,0.00724638,0.09903382,0.10869565,0.10869565,0.01449275,0.08695652,0.02173913,0.04830918,0.0410628,0.04830918,0.05797101,0.0410628,0.00241546,0.04830918
-1,0.075,0.00833333,0.075,0.11666667,0.02777778,0.05555556,0.01388889,0.06666667,0.08888889,0.07777778,0.03333333,0.05277778,0.01944444,0.03333333,0.05833333,0.05555556,0.04722222,0.06111111,0.00555556,0.02777778
-1,0.04292929,0.01136364,0.06565657,0.09848485,0.0239899,0.06186869,0.01388889,0.09469697,0.08838384,0.08333333,0.02272727,0.06439394,0.03535354,0.01767677,0.04166667,0.05681818,0.0530303,0.09343434,0.00378788,0.02651515
-1,0.05952381,0.01190476,0.07539683,0.09126984,0.03968254,0.05952381,0.01984127,0.07142857,0.04761905,0.07936508,0.02380952,0.04761905,0.02777778,0.04761905,0.05952381,0.05952381,0.02380952,0.07936508,0.02380952,0.0515873
-1,0.05633803,0.01877934,0.07042254,0.05633803,0.02347418,0.05164319,0.02816901,0.09389671,0.09389671,0.11267606,0.01408451,0.07981221,0.04225352,0.04694836,0.03755869,0.04225352,0.04225352,0.03755869,0.00469484,0.04694836
-1,0.06744868,0.00293255,0.04985337,0.08504399,0.03225806,0.06451613,0.01466276,0.08797654,0.08211144,0.08504399,0.02346041,0.05278592,0.04692082,0.04105572,0.04985337,0.04398827,0.06451613,0.07038123,0,0.03519062
-1,0.10611511,0.00359712,0.06115108,0.09532374,0.03417266,0.07014388,0.01978417,0.04856115,0.07913669,0.09532374,0.0323741,0.04856115,0.02338129,0.0323741,0.04496403,0.04316547,0.04316547,0.06115108,0.00539568,0.05215827
-1,0.07017544,0.01096491,0.04166667,0.06140351,0.08114035,0.03947368,0.01535088,0.07236842,0.09429825,0.10526316,0.01754386,0.06578947,0.03070175,0.0504386,0.03289474,0.07236842,0.05482456,0.0504386,0.01096491,0.02192982
-1,0.05405405,0,0.04324324,0.1027027,0.04864865,0.08648649,0.02702703,0.04324324,0.05945946,0.07027027,0.02702703,0.04324324,0.02702703,0.04324324,0.04324324,0.04864865,0.0972973,0.10810811,0.00540541,0.02162162
-1,0.05747126,0.01149425,0.09195402,0.07471264,0.04885057,0.07758621,0.02586207,0.04597701,0.05747126,0.09770115,0.02586207,0.02873563,0.04885057,0.05172414,0.06321839,0.03448276,0.04885057,0.07758621,0.00287356,0.02873563
-1,0.08361204,0.00167224,0.09197324,0.06354515,0.05685619,0.07525084,0.01672241,0.05183946,0.05685619,0.08695652,0.02675585,0.03511706,0.04347826,0.05016722,0.05685619,0.04013378,0.05016722,0.06187291,0.01003344,0.04013378
-1,0.07027027,0.0018018,0.06666667,0.08108108,0.04144144,0.08108108,0.02522523,0.05045045,0.0954955,0.07747748,0.03243243,0.02882883,0.03243243,0.02162162,0.05405405,0.05225225,0.06666667,0.07387387,0.01081081,0.03603604
-1,0.08965517,0.02758621,0.03448276,0.13793103,0.03448276,0.06896552,0.0137931,0.08965517,0.05517241,0.08965517,0.02758621,0.05517241,0.02068966,0.05517241,0.0137931,0.03448276,0.04137931,0.08965517,0,0.02068966
-1,0.04914005,0.0036855,0.06633907,0.08968059,0.03316953,0.07002457,0.02334152,0.06388206,0.07862408,0.08353808,0.02334152,0.05528256,0.04914005,0.03316953,0.03316953,0.04791155,0.05528256,0.06879607,0.02702703,0.04545455
-1,0.05369128,0.00671141,0.08724832,0.08724832,0.02013423,0.02684564,0.03355705,0.11409396,0.10067114,0.10067114,0.03355705,0.05369128,0.01342282,0.03355705,0.03355705,0.04026846,0.04026846,0.06711409,0,0.05369128
-1,0.04289544,0.01072386,0.0616622,0.08042895,0.05093834,0.08310992,0.02680965,0.05093834,0.07238606,0.10187668,0.03485255,0.02680965,0.03485255,0.0536193,0.05898123,0.05630027,0.0616622,0.06702413,0.00536193,0.01876676
-1,0.04979253,0.01244813,0.06016598,0.06431535,0.04771784,0.03941909,0.02282158,0.11618257,0.09958506,0.09958506,0.0186722,0.07676349,0.02904564,0.03526971,0.03112033,0.0560166,0.04564315,0.0373444,0.01037344,0.04771784
-1,0.05194805,0.00649351,0.07142857,0.05844156,0.06493506,0.09090909,0.01948052,0.07142857,0.1038961,0.08441558,0.01948052,0.05194805,0.03896104,0.02597403,0.00649351,0.05194805,0.06493506,0.11038961,0.00649351,0
-1,0.08055556,0.00555556,0.06111111,0.10555556,0.025,0.04444444,0.02222222,0.075,0.08611111,0.08333333,0.04166667,0.05833333,0.02777778,0.03888889,0.05277778,0.05555556,0.04166667,0.06111111,0.00555556,0.02777778
-1,0.07764706,0.00470588,0.08235294,0.08705882,0.04235294,0.05882353,0.02823529,0.04235294,0.06823529,0.08470588,0.02588235,0.03058824,0.04705882,0.04235294,0.05647059,0.04705882,0.06352941,0.07058824,0.00705882,0.03294118
-1,0.06112853,0.00783699,0.05956113,0.09561129,0.04702194,0.07053292,0.03605016,0.06269592,0.06583072,0.09404389,0.02664577,0.03134796,0.03448276,0.05485893,0.06269592,0.05172414,0.02507837,0.06739812,0.00783699,0.03761755
-1,0.07741935,0.00322581,0.06774194,0.10967742,0.03225806,0.06129032,0.02903226,0.05806452,0.06774194,0.07419355,0.02580645,0.02258065,0.05806452,0.03870968,0.03870968,0.0483871,0.04516129,0.07096774,0.01290323,0.05806452
-1,0.04201681,0,0.03361345,0.14285714,0.07563025,0.03361345,0.00840336,0.03361345,0.09243697,0.05042017,0.02521008,0.04201681,0.02521008,0.10084034,0.03361345,0.06722689,0.05042017,0.09243697,0.00840336,0.04201681
-1,0.0647482,0.01079137,0.04676259,0.08273381,0.03597122,0.04676259,0.02158273,0.0647482,0.12589928,0.09352518,0.0323741,0.06115108,0.02517986,0.06834532,0.02517986,0.04676259,0.05395683,0.07194245,0.00359712,0.01798561
-1,0.07296137,0.00643777,0.07296137,0.09871245,0.05364807,0.06223176,0.01502146,0.07939914,0.09227468,0.07081545,0.02575107,0.05579399,0.027897,0.027897,0.04935622,0.04291845,0.0472103,0.04506438,0.01287554,0.04077253
-1,0.07936508,0.00721501,0.06493506,0.08225108,0.03896104,0.07647908,0.02020202,0.06926407,0.08080808,0.05772006,0.03174603,0.03030303,0.04184704,0.03318903,0.04329004,0.05772006,0.06349206,0.08513709,0.004329,0.03174603
-1,0.07727273,0.00454545,0.0625,0.09545455,0.04204545,0.08636364,0.02045455,0.05227273,0.06931818,0.07613636,0.02727273,0.05,0.02954545,0.03522727,0.04204545,0.04886364,0.05113636,0.09545455,0.00909091,0.025
-1,0.08385093,0.01242236,0.06832298,0.0621118,0.03416149,0.0931677,0.01863354,0.0621118,0.06521739,0.07763975,0.01863354,0.02484472,0.03416149,0.04658385,0.04347826,0.04037267,0.0621118,0.09627329,0,0.05590062
-1,0.07432432,0.00337838,0.07094595,0.08783784,0.03378378,0.06081081,0.01351351,0.0777027,0.09797297,0.08445946,0.02702703,0.05743243,0.02364865,0.03378378,0.03716216,0.04391892,0.06081081,0.10135135,0.00337838,0.00675676
-1,0.09333333,0.00666667,0.06444444,0.07111111,0.04444444,0.10666667,0.02666667,0.06666667,0.05333333,0.06444444,0.02222222,0.04222222,0.03111111,0.01111111,0.03777778,0.04444444,0.07333333,0.09333333,0.00444444,0.04222222
-1,0.08798646,0.00338409,0.07106599,0.09306261,0.05583756,0.06937394,0.01184433,0.05922166,0.07275804,0.10152284,0.01861252,0.03891709,0.04230118,0.02876481,0.05245347,0.03891709,0.05245347,0.0642978,0.00676819,0.03045685
-1,0.05882353,0.00705882,0.06352941,0.10588235,0.04,0.06588235,0.02117647,0.06823529,0.11058824,0.09647059,0.01882353,0.04705882,0.03764706,0.02352941,0.04470588,0.05411765,0.03294118,0.05411765,0.00941176,0.04
-1,0.06875,0.005,0.08,0.07875,0.03125,0.065,0.01375,0.08375,0.0525,0.09,0.01875,0.04375,0.035,0.04125,0.0475,0.06125,0.06,0.085,0.00375,0.035
-1,0.04426788,0.01702611,0.06583428,0.10215664,0.0431328,0.07945516,0.01816118,0.08286039,0.10442679,0.0692395,0.02724177,0.05561862,0.01929625,0.01816118,0.04426788,0.05675369,0.04994325,0.06810443,0.00567537,0.02837684
-1,0.09029345,0.01354402,0.06772009,0.07674944,0.04740406,0.07223476,0.01805869,0.04740406,0.07223476,0.08803612,0.02934537,0.07900677,0.04514673,0.0248307,0.04288939,0.03160271,0.04514673,0.06094808,0.00902935,0.03837472
-1,0.05873494,0.00150602,0.06174699,0.10090361,0.0376506,0.06174699,0.01807229,0.05873494,0.08433735,0.09789157,0.02409639,0.03313253,0.04819277,0.03915663,0.04066265,0.03915663,0.05873494,0.07228916,0.01506024,0.04819277
-1,0.08880995,0,0.05506217,0.10479574,0.04440497,0.05328597,0.02486679,0.05683837,0.07992895,0.10124334,0.01953819,0.06394316,0.03197158,0.04085258,0.03730018,0.04085258,0.03552398,0.07104796,0.01243339,0.03730018
-1,0.062954,0.00726392,0.08474576,0.08958838,0.05084746,0.07748184,0.03389831,0.05326877,0.0653753,0.07506053,0.03874092,0.05569007,0.04116223,0.03389831,0.03874092,0.04358354,0.04358354,0.062954,0,0.04116223
-1,0.08490566,0.00471698,0.08018868,0.03301887,0.03773585,0.06603774,0.04716981,0.0990566,0.03773585,0.08490566,0.01415094,0.05660377,0.06603774,0.04716981,0.02830189,0.04716981,0.06603774,0.06603774,0.00471698,0.02830189
-1,0.10290828,0,0.06487696,0.08053691,0.04697987,0.08053691,0.01118568,0.06711409,0.07158837,0.08948546,0.00894855,0.05592841,0.03355705,0.02908277,0.03355705,0.06040268,0.04474273,0.05816555,0.01342282,0.04697987
-1,0.08108108,0,0.06216216,0.10540541,0.02702703,0.05135135,0.01891892,0.07837838,0.09459459,0.07837838,0.02432432,0.05675676,0.01621622,0.05405405,0.05135135,0.04054054,0.05675676,0.06756757,0.00810811,0.02702703
-1,0.06703911,0,0.07541899,0.12569832,0.01396648,0.06145251,0.01955307,0.06145251,0.08100559,0.08379888,0.02234637,0.03910615,0.02234637,0.04748603,0.05307263,0.0726257,0.05307263,0.06424581,0,0.03631285
-1,0.09717868,0.00626959,0.05329154,0.09090909,0.01567398,0.10344828,0.01567398,0.07210031,0.06896552,0.09090909,0.01567398,0.06583072,0.04075235,0.02194357,0.01880878,0.06583072,0.04388715,0.07836991,0.00626959,0.02821317
-1,0.09069767,0.00465116,0.06046512,0.10930233,0.05348837,0.0627907,0.01162791,0.06511628,0.06511628,0.09767442,0.02325581,0.0372093,0.03953488,0.03488372,0.05813953,0.03023256,0.05348837,0.05348837,0.00465116,0.04418605
-1,0.05960265,0.01545254,0.03752759,0.08609272,0.07284768,0.05739514,0.02207506,0.06181015,0.09050773,0.07284768,0.02649007,0.07064018,0.02428256,0.02207506,0.03752759,0.06843267,0.05298013,0.06401766,0.00883002,0.04856512
-1,0.09022556,0.0075188,0.04260652,0.04761905,0.04260652,0.07017544,0.01253133,0.05513784,0.07769424,0.12030075,0.03007519,0.04511278,0.02255639,0.06516291,0.04761905,0.04260652,0.06516291,0.0726817,0.01253133,0.03007519
-1,0.04816514,0.01605505,0.05045872,0.08256881,0.03899083,0.06880734,0,0.08944954,0.06651376,0.11238532,0.02752294,0.06651376,0.03440367,0.03440367,0.05045872,0.05045872,0.06192661,0.05963303,0,0.0412844
-1,0.08658009,0.002886,0.05194805,0.10678211,0.04473304,0.06060606,0.01875902,0.05916306,0.06493506,0.10822511,0.01443001,0.02741703,0.03607504,0.05339105,0.04761905,0.04906205,0.04040404,0.09090909,0.00577201,0.03030303
-1,0.05527638,0.01005025,0.0720268,0.09882747,0.06030151,0.07705193,0.01172529,0.06197655,0.08040201,0.10050251,0.03517588,0.03685092,0.04020101,0.03015075,0.05527638,0.03685092,0.04690117,0.05862647,0.00670017,0.02512563
-1,0.04278075,0.00356506,0.08377897,0.07843137,0.04099822,0.06238859,0.02495544,0.05882353,0.07130125,0.06238859,0.04099822,0.0516934,0.04099822,0.04278075,0.04991087,0.06060606,0.03208556,0.05882353,0.03030303,0.06238859
-1,0.09119497,0.00628931,0.06289308,0.05974843,0.03773585,0.08176101,0.03144654,0.09748428,0.05345912,0.06918239,0.02830189,0.05031447,0.03144654,0.0408805,0.0408805,0.04402516,0.05974843,0.0754717,0.00628931,0.03144654
-1,0.07066381,0.00428266,0.07494647,0.1006424,0.04496788,0.04496788,0.0235546,0.07280514,0.10278373,0.08137045,0.02569593,0.05567452,0.02997859,0.01498929,0.05139186,0.04068522,0.04496788,0.05139186,0.01498929,0.04925054
-1,0.05263158,0,0.05789474,0.1,0.05263158,0.05789474,0,0.09473684,0.1,0.07368421,0.03157895,0.08947368,0.02105263,0.04210526,0.03684211,0.00526316,0.06842105,0.07894737,0.01052632,0.02631579
-1,0.08292079,0.00618812,0.05569307,0.10767327,0.03341584,0.08415842,0.01856436,0.04331683,0.0470297,0.10024752,0.01856436,0.03341584,0.03712871,0.03960396,0.0519802,0.04579208,0.05569307,0.09777228,0.00742574,0.03341584
-1,0.06763285,0.00966184,0.03864734,0.06280193,0.03623188,0.06280193,0.01207729,0.06038647,0.04589372,0.1352657,0.00483092,0.0531401,0.0410628,0.08695652,0.0531401,0.03140097,0.07246377,0.06280193,0.02173913,0.0410628
-1,0.04261364,0.01420455,0.06818182,0.09375,0.04261364,0.07386364,0.03125,0.05397727,0.07670455,0.09090909,0.03977273,0.03693182,0.03977273,0.05113636,0.05113636,0.05397727,0.04261364,0.06534091,0.00284091,0.02840909
-1,0.03275862,0.00862069,0.05862069,0.06896552,0.04310345,0.04310345,0.03275862,0.1,0.08275862,0.10689655,0.02068966,0.07241379,0.03793103,0.04827586,0.04137931,0.04827586,0.05172414,0.04655172,0.01034483,0.04482759
-1,0.06829268,0.00243902,0.06585366,0.0902439,0.03902439,0.0804878,0.02195122,0.08292683,0.06829268,0.06829268,0.03414634,0.05853659,0.04634146,0.03902439,0.02439024,0.04146341,0.07317073,0.05609756,0,0.03902439
-1,0.04414587,0.0134357,0.04798464,0.07101727,0.04798464,0.03646833,0.02303263,0.0940499,0.07677543,0.10364683,0.02303263,0.08253359,0.03071017,0.04222649,0.02879079,0.06525912,0.04606526,0.04798464,0.01535509,0.05950096
-1,0.06666667,0.00222222,0.05111111,0.10888889,0.06444444,0.07333333,0.03111111,0.07555556,0.06,0.06888889,0.02222222,0.03111111,0.04444444,0.03333333,0.04222222,0.05111111,0.06444444,0.04888889,0.01111111,0.04888889
-1,0.04225352,0.00938967,0.05868545,0.07746479,0.03521127,0.04225352,0.01173709,0.07981221,0.10328638,0.11502347,0.02347418,0.06807512,0.02816901,0.02112676,0.03755869,0.1056338,0.06338028,0.03521127,0.00704225,0.03521127
-1,0.1,0.01666667,0.03888889,0.03888889,0.06111111,0.05,0.01111111,0.06666667,0.07777778,0.13333333,0.01666667,0.06666667,0.03888889,0.06666667,0.02777778,0.03888889,0.05,0.07222222,0,0.02777778
-1,0.08486239,0.00229358,0.05963303,0.0940367,0.04357798,0.07798165,0.02178899,0.06077982,0.06995413,0.08944954,0.02178899,0.04013761,0.03440367,0.03784404,0.03669725,0.05504587,0.05504587,0.08142202,0.00917431,0.02408257
-1,0.04728132,0.0070922,0.06146572,0.06146572,0.04964539,0.03309693,0.01654846,0.07801418,0.08510638,0.13475177,0.01654846,0.05673759,0.02364066,0.07565012,0.04491726,0.06146572,0.04491726,0.03546099,0.01182033,0.05437352
-1,0.08333333,0.00892857,0.04464286,0.08333333,0.02678571,0.06845238,0.00892857,0.07738095,0.07142857,0.08928571,0.02678571,0.04464286,0.03869048,0.06845238,0.04761905,0.05059524,0.05357143,0.06845238,0.00297619,0.03571429
-1,0.06716418,0.00373134,0.08208955,0.05970149,0.03731343,0.05410448,0.02798507,0.07276119,0.06902985,0.08395522,0.03731343,0.07089552,0.0391791,0.04850746,0.02798507,0.05223881,0.04291045,0.04291045,0.03358209,0.04664179
-1,0.05183585,0.01079914,0.07991361,0.08639309,0.0712743,0.06047516,0.01943844,0.06695464,0.0712743,0.06479482,0.02807775,0.04967603,0.04103672,0.03455724,0.04967603,0.06695464,0.05183585,0.04103672,0.02159827,0.03239741
-1,0.04333333,0.01,0.05777778,0.06333333,0.06666667,0.04222222,0.02111111,0.08333333,0.09333333,0.10222222,0.00333333,0.08666667,0.02444444,0.05333333,0.03555556,0.05888889,0.05666667,0.05111111,0.01,0.03666667
-1,0.07836991,0.01567398,0.09717868,0.04702194,0.03761755,0.0846395,0.02194357,0.06269592,0.0815047,0.06896552,0.02507837,0.02821317,0.04702194,0.02821317,0.03448276,0.03448276,0.05642633,0.0846395,0.01880878,0.04702194
-1,0.09440994,0.00745342,0.08322981,0.05962733,0.02360248,0.06583851,0.0310559,0.0621118,0.04720497,0.09689441,0.02732919,0.02981366,0.04968944,0.03602484,0.04099379,0.04720497,0.07701863,0.08447205,0.00745342,0.02857143
-1,0.06603774,0,0.06132075,0.0990566,0.03301887,0.04716981,0.01886792,0.06132075,0.14150943,0.08490566,0.02358491,0.05188679,0.03773585,0.05660377,0.06132075,0.03773585,0.02830189,0.06603774,0,0.02358491
-1,0.04508197,0.00614754,0.06147541,0.0942623,0.05737705,0.05327869,0.01844262,0.07172131,0.10040984,0.09836066,0.02254098,0.04303279,0.04098361,0.02254098,0.05532787,0.03483607,0.07786885,0.04918033,0.00409836,0.04303279
-1,0.05916031,0.0019084,0.0610687,0.09351145,0.0610687,0.07442748,0.01335878,0.0629771,0.0629771,0.07633588,0.03435115,0.04389313,0.04007634,0.04961832,0.04961832,0.04961832,0.05534351,0.06679389,0.00763359,0.03625954
-1,0.04255319,0,0.05319149,0.12765957,0.0106383,0.08510638,0,0.07446809,0.08510638,0.07446809,0.0106383,0.05319149,0.0212766,0.04255319,0.05319149,0.03191489,0.08510638,0.12765957,0,0.0212766
-1,0.05882353,0.00980392,0.08823529,0.05882353,0.07843137,0.11764706,0.02941176,0.05882353,0.09803922,0.05882353,0.00980392,0.04901961,0.02941176,0.01960784,0.04901961,0.02941176,0.02941176,0.08823529,0.00980392,0.02941176
-1,0.0766129,0,0.07056452,0.08266129,0.04637097,0.06048387,0.02419355,0.07258065,0.09072581,0.07459677,0.03830645,0.03427419,0.04435484,0.04233871,0.05241935,0.04637097,0.0483871,0.04637097,0.0141129,0.03427419
-1,0.06176471,0.00294118,0.06176471,0.07647059,0.03235294,0.07058824,0.02352941,0.07058824,0.07352941,0.09411765,0.03529412,0.05,0.04411765,0.03823529,0.05,0.05294118,0.05882353,0.05882353,0,0.04411765
-1,0.0802005,0.00250627,0.05639098,0.07769424,0.02756892,0.07894737,0.02005013,0.06766917,0.07518797,0.05639098,0.02380952,0.09273183,0.03508772,0.06265664,0.05639098,0.03634085,0.06015038,0.07769424,0.00125313,0.0112782
-1,0.08007117,0.00177936,0.05871886,0.09786477,0.04448399,0.07295374,0.02313167,0.07295374,0.09074733,0.08896797,0.03202847,0.04626335,0.02846975,0.02491103,0.04448399,0.03558719,0.03202847,0.07829181,0.00711744,0.03914591
-1,0.07026477,0.00407332,0.04989817,0.08553971,0.03767821,0.05193483,0.01425662,0.06720978,0.08757637,0.13034623,0.01527495,0.06313646,0.01832994,0.06619145,0.03564155,0.06211813,0.05498982,0.05397149,0.00407332,0.02749491
-1,0.0781759,0.00651466,0.07003257,0.07491857,0.02931596,0.06351792,0.01628664,0.11726384,0.09446254,0.08631922,0.01791531,0.06514658,0.02117264,0.02442997,0.03583062,0.04560261,0.0504886,0.07654723,0.00162866,0.02442997
-1,0.0797546,0,0.06748466,0.05521472,0.03680982,0.03680982,0.02453988,0.09202454,0.06748466,0.07361963,0.03680982,0.03680982,0.03067485,0.03680982,0.06748466,0.08588957,0.04907975,0.11042945,0.00613497,0.00613497
-1,0.04804805,0.01501502,0.07507508,0.04804805,0.07207207,0.03603604,0.03303303,0.09309309,0.09309309,0.0960961,0.02402402,0.09309309,0.01801802,0.03603604,0.03303303,0.04804805,0.04804805,0.05405405,0.01201201,0.02402402
-1,0.11003236,0.00970874,0.06148867,0.10679612,0.02588997,0.0420712,0.01294498,0.07119741,0.08414239,0.10679612,0.01618123,0.06148867,0.02265372,0.03559871,0.02265372,0.0420712,0.05177994,0.09385113,0,0.02265372
-1,0.03780069,0.00343643,0.05498282,0.08934708,0.06872852,0.02749141,0.03780069,0.07216495,0.08591065,0.15120275,0.02061856,0.07560137,0.02405498,0.03092784,0.03092784,0.08934708,0.02749141,0.03436426,0,0.03780069
-1,0.12286689,0,0.06484642,0.11945392,0.04095563,0.06143345,0.01023891,0.05460751,0.09897611,0.0443686,0.05460751,0.04778157,0.02047782,0.02389078,0.03412969,0.02730375,0.05119454,0.11604096,0,0.00682594
-1,0.07017544,0.00584795,0.06432749,0.08187135,0.04678363,0.10526316,0.01169591,0.08187135,0.07017544,0.07602339,0.02923977,0.01754386,0.02923977,0.03508772,0.05847953,0.01169591,0.05847953,0.10526316,0,0.04093567
-1,0.05813953,0.00581395,0.06395349,0.06976744,0.05813953,0.06976744,0.00581395,0.11627907,0.11627907,0.11046512,0.01744186,0.02906977,0.04651163,0.02325581,0.01744186,0.03488372,0.06395349,0.05813953,0,0.03488372
-1,0.05319149,0,0.05319149,0.12765957,0.0106383,0.11702128,0,0.07446809,0.10638298,0.09574468,0.0106383,0,0.03191489,0.03191489,0.04255319,0.0212766,0.04255319,0.14893617,0,0.03191489
-1,0.0775,0.01,0.065,0.0675,0.03,0.08,0.0225,0.1,0.0925,0.075,0.03,0.05,0.03,0.0125,0.025,0.0725,0.045,0.0725,0,0.0425
-1,0.05755396,0.0263789,0.05035971,0.10551559,0.0383693,0.08153477,0.01678657,0.06714628,0.08393285,0.09832134,0.02398082,0.0383693,0.0383693,0.01678657,0.05755396,0.03597122,0.05275779,0.05755396,0.00239808,0.05035971
-1,0.06849315,0,0.0739726,0.10410959,0.02739726,0.07671233,0.01643836,0.04657534,0.04383562,0.09041096,0.05753425,0.04931507,0.01917808,0.05479452,0.05753425,0.06027397,0.04109589,0.06027397,0.01369863,0.03835616
-1,0.08406524,0.00376412,0.05646173,0.08531995,0.02885822,0.06900878,0.01380176,0.07904642,0.06148055,0.08531995,0.03011292,0.04516939,0.04140527,0.03513174,0.03638645,0.06398996,0.05646173,0.09410289,0.00501882,0.0250941
-1,0.06703911,0.01303538,0.05586592,0.05027933,0.05214153,0.03724395,0.04283054,0.05027933,0.07821229,0.13221601,0.01675978,0.05400372,0.02420857,0.0707635,0.02793296,0.04469274,0.05214153,0.0726257,0.01489758,0.04283054
-1,0.07225434,0.01156069,0.04913295,0.08092486,0.02023121,0.06358382,0.01734104,0.07225434,0.08092486,0.10404624,0.03468208,0.01734104,0.06647399,0.02023121,0.04913295,0.07225434,0.06069364,0.09537572,0,0.01156069
-1,0.06857143,0.00571429,0.05142857,0.09142857,0.04571429,0.05142857,0.00571429,0.09142857,0.15428571,0.05714286,0.02857143,0.06857143,0.03428571,0.03428571,0.04571429,0.04,0.01714286,0.09714286,0,0.01142857
-1,0.03917526,0.00618557,0.05773196,0.10721649,0.05154639,0.06185567,0.02061856,0.08865979,0.09484536,0.08659794,0.02886598,0.02886598,0.04948454,0.02061856,0.06391753,0.04123711,0.0371134,0.05773196,0.01237113,0.04536082
-1,0.07909605,0.01129944,0.03954802,0.11299435,0.02824859,0.04519774,0.01694915,0.08474576,0.14689266,0.06779661,0.03389831,0.03389831,0.03389831,0.03389831,0.05084746,0.06779661,0.01694915,0.08474576,0,0.01129944
-1,0.14249364,0.01272265,0.05597964,0.05852417,0.02544529,0.11704835,0.01526718,0.05089059,0.05343511,0.08142494,0.03562341,0.03307888,0.03562341,0.03307888,0.05089059,0.04834606,0.03562341,0.09160305,0.01017812,0.01272265
-1,0.07621951,0.02134146,0.06707317,0.03658537,0.04268293,0.11585366,0.02134146,0.09756098,0.06402439,0.07012195,0.00609756,0.07317073,0.01829268,0.02743902,0.0152439,0.05182927,0.07012195,0.08231707,0.00609756,0.03658537
-1,0.05594406,0.01165501,0.06759907,0.09090909,0.04662005,0.07925408,0.02097902,0.04895105,0.06526807,0.08624709,0.03962704,0.03962704,0.03729604,0.05128205,0.05594406,0.05361305,0.04895105,0.05827506,0.002331,0.03962704
-1,0.03683036,0.00669643,0.07366071,0.06808036,0.0546875,0.04799107,0.01450893,0.08705357,0.10044643,0.08705357,0.01116071,0.08370536,0.0234375,0.04352679,0.03794643,0.05133929,0.06584821,0.05580357,0.01004464,0.04017857
-1,0.05465839,0.00993789,0.05341615,0.05962733,0.05093168,0.04596273,0.01987578,0.08322981,0.07950311,0.1242236,0.0136646,0.07701863,0.03354037,0.04720497,0.03975155,0.0484472,0.05838509,0.06459627,0.00621118,0.02981366
-1,0.04137931,0.00689655,0.05862069,0.08103448,0.07241379,0.05,0.00517241,0.09310345,0.09827586,0.08275862,0.02241379,0.06896552,0.03448276,0.03275862,0.04310345,0.06034483,0.04137931,0.06206897,0.00517241,0.03965517
-1,0.07565012,0.00945626,0.06619385,0.07565012,0.03073286,0.06382979,0.02364066,0.04255319,0.06619385,0.08510638,0.02836879,0.04018913,0.04964539,0.05910165,0.04728132,0.04491726,0.06382979,0.07092199,0.00472813,0.05200946
-1,0.03286385,0.02347418,0.0657277,0.05633803,0.04225352,0.04694836,0,0.07981221,0.11267606,0.12676056,0.02347418,0.07981221,0.02816901,0.07042254,0.03286385,0.03286385,0.05164319,0.05164319,0,0.04225352
-1,0.05069124,0.00921659,0.09677419,0.07373272,0.02764977,0.08294931,0.00921659,0.07834101,0.06912442,0.10599078,0.02764977,0.04147465,0.04608295,0.05069124,0.05069124,0.05069124,0.04147465,0.05990783,0,0.02764977
-1,0.05736434,0.0124031,0.06046512,0.08372093,0.0372093,0.0620155,0.01550388,0.0744186,0.08837209,0.10232558,0.02170543,0.04341085,0.0496124,0.0248062,0.03255814,0.04186047,0.05581395,0.07751938,0.01550388,0.04341085
-1,0.04672897,0.02803738,0.05607477,0.03738318,0.05140187,0.04672897,0.00934579,0.09345794,0.07943925,0.11214953,0.01401869,0.07476636,0.03738318,0.06542056,0.03738318,0.04205607,0.06074766,0.07476636,0,0.03271028
-1,0.10626703,0.00817439,0.0653951,0.07629428,0.02724796,0.07356948,0.02179837,0.0599455,0.05177112,0.09264305,0.02452316,0.03269755,0.03814714,0.01634877,0.0626703,0.08174387,0.05177112,0.07629428,0.00544959,0.02724796
-1,0.13744076,0.01895735,0.07109005,0.08056872,0.02843602,0.07582938,0.00947867,0.06635071,0.09478673,0.06635071,0.01895735,0.01895735,0.02369668,0.00947867,0.02843602,0.04265403,0.09478673,0.1042654,0.00473934,0.00473934
-1,0.05128205,0.00213675,0.06410256,0.08119658,0.03846154,0.04059829,0.02136752,0.09188034,0.11111111,0.09615385,0.01709402,0.07478632,0.02991453,0.04059829,0.03632479,0.06196581,0.04059829,0.02136752,0.01709402,0.06196581
-1,0.08489388,0.00499376,0.05493134,0.0886392,0.03121099,0.06866417,0.01248439,0.07240949,0.05742821,0.0886392,0.02247191,0.03995006,0.0349563,0.03245943,0.03870162,0.06367041,0.07490637,0.0948814,0.00499376,0.02871411
-1,0.10204082,0.01020408,0.03571429,0.07142857,0.06122449,0.09693878,0.01530612,0.07653061,0.05612245,0.07653061,0.01530612,0.01530612,0.05612245,0.05102041,0.03061224,0.07653061,0.05612245,0.08163265,0.00510204,0.01020408
-1,0.10283688,0,0.06914894,0.08156028,0.04078014,0.06914894,0.0177305,0.07269504,0.09219858,0.08865248,0.0177305,0.04609929,0.03014184,0.03368794,0.03191489,0.04964539,0.03368794,0.07269504,0.0106383,0.03900709
-1,0.03271028,0.02336449,0.06542056,0.06542056,0.04672897,0.03738318,0.02803738,0.09345794,0.09345794,0.09345794,0.00934579,0.06542056,0.03738318,0.03271028,0.04672897,0.05607477,0.04672897,0.06542056,0.0046729,0.05607477
