"Class","edp_0","edp_1","edp_2","edp_3","edp_4","edp_5","edp_6","edp_7","edp_8","edp_9","edp_10","edp_11","edp_12","edp_13","edp_14","edp_15","edp_16","edp_17","edp_18","edp_19"
1,2.661863711,3.07992610837,2.97582101806,3.55406403941,3.22032019704,2.79532019704,3.57302955665,3.36834975369,2.73579638752,3.28994252874,2.93222495895,3.04240558292,2.82327586207,3.19220032841,3.18382594417,2.44651067323,2.51929392447,4.12750410509,2.89716748768,2.78087027915
1,1.51579254079,1.84277389277,1.82733100233,2.18141025641,2.42966200466,1.63898601399,1.95198135198,2.09335664336,2.0458041958,1.95227272727,1.76526806527,1.81707459207,1.73636363636,2.00029137529,1.97657342657,1.41282051282,1.40425407925,3.09766899767,1.9298951049,1.62814685315
1,2.29664310954,2.49717314488,2.61802120141,3.12756183746,2.95671378092,2.13586572438,2.84072438163,2.69434628975,2.87067137809,2.46431095406,2.33136042403,2.54284452297,2.63109540636,2.72862190813,2.95856890459,1.84832155477,1.76634275618,3.86121908127,2.46492932862,2.35927561837
1,2.3414893617,2.47526595745,2.62508865248,2.9375,2.95638297872,2.15957446809,2.81604609929,2.66427304965,2.81258865248,2.57234042553,2.41374113475,2.56719858156,2.66471631206,2.78093971631,2.84583333333,1.87535460993,1.73093971631,4.06285460993,2.33971631206,2.39290780142
1,2.15914948454,2.21301546392,2.33500859107,2.59832474227,2.59892611684,1.85889175258,2.4829467354,2.51043814433,2.64961340206,2.40579896907,2.19841065292,2.32255154639,2.41018041237,2.45700171821,2.62332474227,1.72590206186,1.64016323024,3.45012886598,2.19377147766,2.25287800687
1,1.5067739521,1.88574101796,2.0438997006,2.26171407186,2.72877994012,1.60145958084,1.70984281437,2.10205838323,2.29883982036,1.99307634731,1.81201347305,1.7057260479,2.05744760479,2.15991766467,2.13888473054,1.39973802395,1.43431886228,3.5942739521,1.95340568862,1.77496257485
1,1.51925770308,1.90707282913,2.03837535014,2.23487394958,2.67177871148,1.57773109244,1.72233893557,2.0074929972,2.19929971989,2.08718487395,1.78970588235,1.70049019608,2.10882352941,2.25035014006,2.11946778711,1.43669467787,1.45854341737,3.46169467787,2.01904761905,1.84082633053
1,1.59413580247,2.0554526749,2.09840534979,2.35694444444,2.58497942387,1.91676954733,1.90699588477,2.16100823045,2.38482510288,1.93904320988,1.87998971193,1.84917695473,1.96378600823,2.39012345679,2.61347736626,1.5375,1.62319958848,3.56188271605,2.15658436214,1.79027777778
1,1.59736580517,2.04338966203,2.10452286282,2.37862823062,2.60641153082,1.95591451292,1.96068588469,2.1884194831,2.40392644135,2.05089463221,2.01237574553,1.87634194831,2.02365805169,2.61913518887,2.63325049702,1.60815109344,1.71545725646,3.4805666004,2.29055666004,1.84428429423
1,2.27458333333,2.6281547619,2.44720238095,3.10148809524,2.75732142857,2.37577380952,2.89458333333,2.83970238095,2.75803571429,3.13922619048,2.54696428571,2.82339285714,2.5331547619,2.80410714286,3.19017857143,2.02029761905,2.18422619048,4.34363095238,2.4056547619,2.24994047619
1,2.34659624413,2.49730046948,2.59213615023,2.99049295775,2.86396713615,2.4558685446,2.82042253521,2.7823943662,2.69882629108,3.04683098592,2.629342723,2.75516431925,2.64835680751,2.79647887324,3.02629107981,2.06197183099,2.19154929577,4.14237089202,2.36091549296,2.31103286385
1,2.31025978916,2.62008659639,2.4422251506,3.0140625,2.80958207831,2.24199924699,2.73793298193,2.98612575301,2.88853539157,2.69079442771,2.47208207831,2.57174322289,2.65574171687,2.84764683735,2.94403237952,2.17140436747,2.0031438253,3.97129141566,2.67953689759,2.51007153614
1,2.34246601208,2.51467145015,2.42739803625,3.01312311178,2.82849320242,2.16754154079,2.69964123867,3.00813821752,2.88680135952,2.68366691843,2.54310800604,2.52841767372,2.5980929003,2.84692220544,2.97384818731,2.17770015106,2.05572129909,3.99930135952,2.69208836858,2.48332703927
1,2.32869318182,2.57986742424,2.49857954545,3.07971590909,2.73899621212,2.22482954545,2.69615530303,2.92039772727,2.84623106061,2.709375,2.53857954545,2.56626893939,2.63195075758,2.94414772727,2.98380681818,2.11278409091,1.98577651515,3.95793560606,2.69039772727,2.4184280303
1,2.04597791798,2.45465299685,2.40078864353,2.71253943218,3.01238170347,2.17957413249,2.43888012618,2.80583596215,2.83304416404,2.81411671924,2.44558359621,2.27894321767,2.52058359621,2.55417981073,2.84045741325,1.93320189274,1.92594637224,4.13517350158,2.39574132492,2.47839116719
1,1.88931760204,2.2365752551,2.40392219388,2.81374362245,2.61489158163,1.90806760204,2.3659119898,2.69607780612,2.49333545918,2.4565369898,2.4053252551,2.4090880102,2.28338647959,2.50953443878,2.5821747449,1.85226403061,1.73995535714,3.52235331633,2.07700892857,2.29665178571
1,1.85574238579,2.23842005076,2.30377538071,2.80878807107,2.57097081218,1.90250634518,2.35948604061,2.83112309645,2.47008248731,2.44489213198,2.34907994924,2.41722715736,2.18899111675,2.49349619289,2.68334390863,1.85834390863,1.77763324873,3.53987944162,2.0543464467,2.23677030457
1,1.85962752525,2.29763257576,2.3141729798,2.78576388889,2.58140782828,1.9165719697,2.42471590909,2.70596590909,2.47679924242,2.49984217172,2.37951388889,2.43803661616,2.16909722222,2.51594065657,2.67414772727,1.83456439394,1.75508207071,3.67976641414,2.0391729798,2.24125631313
1,1.66666666667,2.01717002237,2.0774049217,2.32874720358,2.26856823266,1.9110738255,2.13696868009,2.38456375839,2.32142058166,2.15659955257,2.18232662192,2.12544742729,2.02634228188,2.42913870246,2.67729306488,1.62746085011,1.62002237136,3.85083892617,2.15369127517,1.95151006711
1,2.05386318898,2.40115649606,2.38673720472,2.78383366142,2.88550688976,2.06001476378,2.37733759843,2.82394192913,2.83658956693,2.76178641732,2.49224901575,2.31700295276,2.62866633858,2.74515255906,2.95755413386,1.93024114173,1.97133366142,3.69485728346,2.61734744094,2.40691437008
1,6.28193807339,6.55177752294,6.24168577982,8.50166284404,5.88836009174,5.82115825688,7.48721330275,6.48950688073,6.1689793578,7.30487385321,7.16393348624,6.59925458716,6.29638761468,6.96095183486,7.83377293578,5.69202981651,5.66003440367,6.47069954128,5.97069954128,6.83996559633
1,1.69087611607,2.13607700893,2.22000558036,2.39946986607,2.29361049107,1.91760602679,2.23546316964,2.35304129464,2.34232700893,2.23786272321,2.16782924107,2.16509486607,1.99595424107,2.45465959821,2.68579799107,1.71498325893,1.60728236607,3.72843191964,2.18853236607,1.91319754464
1,1.714453125,2.23125,2.23543526786,2.53599330357,2.42522321429,2.0140625,2.25496651786,2.425390625,2.44536830357,2.191015625,2.203125,2.19363839286,2.05256696429,2.46411830357,2.837109375,1.68872767857,1.64302455357,3.55530133929,2.22527901786,1.93108258929
1,2.21787148594,2.52248995984,2.90692771084,2.94899598394,2.9343373494,2.39668674699,2.73393574297,2.9702811245,2.95863453815,2.66736947791,2.43012048193,2.82048192771,2.59789156627,2.71516064257,3.02931726908,2.1453815261,1.94738955823,4.29658634538,2.43534136546,2.38634538153
1,2.21967131474,2.49337649402,2.87514940239,2.78052788845,2.72514940239,2.17863545817,2.7905876494,2.77744023904,2.79277888446,2.68779880478,2.38809760956,2.82196215139,2.36847609562,2.70682270916,2.92325697211,2.00393426295,1.89008964143,4.06419322709,2.46588645418,2.35293824701
1,2.1481,2.6328,2.8776,2.8608,2.7573,2.3493,2.8025,2.9027,2.8251,2.7039,2.4565,2.7826,2.4069,2.8051,3.0006,2.106,1.8473,4.1433,2.445,2.4184
1,3.55427631579,4.03344298246,3.46835526316,4.54800438596,3.61125,3.5638377193,4.32703947368,4.04480263158,3.57335526316,3.91199561404,3.76002192982,3.48208333333,3.63870614035,3.66186403509,4.17875,3.01853070175,2.7836622807,4.52050438596,3.33743421053,3.49339912281
1,3.39870614035,3.92375,3.32747807018,4.43234649123,3.51247807018,3.4386622807,4.04993421053,4.01493421053,3.53953947368,3.80234649123,3.67853070175,3.42896929825,3.51923245614,3.46989035088,4.10037280702,2.87375,2.67120614035,4.5061622807,3.21993421053,3.49506578947
1,3.3907826087,3.82304347826,3.24469565217,4.42095652174,3.36643478261,3.39634782609,4.08613043478,3.97069565217,3.49808695652,3.72182608696,3.56739130435,3.38382608696,3.40386956522,3.45295652174,4.05904347826,2.90252173913,2.66082608696,4.42191304348,3.2857826087,3.33739130435
1,1.97432065217,2.28892663043,2.00461956522,2.6245923913,2.8078125,2.08308423913,2.69538043478,2.2870923913,2.47296195652,2.41331521739,2.3234375,2.19470108696,2.43695652174,2.41644021739,2.81270380435,1.62649456522,1.63872282609,3.75061141304,2.49612771739,2.07207880435
1,3.2378869969,3.41041021672,3.06188080495,4.17372291022,3.24570433437,2.99647832817,3.92689628483,3.92720588235,3.47070433437,3.52759287926,3.05878482972,3.35700464396,3.13804179567,3.38626160991,3.93858359133,2.67852167183,2.53765479876,4.35568885449,3.08780959752,3.25615325077
1,4.55432242991,4.85846962617,4.28148364486,5.21238317757,4.18019859813,4.11857476636,5.04135514019,4.90829439252,4.24807242991,5.7566588785,5.12464953271,4.68113317757,4.67867990654,4.88154205607,5.03767523364,4.00052570093,4.34357476636,5.26612149533,4.2324182243,5.59433411215
1,4.33032749077,4.44476476015,3.8593404059,4.81455258303,3.88138837638,3.82211715867,4.76427583026,4.53517066421,3.89531826568,5.24407287823,4.67179428044,4.34559501845,4.28152675277,4.48097324723,4.72110239852,3.65906365314,3.98756918819,4.9843404059,3.90362084871,5.16787361624
1,4.70998831776,5.07984813084,4.38235981308,5.34088785047,4.21985981308,4.29351635514,5.21390186916,5.00887850467,4.38300233645,5.88393691589,5.22161214953,4.83878504673,4.76103971963,5.07353971963,5.23884345794,4.15928738318,4.51162383178,5.41612149533,4.37867990654,5.72926401869
1,6.44356303419,6.72727029915,6.15451388889,7.09318910256,6.04543269231,5.67769764957,7.07449252137,7.75536858974,6.67075320513,8.19564636752,6.75130876068,6.56696047009,6.10852029915,6.44863782051,6.61450320513,5.45403311966,5.91482371795,6.66808226496,6.02107371795,7.66744123932
1,6.3327688172,6.65271505376,6.10271505376,6.98889784946,5.94620967742,5.62626344086,6.98852150538,7.62497311828,6.52459677419,8.09825268817,6.6836827957,6.48524193548,6.05701612903,6.29959677419,6.42137096774,5.3989516129,5.84190860215,6.60518817204,5.91900537634,7.54572580645
1,6.21384120172,6.55853004292,6.08106223176,6.95912017167,5.9599248927,5.5482832618,6.86201716738,7.54425965665,6.45740343348,8.01770386266,6.57033261803,6.37827253219,5.99114806867,6.19125536481,6.34957081545,5.31019313305,5.74946351931,6.54232832618,5.8275751073,7.43433476395
1,2.0364922813,2.39412521441,2.32002572899,2.68859348199,2.79309605489,2.11972555746,2.46123499142,2.76732418525,2.61972555746,2.94150943396,2.28670668954,2.31123499142,2.41256432247,2.32495711835,2.718567753,1.92975986278,2.04626929674,3.72439965695,2.16710977702,2.56423670669
1,1.98827186964,2.44037307033,2.35370926244,2.68213979417,2.64736277873,2.02454974271,2.44530445969,2.68029588336,2.62352058319,2.92403516295,2.22429245283,2.22965265866,2.38158233276,2.22377787307,2.70924099485,1.96052744425,2.02004716981,3.6259219554,2.19221698113,2.6009219554
1,2.25657630522,2.95256024096,2.69939759036,3.16767068273,2.98785140562,2.47013052209,2.83333333333,3.00481927711,3.11807228916,3.33539156627,2.6561746988,2.72133534137,2.72796184739,2.62836345382,3.13378514056,2.24071285141,2.3531124498,3.98047188755,2.525,2.83222891566
1,5.99724658869,5.8371588694,5.45138888889,6.34865984405,5.02312378168,4.98589181287,6.17702241715,6.59300682261,4.96917641326,6.273708577,5.64178849903,5.42575536062,4.76274366472,6.10562865497,6.34705165692,4.78150584795,4.95796783626,6.27765594542,5.19096003899,6.20587231969
1,1.68286924939,2.12003631961,2.03407990315,2.44013317191,2.64158595642,1.94128329298,2.27814769976,2.18734866828,2.50514527845,1.99182808717,1.97754237288,1.93819612591,2.17960048426,2.19763922518,2.53855932203,1.59231234867,1.47560532688,3.4485472155,2.17421307506,1.77754237288
1,1.62931873479,2.07852798054,1.97895377129,2.37402676399,2.53728710462,1.85954987835,2.32128953771,2.09787104623,2.43880778589,1.99318734793,1.97183698297,1.95845498783,1.96788321168,2.15918491484,2.59130170316,1.55723844282,1.46301703163,3.275,2.08053527981,1.79361313869
1,2.44555995475,3.34787895928,2.80726809955,3.82231334842,3.263489819,2.52689479638,3.52140837104,3.09606900452,3.30902149321,3.01858031674,2.97140837104,3.10579751131,2.8711821267,3.55596719457,3.79974547511,2.4292138009,2.3066459276,5.10777714932,3.14821832579,2.74437217195
1,2.17446266968,3.02061651584,2.58967760181,3.45721153846,2.99550339367,2.37536764706,3.1905260181,2.83571832579,2.975989819,2.74550339367,2.68967760181,2.76688348416,2.50936085973,3.31484728507,3.52265271493,2.19358031674,2.14210972851,4.68424773756,2.90692873303,2.47457579186
1,1.77741442543,2.65822127139,2.29379584352,2.74275672372,2.88053178484,2.01732885086,2.63120415648,2.63468826406,2.66873471883,2.73499388753,2.52686430318,2.20259779951,2.44746332518,2.63352689487,2.75479828851,1.90259779951,1.85791564792,3.64226772616,2.24972493888,2.52539731051
1,1.87406156156,2.3140015015,2.24087837838,2.77278528529,2.51227477477,2.05108858859,2.54455705706,2.27481231231,2.57098348348,2.14455705706,2.2146021021,2.27676426426,2.35018768769,2.38494744745,2.60131381381,1.76535285285,1.7173048048,3.70754504505,2.22030780781,1.93487237237
1,1.92675373134,2.32257462687,2.23391791045,2.67332089552,2.52421641791,2.00324626866,2.51958955224,2.24175373134,2.63585820896,2.24436567164,2.34832089552,2.25652985075,2.34041044776,2.36787313433,2.61518656716,1.82085820896,1.74235074627,3.7301119403,2.12720149254,2.04175373134
1,1.57557565789,1.83867872807,1.79240679825,2.03730811404,2.4359375,1.68950109649,2.0022752193,2.04580592105,2.09268092105,1.97716557018,1.78610197368,1.7328125,1.90885416667,2.17996162281,2.22694627193,1.30534539474,1.35457785088,3.59010416667,2.00057565789,1.78659539474
1,1.76386529126,2.06689927184,1.9739381068,2.33285800971,2.56520024272,1.80039441748,2.13030946602,2.20124393204,2.31325849515,2.00719053398,1.95628033981,1.85494538835,1.93583131068,2.19438713592,2.42351334951,1.52320995146,1.46149878641,3.8900788835,1.99566140777,1.84651092233
1,2.45134529148,3.1755044843,2.82707399103,3.7855941704,3.11872197309,2.46956278027,3.37477578475,3.04316143498,3.21278026906,3.04512331839,2.93486547085,2.97270179372,2.87718609865,3.53424887892,3.69372197309,2.41098654709,2.36367713004,4.9855941704,3.16978699552,2.80992152466
1,1.51883408072,1.86463004484,1.77954035874,1.99091928251,2.35156950673,1.51524663677,1.90975336323,1.9951793722,2.07656950673,1.89865470852,1.77617713004,1.62942825112,1.83497757848,2.0817264574,2.17769058296,1.2860426009,1.3168161435,3.5043161435,1.97976457399,1.66025784753
1,2.75077868852,3.14159836066,3.00389344262,3.51430327869,3.03807377049,2.55299180328,3.31635245902,3.45782786885,2.78799180328,3.29709016393,3.18577868852,2.97676229508,2.9756147541,3.04225409836,3.4787295082,2.38290983607,2.47430327869,4.39659836066,2.78282786885,2.97348360656
1,3.3402369281,3.59783496732,3.49440359477,4.10314542484,3.41940359477,2.98974673203,3.79840686275,4.02177287582,3.42120098039,3.87912581699,3.7550245098,3.41425653595,3.42879901961,3.48141339869,3.94350490196,2.91491013072,2.91589052288,4.96834150327,3.25616830065,3.50625
1,1.86955213904,2.33178475936,2.26320187166,2.57857620321,2.69568850267,2.0569184492,2.3859959893,2.41888368984,2.68205213904,2.67396390374,2.27142379679,2.25564839572,2.36587566845,2.46239973262,2.8873328877,1.71313502674,1.91420454545,3.88365641711,2.37984625668,2.44294786096
1,1.83046666667,2.30206666667,2.166,2.58386666667,2.51873333333,1.9218,2.32093333333,2.331,2.6052,2.69973333333,2.2528,2.2364,2.29893333333,2.3674,2.76093333333,1.70766666667,1.82286666667,3.85433333333,2.3392,2.33953333333
1,1.87756756757,2.4125,2.30689189189,2.65054054054,2.67317567568,2.05114864865,2.51662162162,2.48277027027,2.72898648649,2.6875,2.29054054054,2.37081081081,2.32851351351,2.38777027027,2.77459459459,1.77851351351,1.9375,3.92297297297,2.4047972973,2.41304054054
1,2.07726648352,2.76277472527,2.28028846154,2.65851648352,2.96133241758,2.16442307692,2.5481456044,2.7790521978,2.76387362637,2.70528846154,2.34553571429,2.23956043956,2.48756868132,2.65487637363,2.87967032967,1.68502747253,1.86428571429,4.42884615385,2.61510989011,2.30666208791
1,2.03605305466,2.1316318328,2.10349678457,2.63991157556,2.59079581994,2.0084807074,2.5222266881,2.70992765273,2.41531350482,2.5086414791,2.30438102894,2.33444533762,2.22303054662,2.20751607717,2.66868971061,1.90413987138,1.72672829582,3.87278938907,2.25349678457,2.30237138264
1,2.06108128834,2.05755368098,2.17411809816,2.62381134969,2.61230828221,2.05977760736,2.4405291411,2.68086656442,2.45364263804,2.50494631902,2.2715107362,2.40878067485,2.18201687117,2.22427147239,2.63807515337,1.92519171779,1.73692484663,3.91016104294,2.12051380368,2.29298312883
1,2.42569852941,2.69496323529,2.53819852941,3.13819852941,2.95143382353,2.44952205882,2.87363970588,3.22180147059,2.475625,2.88724264706,2.58231617647,2.60238970588,2.65716911765,2.98547794118,3.02952205882,2.02180147059,1.96856617647,3.62827205882,2.85996323529,2.57746323529
1,5.18513888889,6.24541666667,5.41402777778,6.16486111111,4.01986111111,5.04152777778,6.54458333333,5.94430555556,4.45708333333,5.40152777778,4.78125,7.61736111111,3.99458333333,5.74097222222,6.13236111111,4.56569444444,4.68958333333,5.10125,3.68069444444,5.13430555556
1,5.24016853933,6.23483146067,5.62584269663,6.36348314607,4.02556179775,5.1308988764,6.68960674157,5.75983146067,4.34719101124,5.55224719101,4.93511235955,7.42949438202,4.03483146067,5.9856741573,6.34775280899,4.86573033708,4.99101123596,5.22752808989,3.66994382022,5.28202247191
1,4.8631993007,6.00725524476,6.57875874126,6.5916958042,6.25638111888,5.34117132867,5.82176573427,7.91914335664,6.04204545455,7.13505244755,5.76442307692,6.32875874126,5.5868006993,7.51512237762,5.98977272727,5.03382867133,5.95043706294,5.97788461538,5.54117132867,6.83977272727
1,2.76907582938,3.32612559242,3.45071090047,4.27476303318,4.0115521327,3.35947867299,4.76771327014,3.71617298578,2.80562796209,3.97517772512,3.54816350711,4.12328199052,3.13578199052,4.05977488152,4.04200236967,2.61759478673,2.5595971564,4.7846563981,3.41196682464,3.67363744076
1,3.01122931442,3.52050827423,3.64338061466,4.49917257683,4.15165484634,3.62541371158,5.04314420804,3.84769503546,2.99444444444,4.1261820331,3.69137115839,4.42358156028,3.23729314421,4.18971631206,4.21365248227,2.80236406619,2.75200945626,4.9621749409,3.56223404255,3.86530732861
1,2.75747058824,3.21741176471,3.34405882353,4.06670588235,4.06182352941,3.35870588235,4.67629411765,3.56270588235,2.82441176471,3.80058823529,3.40317647059,4.09658823529,2.99311764706,3.71047058824,3.94317647059,2.54482352941,2.47158823529,4.71823529412,3.30341176471,3.63747058824
1,2.02896825397,2.48286435786,2.15548340548,2.78192640693,2.7332972583,2.11558441558,2.64062049062,2.86060606061,2.58264790765,2.70072150072,2.40696248196,2.2455988456,2.31850649351,2.61782106782,2.82077922078,1.91940836941,2.07348484848,3.84855699856,2.57168109668,2.42972582973
1,2.04435600579,2.50879160637,2.11642547033,2.74059334298,2.84229377713,2.21693198263,2.61468885673,2.84529667149,2.5997829233,2.67438494935,2.41631693198,2.26519536903,2.39399421129,2.63838639653,2.80669319826,1.91045586107,2.08169319826,3.91479739508,2.53607091172,2.49131693198
1,2.09204052098,2.50933429812,2.14500723589,2.78238060781,2.7245658466,2.1977568741,2.676447178,2.86537626628,2.66454413893,2.75318379161,2.45560781476,2.25886396527,2.46356729378,2.64073806078,2.82460202605,1.93125904486,2.10112156295,3.97641099855,2.64497105644,2.53093342981
1,1.89151023891,2.17282423208,2.17751706485,2.53468430034,2.54082764505,2.10396757679,2.71514505119,2.33562286689,2.15157849829,2.2462883959,2.04799488055,2.38152730375,2.03169795222,2.442278157,1.99270477816,1.70533276451,1.71173208191,3.11292662116,2.08818259386,2.09287542662
1,1.93912671233,2.2613869863,2.19426369863,2.60813356164,2.59306506849,2.23339041096,2.81215753425,2.37705479452,2.21592465753,2.35154109589,2.08082191781,2.50616438356,2.00770547945,2.32525684932,2.04306506849,1.72970890411,1.74477739726,3.18981164384,2.09357876712,2.11455479452
1,1.82237972509,2.20966494845,2.0845790378,2.51464776632,2.60158934708,2.10476804124,2.65975085911,2.33286082474,2.127104811,2.29969931271,2.04385738832,2.49411512027,2.05571305842,2.27624570447,2.06628006873,1.64471649485,1.60966494845,3.14875429553,1.99506013746,2.03062714777
1,1.88869912791,2.04284156977,2.07903343023,2.33535610465,2.46820494186,2.01122819767,2.5535247093,2.19829215116,1.99342296512,2.28143168605,1.93855377907,2.32278343023,1.99000726744,2.21137354651,1.94189680233,1.5617369186,1.52554505814,3.02917877907,2.04989098837,2.0066497093
1,5.29016853933,6.11320224719,5.78848314607,6.2904494382,4.14550561798,5.12808988764,6.58876404494,5.83764044944,4.30112359551,5.55280898876,4.89662921348,7.37134831461,4.04129213483,5.90196629213,6.32780898876,4.73426966292,4.9297752809,5.36095505618,3.67050561798,5.37584269663
1,3.14113005051,3.82825126263,3.23178661616,4.10785984848,3.53330176768,3.19902146465,3.73866792929,4.27238005051,3.96379419192,4.53443813131,3.84624368687,3.58702651515,3.38708964646,3.80148358586,3.98273358586,2.85495580808,3.34138257576,4.56221590909,3.2742739899,4.25830176768
1,2.57404891304,3.15774456522,3.0745923913,4.01453804348,3.53682065217,2.88491847826,3.69225543478,4.09904891304,3.18817934783,4.53627717391,3.84660326087,3.75991847826,3.01942934783,3.73519021739,3.80502717391,2.52024456522,2.49279891304,4.18627717391,3.35122282609,4.06399456522
1,2.52785326087,3.34171195652,2.9120923913,3.94769021739,3.48192934783,2.96888586957,3.89442934783,4.07160326087,3.18002717391,4.47839673913,3.76671195652,3.93627717391,2.97921195652,3.671875,3.80067934783,2.41779891304,2.43763586957,4.21725543478,3.41263586957,3.99769021739
1,2.62393617021,3.35186170213,3.12127659574,4.20718085106,3.01329787234,3.05531914894,4.08430851064,4.19468085106,3.31436170213,4.7460106383,3.88457446809,3.92845744681,2.84734042553,3.61462765957,3.84441489362,2.62367021277,2.63962765957,4.32340425532,3.29015957447,4.35
1,1.48155317164,1.77269123134,1.70799906716,1.94391324627,2.2062266791,1.52077891791,1.80650652985,1.9427005597,1.84148787313,1.75538712687,1.67805503731,1.8088386194,1.90925839552,1.65641324627,2.01914645522,1.31368936567,1.35319496269,3.17786847015,1.58547108209,1.65473414179
1,1.51504158965,1.66656654344,1.69013401109,1.98583641405,2.10774029575,1.51055914972,1.81023567468,1.89932994455,1.78056839187,1.81952402957,1.65150184843,1.7200323475,1.83893253235,1.64715804067,2.04105822551,1.33334103512,1.35293438078,3.28791589649,1.58361829945,1.6313077634
1,1.54172904192,1.90482784431,1.9811751497,2.23903443114,2.58866017964,1.54135479042,1.66500748503,2.17601047904,2.25250748503,2.12047155689,1.82017215569,1.71725299401,2.02256736527,2.19165419162,2.06148952096,1.44622005988,1.44023203593,3.56523203593,1.99928892216,1.84277694611
1,2.68067434211,3.02960526316,2.99773848684,3.58552631579,3.23018092105,2.81706414474,3.59309210526,3.38589638158,2.86961348684,3.29835526316,2.93215460526,3.07824835526,2.75801809211,3.17454769737,3.27088815789,2.48930921053,2.62615131579,4.22068256579,2.89847861842,2.83688322368
1,2.15722087379,2.35188106796,2.66923543689,2.98112864078,2.46559466019,2.15491504854,2.61049757282,2.44544902913,2.75697815534,2.25297330097,2.33707524272,2.45078883495,2.15030339806,2.88040048544,2.98112864078,1.88622572816,1.8869538835,4.5828276699,3.12882281553,2.04472087379
1,2.0185625,2.1628125,2.6671875,2.9320625,2.5376875,2.0709375,2.4330625,2.3078125,2.8209375,2.2440625,2.2303125,2.3550625,2.0614375,2.7185625,2.9789375,1.8910625,1.8230625,4.5890625,3.0335625,2.0303125
1,2.15780456853,2.28102791878,2.57544416244,3.00425126904,2.61833756345,2.1222715736,2.6567893401,2.63026649746,2.97519035533,2.33851522843,2.40856598985,2.43001269036,2.14752538071,3.03597715736,3.17049492386,2.06859137056,1.90742385787,4.95666243655,3.13826142132,2.11427664975
1,3.8060546875,5.9744140625,4.8193359375,5.8580078125,4.8458984375,5.3060546875,5.7205078125,6.0423828125,5.0763671875,5.9126953125,5.0908203125,5.8263671875,4.1369140625,6.7291015625,6.1916015625,3.7455078125,4.5427734375,6.4306640625,5.5814453125,5.8681640625
1,2.21238390093,2.41989164087,2.3096749226,2.78212074303,2.59775541796,2.21246130031,2.64086687307,2.7842879257,2.75936532508,2.7153250774,2.5600619195,2.49752321981,2.32755417957,2.53676470588,2.60301857585,1.93405572755,1.71679566563,3.98088235294,2.34984520124,2.52438080495
1,2.86152012712,3.0516684322,2.97121292373,3.34420021186,3.02836334746,2.71692266949,3.0077595339,3.44721927966,3.2141684322,3.19308792373,3.02407309322,2.90103283898,3.21819385593,3.21639300847,3.44091631356,2.47322563559,2.30315148305,4.38122351695,3.09817266949,2.82259004237
1,6.35935714286,7.0225,6.11892857143,7.59521428571,6.80235714286,5.88057142857,7.69828571429,7.67835714286,6.96464285714,8.09385714286,6.78057142857,6.73864285714,6.42735714286,7.234,7.43078571429,5.51535714286,5.672,7.311,6.41707142857,8.30835714286
1,1.65381307339,2.01682912844,1.90473050459,2.3660837156,2.5466456422,1.74406536697,2.15668004587,2.30163417431,2.1525516055,2.18265481651,1.92995986239,1.94125573394,1.89257454128,2.23500573394,2.12508600917,1.54343463303,1.48901949541,3.24309059633,2.08059059633,1.82193233945
1,1.65164705882,2.04305882353,1.98841176471,2.36347058824,2.57411764706,1.76988235294,2.21882352941,2.26588235294,2.19658823529,2.209,1.96005882353,1.94094117647,1.934,2.21682352941,2.22835294118,1.55282352941,1.50376470588,3.37764705882,2.11347058824,1.82958823529
1,1.583125,1.87710227273,1.92193181818,2.325,2.45914772727,1.68369318182,2.13068181818,2.13420454545,2.17471590909,2.14460227273,1.91096590909,1.81761363636,1.84284090909,2.14346590909,2.16482954545,1.52613636364,1.44034090909,3.14772727273,2.02761363636,1.72676136364
1,1.95727339181,2.02474415205,2.20705409357,2.51940789474,2.46275584795,1.80508040936,2.32898391813,2.3379751462,2.37971491228,2.20917397661,2.0495248538,2.11268274854,2.17722953216,2.34360380117,2.33278508772,1.60617690058,1.51655701754,3.02057748538,2.17715643275,2.03753654971
1,2.10707627119,2.19292372881,2.25216101695,2.46258474576,2.70707627119,2.03131355932,2.39851694915,2.69724576271,2.27826271186,2.54148305085,2.50783898305,2.04326271186,2.1888559322,2.68597457627,2.69894067797,2.07122881356,1.98165254237,3.49927966102,2.36029661017,2.25733050847
1,2.29355263158,2.43671052632,2.41706140351,2.87864035088,2.70407894737,2.05635964912,2.69285087719,2.61723684211,2.75302631579,2.46899122807,2.40135964912,2.51030701754,2.55881578947,2.5424122807,2.77206140351,1.85065789474,1.80820175439,3.73311403509,2.3775877193,2.31092105263
1,2.11304898649,2.19472128378,2.28002533784,2.63163006757,2.63627533784,1.85071790541,2.40806587838,2.44320101351,2.65266047297,2.28669763514,2.17504222973,2.22825168919,2.27174831081,2.43146114865,2.5363597973,1.62985641892,1.56642736486,3.43146114865,2.14987331081,2.19818412162
1,1.43949704142,1.76139053254,1.90110946746,2.17647928994,2.64889053254,1.5275147929,1.64312130178,2.06582840237,2.21619822485,2.04963017751,1.70162721893,1.62684911243,1.92078402367,2.17337278107,2.09889053254,1.31035502959,1.47344674556,3.29201183432,1.92418639053,1.77943786982
1,1.51856508876,1.83794378698,2.05347633136,2.3301035503,2.63409763314,1.60118343195,1.81042899408,2.15894970414,2.33099112426,1.96856508876,1.73624260355,1.70806213018,2.0125,2.21072485207,2.23853550296,1.4775147929,1.51427514793,3.63579881657,2.04090236686,1.87684911243
1,1.52470149254,1.99694029851,1.97970149254,2.18343283582,2.56686567164,1.58171641791,1.66462686567,2.10119402985,2.24149253731,2.02343283582,1.7976119403,1.73291044776,2.01335820896,2.24820895522,2.0297761194,1.37686567164,1.44358208955,3.43865671642,1.96843283582,1.82835820896
1,1.70548780488,1.90718157182,1.92859078591,2.42225609756,2.52754065041,1.677100271,1.93983739837,2.16568428184,2.16568428184,1.86361788618,1.9049796748,1.79275067751,1.95298102981,2.46554878049,2.40748644986,1.58123306233,1.6206300813,3.56714092141,2.10416666667,1.6852303523
1,1.6457272118,1.80604892761,1.81858243968,2.29137064343,2.39019772118,1.54307975871,1.7995810992,2.01496313673,2.07357573727,1.77930630027,1.82216823056,1.65353552279,1.90356903485,2.36667225201,2.30625,1.53282506702,1.54351541555,3.43138404826,2.02856903485,1.57578753351
1,2.2170389049,2.38692363112,2.34845100865,2.92507204611,2.75752881844,2.1181556196,2.5976945245,2.82139769452,2.69758645533,2.54128242075,2.46952449568,2.36051873199,2.59719020173,2.71494956772,2.88786023055,2.06628242075,1.93353746398,3.83090778098,2.60482708934,2.33930115274
1,1.81224112426,2.25824704142,2.29811390533,2.5137943787,2.70477071006,2.12740384615,2.19552514793,2.73672337278,2.82496301775,2.64271449704,2.28812869822,2.13073224852,2.31142751479,2.41704881657,2.63842455621,1.71542159763,1.83058431953,4.25661982249,2.30440088757,2.28243343195
1,1.84528894472,2.25370603015,2.2652638191,2.68498743719,2.62349246231,1.87864321608,2.3881281407,2.63875628141,2.43511306533,2.33768844221,2.35182160804,2.39466080402,2.24076633166,2.4307160804,2.62255025126,1.88228643216,1.72945979899,3.48913316583,2.09579145729,2.20722361809
1,3.85427489177,4.86791125541,4.28468614719,5.00167748918,4.29258658009,4.38165584416,5.18479437229,5.05048701299,4.49096320346,4.8900974026,4.68933982684,4.4005952381,3.94475108225,4.56953463203,4.82591991342,3.916504329,3.93187229437,6.32819264069,4.43284632035,4.19810606061
1,1.66930803571,2.11311383929,2.16060267857,2.48493303571,2.29933035714,1.95133928571,2.17098214286,2.32896205357,2.34430803571,2.20279017857,2.162890625,2.14737723214,2.01283482143,2.39017857143,2.64860491071,1.66417410714,1.64397321429,3.70602678571,2.23219866071,1.90345982143
1,2.2631,2.6318,2.9042,2.8664,2.6848,2.2826,2.7291,2.8911,2.7987,2.7379,2.5002,2.7818,2.4263,2.8072,3.0292,2.0764,1.9564,4.0124,2.4697,2.4365
1,4.57175123762,4.93245668317,4.23313737624,5.17985767327,4.19588490099,4.1005259901,5.05918935644,4.88140470297,4.25108292079,5.84043935644,5.20776608911,4.61308787129,4.73567450495,4.94452351485,5.0765779703,4.0072710396,4.28214727723,5.30225866337,4.29910272277,5.68146658416
1,2.251475,2.899525,2.633825,3.019675,2.952325,2.438725,2.784425,2.835275,3.029525,3.162125,2.629025,2.659775,2.682925,2.540025,3.039075,2.219175,2.300425,3.916075,2.451175,2.795225
1,2.50636777638,3.40303863065,2.73752355528,3.57563599246,2.95233197236,2.61279051508,3.06144001256,3.06323021357,3.01608825377,2.98788473618,3.03127355528,2.61800408291,2.61098461055,3.19762091709,3.38194880653,2.35534704774,2.17956187186,3.95974403266,2.91478486181,2.6734375
1,3.40359477124,3.74493464052,3.63790849673,4.36013071895,3.57941176471,3.14812091503,4.08423202614,4.34501633987,3.56838235294,4.08316993464,3.91633986928,3.62491830065,3.71903594771,3.74583333333,4.01830065359,3.05506535948,3.0283496732,5.18341503268,3.47949346405,3.84558823529
1,2.86465097403,3.27146915584,3.04614448052,3.51392045455,3.13648538961,2.66976461039,3.45142045455,3.67366071429,3.05060876623,3.4169237013,3.30888798701,3.16716720779,3.09257305195,3.27179383117,3.39460227273,2.56156655844,2.52893668831,4.72755681818,2.96383928571,3.09622564935
1,1.86653116531,2.23082655827,2.12303523035,2.41944444444,2.55013550136,1.92913279133,2.26714092141,2.43875338753,2.63543360434,2.6527100271,2.23299457995,2.22472899729,2.25420054201,2.34559620596,2.8451897019,1.69762872629,1.85006775068,3.97615176152,2.35264227642,2.37432249322
1,5.53712121212,5.60159090909,5.60984848485,6.47515151515,4.77128787879,4.63378787879,6.13386363636,6.22454545455,5.39560606061,6.93984848485,6.13803030303,5.35878787879,5.13356060606,5.60992424242,5.67424242424,4.30651515152,4.77,5.80712121212,5.36628787879,6.34363636364
1,2.40126865672,2.68835820896,2.48298507463,3.07619402985,2.90679104478,2.4647761194,2.79589552239,3.21843283582,2.52537313433,2.90485074627,2.58910447761,2.55186567164,2.67970149254,2.98335820896,3.01970149254,2.07910447761,2.01402985075,3.66447761194,2.79798507463,2.53910447761
1,3.00406553398,2.96074029126,2.37615291262,2.80807038835,2.21061893204,2.55406553398,3.06935679612,2.55066747573,2.25236650485,2.56777912621,2.45600728155,3.62639563107,2.02809466019,3.13088592233,4.07311893204,2.38743932039,2.43294902913,3.34641990291,2.15576456311,2.37105582524
1,3.86340277778,4.89451388889,5.28715277778,5.218125,5.15354166667,4.08770833333,4.58270833333,6.37326388889,4.85284722222,5.81604166667,4.67576388889,4.98326388889,4.47034722222,5.99909722222,5.14576388889,4.060625,4.95868055556,4.85131944444,4.38104166667,5.33756944444
1,4.36313559322,5.08177966102,4.71737288136,5.81334745763,4.36207627119,4.97923728814,5.55105932203,7.37648305085,4.22966101695,6.32775423729,5.70593220339,5.74131355932,4.42097457627,5.56101694915,6.50995762712,4.92669491525,4.94978813559,6.29618644068,5.04194915254,6.46779661017
1,2.82966056034,3.25277478448,3.2247575431,4.15299030172,3.95950969828,3.2810075431,4.80277478448,3.51635237069,2.7356950431,3.7861799569,3.38785021552,3.97389547414,2.9825700431,3.79146012931,3.90029633621,2.60509159483,2.52551185345,4.78003771552,3.26177262931,3.56565193966
1,2.80693254818,3.22052997859,3.29274625268,4.161375803,4.05447002141,3.26035867238,4.79563704497,3.46298179872,2.76415952891,3.83782119914,3.48841006424,4.08203961456,2.99365631692,3.86549785867,3.81014453961,2.63209314775,2.5335385439,4.76410599572,3.31319593148,3.61223233405
1,2.91347031963,3.41820776256,3.54343607306,4.30205479452,4.12037671233,3.48864155251,4.92557077626,3.75542237443,2.8776826484,4.03413242009,3.56632420091,4.37437214612,3.10599315068,3.98898401826,4.03761415525,2.71917808219,2.66187214612,4.8649543379,3.41912100457,3.82585616438
1,1.80805860806,2.27380952381,2.18012820513,2.5706043956,2.52362637363,2.16749084249,2.68873626374,2.32728937729,2.27655677656,2.19111721612,2.03470695971,2.44221611722,1.95586080586,2.36510989011,2.12985347985,1.74157509158,1.70164835165,3.30082417582,2.1380952381,2.00778388278
1,1.94775862069,2.23939655172,2.17862068966,2.69965517241,2.68887931034,2.22474137931,2.88327586207,2.32577586207,2.23801724138,2.36939655172,2.11456896552,2.48284482759,2.17379310345,2.2874137931,2.12620689655,1.70896551724,1.69844827586,3.25603448276,2.1474137931,2.0875862069
1,1.77871323529,2.01327205882,1.93099264706,2.26974264706,2.52371323529,1.93496323529,2.50040441176,2.11165441176,1.98415441176,2.19672794118,1.91878676471,2.22658088235,1.94378676471,2.21702205882,1.95327205882,1.48981617647,1.48496323529,3.15055147059,2.02165441176,1.95716911765
1,2.94815989848,3.77252538071,3.16567258883,4.12658629442,3.51687817259,3.15215736041,3.64765228426,4.21161167513,3.99606598985,4.40545685279,3.70196700508,3.47360406091,3.26967005076,3.61319796954,3.89784263959,2.82544416244,3.21808375635,4.74473350254,3.10329949239,4.13597715736
1,2.88575063613,3.6665394402,3.23333333333,4.1308524173,3.36361323155,3.07824427481,3.62519083969,4.19694656489,3.77907124682,4.38606870229,3.75496183206,3.42309160305,3.26704834606,3.56863867684,3.82671755725,2.84942748092,3.22201017812,4.50337150127,3.16641221374,4.03683206107
1,4.3932106599,5.28813451777,4.39422588832,5.31021573604,4.24625634518,4.9144035533,6.65145939086,4.40590101523,4.10513959391,5.05907360406,5.32480964467,5.65095177665,4.74752538071,5.53699238579,5.02404822335,3.52747461929,3.64219543147,5.54257614213,4.70209390863,5.17176395939
1,4.76101694915,5.84011299435,4.82189265537,5.78375706215,4.73644067797,5.44872881356,7.22824858757,4.92881355932,4.53460451977,5.62683615819,5.95903954802,6.21991525424,5.41031073446,6.09011299435,5.37514124294,3.79279661017,3.92923728814,6.0384180791,5.03559322034,5.67118644068
1,2.62538265306,3.37512755102,3.25140306122,4.04579081633,3.80905612245,3.12614795918,4.01543367347,4.18303571429,3.38992346939,4.57283163265,3.86823979592,4.15522959184,3.26237244898,4.03864795918,3.81543367347,2.74783163265,2.66135204082,4.68048469388,3.50293367347,4.10599489796
1,1.41651205937,1.65839517625,1.74044526902,1.97124304267,2.06243042672,1.4620593692,1.7469851577,1.96358998145,1.74457328386,1.76442486085,1.59879406308,1.73339517625,1.72620593692,1.66001855288,1.97912801484,1.27523191095,1.31256957328,3.28334879406,1.55909090909,1.59151205937
1,1.44856215213,1.6262987013,1.57954545455,1.90510204082,2.06971243043,1.50505565863,1.73525046382,1.84471243043,1.72722634508,1.72513914657,1.58325602968,1.65858070501,1.81349721707,1.61498144712,1.90292207792,1.25027829314,1.30834879406,3.25097402597,1.48089053803,1.51739332096
1,2.45430395387,2.87839785832,2.85483937397,3.36764827018,2.97193163097,2.62580313015,3.33960049423,3.22922158155,2.65628088962,3.17621499176,2.76307660626,2.8288509061,2.56563014827,3.08165156507,3.10623970346,2.27963344316,2.43288714992,3.91719522241,2.71851317957,2.68416392092
1,2.58936597111,2.92925361156,3.06777688604,3.75690208668,3.10638041734,2.69654895666,3.42122792937,3.40967094703,2.84582664526,3.29422150883,2.90934991974,3.05345104334,2.79245585875,3.17439807384,3.27383627608,2.46388443018,2.49161316212,4.14213483146,2.84361958266,2.8588282504
1,2.2389375,2.2935625,2.6809375,3.0853125,2.8435625,2.1825625,2.6763125,2.4654375,3.0591875,2.4221875,2.4040625,2.5258125,2.3483125,3.1141875,3.3324375,2.0605625,1.9351875,4.9888125,3.2493125,2.1859375
1,3.90596153846,6.06480769231,5.19173076923,6.24865384615,5.0925,5.39557692308,5.99019230769,6.44903846154,4.90173076923,6.32557692308,5.19326923077,5.92519230769,4.21403846154,6.93403846154,6.26096153846,4.21826923077,4.89942307692,6.67596153846,5.60865384615,6.2575
1,3.6083984375,5.6740234375,4.9416015625,5.9216796875,4.6357421875,5.2974609375,5.7869140625,6.0419921875,4.8404296875,5.7337890625,4.8142578125,5.5564453125,3.8603515625,6.6583984375,6.6791015625,3.8818359375,4.4388671875,6.9302734375,5.5130859375,5.9751953125
1,2.26155063291,2.43797468354,2.26408227848,2.95189873418,2.51708860759,2.19651898734,2.66162974684,2.85047468354,2.70284810127,2.7230221519,2.64327531646,2.44003164557,2.25213607595,2.50498417722,2.75585443038,1.95268987342,1.71914556962,4.04936708861,2.36898734177,2.60830696203
1,4.29045918367,5.12045918367,4.4381122449,5.16678571429,4.49719387755,4.63505102041,5.33576530612,4.87219387755,4.80066326531,5.27964285714,4.95954081633,4.76474489796,4.1812755102,4.64790816327,4.9537244898,3.87607142857,4.02056122449,6.24494897959,4.33556122449,4.44168367347
1,5.0399103139,6.44618834081,5.64753363229,6.49417040359,5.11860986547,5.67970852018,6.43968609865,6.05089686099,5.94865470852,6.23049327354,5.99248878924,5.88004484305,5.09394618834,5.68161434978,6.12858744395,5.09786995516,5.04719730942,7.45908071749,5.51625560538,5.4783632287
1,5.86147727273,5.6509469697,4.73511363636,6.04223484848,5.08640151515,4.79958333333,5.5709469697,6.39981060606,5.27875,6.42314393939,6.00890151515,4.96079545455,4.99268939394,5.86503787879,5.92738636364,4.33488636364,4.63321969697,6.50571969697,5.65632575758,7.04359848485
-1,2.50248205742,3.5144437799,3.03806818182,3.69997009569,3.12670454545,3.0355562201,3.76839114833,3.85565191388,3.02150119617,3.57999401914,3.52132177033,3.37096291866,3.07873803828,3.91450358852,3.89255382775,2.55272129187,2.59500598086,4.14207535885,3.51121411483,3.1701854067
-1,2.35464285714,4.1625,3.19107142857,3.62392857143,3.65964285714,2.66785714286,3.51285714286,4.02,3.61178571429,5.14678571429,3.84821428571,3.6175,3.80535714286,3.92035714286,3.29892857143,2.74678571429,2.66107142857,3.52607142857,3.60857142857,4.64821428571
-1,1.55943952802,2.38628318584,2.07994100295,2.48038348083,2.93244837758,2.0517699115,2.4162979351,2.27743362832,2.30243362832,2.20648967552,2.13207964602,2.2546460177,2.15294985251,2.55479351032,2.42308259587,1.58466076696,1.5994100295,3.69896755162,2.05501474926,1.88222713864
-1,3.4051056338,4.36813380282,3.87646713615,5.03785211268,3.92728873239,3.93761737089,4.52564553991,4.88996478873,3.81825117371,4.63409624413,4.08656103286,4.38491784038,3.72987089202,3.99301643192,4.70909624413,3.51343896714,3.35404929577,4.6213028169,3.93362676056,3.96660798122
-1,2.71827330508,4.05863347458,3.71753177966,4.15492584746,4.03956567797,3.41085805085,4.26043432203,4.29041313559,4.33945974576,3.76657838983,3.89221398305,4.02907838983,3.52854872881,4.25206567797,4.76933262712,2.97791313559,2.95450211864,5.55990466102,3.79295550847,3.43384533898
-1,2.71957792208,3.45857142857,3.43909090909,4.08561688312,3.51808441558,2.93772727273,3.83808441558,3.6624025974,3.14974025974,3.90801948052,3.6099025974,3.50564935065,2.9787012987,3.58659090909,3.93103896104,2.9287012987,2.67243506494,4.50996753247,3.27649350649,3.48691558442
-1,6.53771367521,7.87254273504,6.96143162393,9.85950854701,5.81121794872,6.95096153846,9.36997863248,7.43728632479,6.47275641026,9.57489316239,8.45181623932,8.33707264957,8.8516025641,6.99540598291,7.15758547009,6.10886752137,6.16356837607,7.50373931624,6.53942307692,8.20993589744
-1,2.15776627219,3.07167159763,2.62610946746,3.63173076923,2.79208579882,2.56782544379,3.1275887574,3.18942307692,2.76708579882,3.15569526627,2.92137573964,2.97063609467,2.51886094675,3.07684911243,3.17847633136,2.30835798817,2.19386094675,3.73099112426,2.7475591716,2.74889053254
-1,1.70033632287,2.35162556054,2.03565022422,2.5634529148,2.73436098655,1.84075112108,2.19798206278,2.27926008969,2.50812780269,2.26126681614,2.22729820628,2.18553811659,2.29304932735,2.40784753363,2.5048206278,1.67359865471,1.79310538117,4.14417040359,2.4076793722,2.12242152466
-1,2.0057160804,2.8881281407,2.65370603015,3.10383165829,3.56790201005,2.47028894472,2.72167085427,2.81765075377,2.49880653266,3.04290201005,2.56212311558,3.33222361809,2.64227386935,2.86111809045,3.08523869347,1.96300251256,1.77644472362,3.72644472362,2.42933417085,2.65998743719
-1,1.60323712949,2.32359594384,2.0503900156,2.48502340094,2.72862714509,1.95401716069,2.3348673947,2.36563962559,2.39531981279,2.18677847114,1.99629485179,2.11790171607,1.96263650546,2.24964898596,2.48260530421,1.64586583463,1.5887675507,3.76801872075,2.23358034321,1.95865834633
-1,1.90485395189,2.16679553265,2.13303264605,2.49454467354,2.59858247423,2.13483676976,2.78801546392,2.3581185567,2.10708762887,2.23578178694,2.0331185567,2.44574742268,2.03320446735,2.34024914089,2.01035223368,1.68097079038,1.66653780069,3.30923539519,2.13595360825,2.01902920962
-1,2.97750860092,3.83711295872,3.61065080275,4.40775516055,3.84471043578,3.28427465596,4.18972190367,3.75290997706,3.74946961009,3.89462442661,3.68771502294,4.0020212156,3.43665424312,4.15841456422,4.39313360092,2.96460722477,2.98886181193,5.76122419725,3.97828268349,3.48364392202
-1,2.18580882353,3.05786764706,2.67345588235,3.79772058824,2.88669117647,2.57139705882,3.16448529412,3.14066176471,3.03051470588,3.33433823529,3.05919117647,3.12316176471,2.72830882353,3.01272058824,3.17830882353,2.29772058824,2.15992647059,3.59125,2.89360294118,2.95051470588
-1,1.82438340807,2.19445067265,2.14652466368,2.68127802691,2.58183856502,1.9581838565,2.36160313901,2.45997757848,2.4875,2.19316143498,2.17825112108,2.05566143498,2.13380044843,2.77841928251,2.50571748879,1.67337443946,1.65554932735,3.49198430493,2.54316143498,1.92421524664
-1,2.4609591195,3.0625,3.10149371069,3.64894654088,3.22910377358,2.61891509434,3.36690251572,3.33536163522,2.92256289308,3.46775157233,3.21533018868,3.07778301887,2.66196540881,3.07272012579,3.65133647799,2.60885220126,2.43907232704,4.24369496855,2.89290880503,3.10504716981
-1,2.96916293393,4.05309350504,3.65891657335,4.45121780515,3.89377099664,3.28461646137,4.23391657335,3.84861422172,4.00348544233,3.86633538634,3.63400055991,4.02288633819,3.39995800672,3.96739921613,4.44634658455,3.04995800672,3.05138577828,5.57322228443,4.04771836506,3.61594344905
-1,3.64779069767,4.66988372093,4.31302325581,5.31104651163,4.14034883721,4.15941860465,4.97162790698,5.32441860465,3.955,5.05546511628,4.29069767442,4.65127906977,3.85930232558,4.23534883721,5.06174418605,3.82372093023,3.67139534884,4.85058139535,4.0373255814,4.16197674419
-1,2.41723225405,3.08961706102,3.02834682441,3.60994707347,3.13307907846,2.57952988792,3.36885118306,3.28971046077,2.93121108344,3.48961706102,3.19419364882,3.10885740971,2.75007783313,3.21860211706,3.57641656289,2.56704545455,2.39522104608,4.36022727273,2.93949252802,3.06340286426
-1,2.22355442177,2.90994897959,2.4093537415,3.10450680272,3.21777210884,2.40680272109,2.90301870748,3.07410714286,2.99808673469,2.93979591837,2.84523809524,2.52487244898,2.79328231293,3.02134353741,3.12542517007,2.20442176871,2.26943027211,3.94022108844,2.59795918367,2.73954081633
-1,2.73499488753,3.67942229039,3.23105828221,4.18780674847,3.65426891616,2.93596625767,3.72451431493,3.77246932515,3.28867586912,3.42221370143,3.54941206544,3.51239775051,3.02405419223,3.60319529652,4.00621165644,2.78371676892,2.73105828221,5.24394171779,3.42819529652,2.97911554192
-1,2.87750516529,3.86123450413,3.21268078512,4.22435433884,3.6795196281,3.19604855372,3.94005681818,3.88514979339,3.44387913223,3.47869318182,3.70513946281,3.67497417355,3.25307334711,3.5836518595,4.07414772727,2.865625,2.79775309917,4.96092458678,3.64424070248,3.0489927686
-1,2.04016179541,2.94386743215,2.52455636743,3.13259394572,3.36385699374,2.56302192067,3.09715553236,2.87847077244,2.95232254697,2.85675887265,2.60728079332,3.01646659708,2.7128131524,3.14506784969,3.38316805846,2.05915970772,2.1003914405,4.57053757829,3.09632045929,2.40978601253
-1,2.45227272727,3.24318181818,2.83082386364,3.88735795455,3.08806818182,2.83309659091,3.33153409091,3.24360795455,2.875,3.3171875,3.17059659091,3.26463068182,2.69474431818,3.08068181818,3.45653409091,2.50980113636,2.3578125,3.61051136364,3.0765625,2.86860795455
-1,2.09906103286,2.54401408451,2.28814553991,2.68462441315,2.69941314554,2.29366197183,2.65481220657,2.70105633803,3.03779342723,2.76443661972,2.50105633803,2.29237089202,2.28309859155,2.76197183099,3.26384976526,1.98356807512,2.08755868545,3.74530516432,2.56807511737,2.4367370892
-1,2.88299319728,4.55357142857,3.59676870748,4.74489795918,3.74965986395,3.45153061224,4.20272108844,4.0712585034,4.78316326531,4.71615646259,4.45085034014,3.41632653061,3.39982993197,4.0425170068,4.33265306122,2.73010204082,2.8018707483,5.15544217687,3.47959183673,4.14727891156
-1,2.51178741093,3.49112232779,3.02063539192,3.70982779097,3.25246437055,2.92710807601,3.67105106888,3.74302256532,2.84326009501,3.45359263658,3.37390142518,3.39670427553,3.15935273159,3.73156175772,3.7518111639,2.52574228029,2.53987529691,4.19925771971,3.421347981,3.11137173397
-1,1.66022408964,2.14334733894,2.04677871148,2.61113445378,2.70770308123,2.11092436975,2.78634453782,2.42366946779,2.30385154062,2.12920168067,2.35175070028,2.14530812325,2.13445378151,2.31302521008,2.50791316527,1.70525210084,1.45770308123,3.77009803922,2.181232493,1.87051820728
-1,1.48454483696,2.04609375,1.89351222826,2.40546875,2.38155570652,1.95213994565,2.39072690217,2.17095788043,2.09290081522,1.95811820652,2.10988451087,1.99521059783,1.9269361413,1.98773777174,2.42265625,1.51029211957,1.39894701087,3.58726222826,1.83773777174,1.75805027174
-1,1.98309248555,2.73424855491,2.62817919075,3.16054913295,3.39927745665,2.39523121387,2.82196531792,2.76416184971,2.78858381503,3.00144508671,2.65679190751,3.26286127168,2.71806358382,2.79378612717,3.18843930636,1.91430635838,1.80317919075,3.78280346821,2.37832369942,2.72817919075
-1,1.69778106509,2.07130177515,1.95946745562,2.29452662722,2.57211538462,1.93823964497,2.0575443787,2.45384615385,2.37455621302,2.0174556213,2.0024408284,2.10355029586,2.13210059172,2.21678994083,2.50229289941,1.59467455621,1.53727810651,3.77788461538,2.27470414201,1.84105029586
-1,2.43533094812,3.01194096601,2.87307692308,3.48161896243,3.14342576029,2.67531305903,3.28273703041,3.15174418605,3.16994633274,2.99637745975,2.9343470483,3.09870304114,2.67911449016,3.13689624329,3.41838103757,2.34870304114,2.19834525939,4.40612701252,2.9873881932,2.64494633274
-1,2.20162671233,2.72126141553,2.63932648402,3.15251141553,3.09089611872,2.46466894977,2.88316210046,3.17465753425,2.79854452055,2.8098173516,2.6912956621,2.77000570776,2.57131849315,3.12796803653,3.13496004566,2.16078767123,2.08886986301,4.21775114155,2.74357876712,2.59369292237
-1,2.25130494505,2.90776098901,2.62864010989,3.50473901099,3.32822802198,2.65913461538,3.35679945055,2.63248626374,2.7834478022,3.58056318681,3.01641483516,3.79663461538,2.75350274725,3.05927197802,3.0573489011,2.20652472527,2.13125,3.94333791209,2.71490384615,2.91820054945
-1,1.61119565217,2.05061594203,1.79286231884,2.17206521739,2.24742753623,1.79402173913,2.00054347826,2.28735507246,2.23663043478,1.9806884058,1.97836956522,2.05684782609,2.00547101449,2.08880434783,2.33344202899,1.51510869565,1.4940942029,3.31474637681,2.15336956522,1.74815217391
-1,2.48898121387,3.27406069364,3.08171965318,3.55603323699,3.01929190751,2.7886199422,3.40166184971,3.21094653179,2.99985549133,3.26481213873,3.04588150289,3.1137283237,2.66036849711,3.41860549133,3.51217485549,2.35845375723,2.28464595376,3.95198699422,2.8900650289,2.79682080925
-1,6.01167711599,6.33973354232,6.07084639498,6.96747648903,5.26959247649,5.33902821317,6.5105015674,7.72492163009,5.93675548589,7.40626959248,6.5474137931,5.81857366771,5.47609717868,5.80877742947,6.36473354232,4.63495297806,4.62163009404,6.49631661442,5.50415360502,6.63503134796
-1,2.74147196262,3.72961448598,3.27476635514,4.11039719626,3.35578271028,3.18440420561,4.13691588785,4.00753504673,2.99503504673,3.83639018692,3.80987149533,3.67821261682,3.30987149533,4.02067757009,4.05087616822,2.7789135514,2.75052570093,4.14234813084,3.72599299065,3.44994158879
-1,4.05795454545,3.57659090909,4.01909090909,4.65136363636,3.74909090909,4.46613636364,5.50727272727,3.62863636364,4.63136363636,4.38727272727,4.10318181818,4.37840909091,5.04431818182,4.07954545455,3.62090909091,3.23909090909,2.86454545455,4.4125,3.40931818182,3.11704545455
-1,5.7664493865,6.02871932515,5.71522239264,6.48723159509,5.07565184049,5.06161809816,6.15678680982,7.62994631902,5.52549846626,7.18991564417,6.28884202454,5.5030291411,5.32258435583,5.63891871166,6.01445552147,4.41261503067,4.49674079755,6.24175613497,5.21054447853,6.41637269939
-1,2.77222510373,3.6705653527,3.19655082988,4.11942427386,3.74789937759,3.02383298755,3.73664419087,3.76366701245,3.2822873444,3.53197614108,3.57020228216,3.43249481328,3.0684906639,3.65931016598,4.02424792531,2.75427904564,2.66330394191,4.87585580913,3.46610477178,3.08026452282
-1,2.34871323529,2.74595588235,2.54883578431,3.10177696078,2.725,2.4012254902,3.01850490196,3.1331495098,2.84944852941,3.08210784314,2.82414215686,2.58995098039,2.62726715686,2.52745098039,3.21053921569,2.26047794118,2.23345588235,4.02077205882,2.46838235294,2.728125
-1,1.71185015291,2.34373088685,1.89671253823,2.50145259939,2.66811926606,1.99357798165,2.22377675841,2.45206422018,2.42836391437,2.1879969419,2.10068807339,2.24220183486,2.2503058104,2.21651376147,2.6122324159,1.63226299694,1.60466360856,3.49120795107,2.31498470948,1.85458715596
-1,2.06325448613,2.60032626427,2.34971451876,2.73491027732,3.02826264274,2.34820554649,2.87761011419,2.94465742251,2.6189233279,3.0895187602,2.5910685155,2.90562805873,2.44351549755,2.75093800979,2.76019575856,1.98572593801,1.96965742251,3.53050570962,2.35530179445,2.78601141925
-1,1.56555023923,2.21387559809,2.16913875598,2.6620215311,2.83169856459,2.11333732057,2.35765550239,2.34354066986,2.33678229665,2.20023923445,2.0389354067,2.19144736842,2.10759569378,2.42015550239,2.83666267943,1.57153110048,1.57805023923,3.77422248804,2.35251196172,1.84593301435
-1,2.27481949458,2.76656137184,2.58483754513,3.04950361011,2.81137184116,2.46696750903,2.90036101083,2.90970216606,2.85627256318,2.66981046931,2.66516245487,2.790433213,2.48713898917,2.81204873646,3.03646209386,2.13551444043,2.01119133574,3.91295126354,2.81416967509,2.32842960289
-1,2.26976996528,2.87081163194,2.55249565972,3.29476996528,3.20366753472,2.48517795139,3.0423828125,3.20075954861,3.00336371528,3.1533203125,3.04281684028,2.66100260417,2.92623697917,3.16430121528,3.1646484375,2.26356336806,2.31412760417,3.83539496528,2.68621961806,2.83630642361
-1,3.40826848249,4.45282101167,3.85359922179,4.96906614786,3.67928015564,3.85048638132,4.84085603113,4.17859922179,4.08482490272,5.17480544747,4.38793774319,4.15535019455,4.59212062257,3.98560311284,4.12850194553,3.17101167315,3.14328793774,4.93414396887,3.91624513619,4.15282101167
-1,3.19643691589,4.08580607477,4.03814252336,4.61419392523,3.38627336449,3.32120327103,3.70192757009,4.80601635514,4.48884345794,4.62903037383,3.40227803738,3.58837616822,2.97085280374,3.57330607477,4.46115654206,2.97681074766,2.72435747664,4.81372663551,3.55356308411,4.0379088785
-1,2.18100961538,3.00947115385,2.85841346154,3.06658653846,2.71466346154,2.36850961538,3.36158653846,3.18072115385,2.62081730769,3.47302884615,3.06447115385,2.76408653846,2.57033653846,2.929375,2.50485576923,2.49129807692,2.19918269231,2.91302884615,2.76004807692,2.78235576923
-1,3.64431279621,4.57085308057,4.16409952607,5.38056872038,4.12120853081,4.21066350711,4.888507109,5.20710900474,4.0077014218,5.15710900474,4.32144549763,4.62997630332,3.85710900474,4.19336492891,4.92120853081,3.69372037915,3.61255924171,4.58258293839,4.12417061611,4.26421800948
-1,2.42023056058,2.85892857143,2.35214737794,3.07538426763,2.96905515371,2.19278933092,2.7518761302,2.98591772152,2.77027576854,2.82868444846,2.71950723327,2.34957052441,2.42633363472,2.57696654611,2.80210216998,2.10273508137,2.09179475588,4.28117088608,2.5943716094,2.63103526221
-1,2.5158839779,3.36464088398,3.33038674033,4.32113259669,3.13190607735,3.00400552486,3.71781767956,4.05649171271,3.39046961326,3.79378453039,3.17582872928,3.39171270718,2.93922651934,3.4635359116,3.90151933702,2.66906077348,2.45455801105,4.86906077348,3.81132596685,3.33535911602
-1,1.78737331081,2.12191722973,1.95536317568,2.25696790541,2.48804898649,2.07276182432,2.60190033784,2.16288006757,2.03188344595,2.24201858108,1.90637668919,2.32470439189,1.93923141892,2.27183277027,1.88804898649,1.6144847973,1.55874155405,3.15975506757,1.91110641892,1.96347128378
-1,4.73513986014,5.73321678322,6.38199300699,7.1013986014,4.09632867133,5.7951048951,7.38793706294,5.94143356643,6.0270979021,6.53286713287,5.84090909091,6.64318181818,5.03146853147,5.43548951049,6.20472027972,4.72867132867,4.29020979021,6.28933566434,4.81258741259,5.09423076923
-1,3.2386,3.6572,3.5792,4.0216,3.65,2.854,3.57,3.5162,3.2304,4.1056,3.8226,3.115,3.2864,3.5028,3.64,2.6822,3,3.708,2.8772,3.5504
-1,3.46977699531,4.65557511737,4.0771713615,5.23714788732,3.98127934272,4.11731220657,4.85991784038,5.27271126761,3.89465962441,4.89771126761,4.32188967136,4.70745305164,3.86813380282,4.13409624413,5.05698356808,3.69571596244,3.54841549296,4.74172535211,3.95123239437,4.05111502347
-1,2.53441064639,3.18593155894,2.77490494297,3.48574144487,3.0533269962,2.52661596958,3.08811787072,3.49087452471,2.87585551331,3.43346007605,3.1322243346,2.70922053232,3.37005703422,3.39429657795,3.55960076046,2.30912547529,2.51663498099,3.83127376426,2.84686311787,3.09857414449
-1,1.48508308157,2.04777190332,1.76461480363,2.20094410876,2.40524924471,1.85018882175,2.10049093656,2.15336102719,2.20472054381,1.99852719033,1.99958459215,2.04505287009,2.02662386707,2.09641238671,2.31295317221,1.44716767372,1.39339123867,3.21046072508,2.0377265861,1.66876888218
-1,1.49783861671,2.21873198847,1.91714697406,2.38768011527,2.72219020173,1.98350144092,2.28342939481,2.20886167147,2.28097982709,2.22586455331,2.11923631124,2.08371757925,2.01613832853,2.47838616715,2.31282420749,1.52377521614,1.48731988473,3.52406340058,2.13004322767,1.87456772334
-1,2.36950431034,2.98985529557,2.81205357143,3.29542795567,3.20601908867,2.41245381773,3.055033867,3.15589593596,3.20721982759,3.06701046798,2.82212130542,3.06522475369,2.90694273399,3.28563731527,3.71620997537,2.21627155172,2.37033559113,5.08129618227,3.25186268473,2.89231834975
-1,1.91024659864,2.21577380952,2.12461734694,2.54604591837,2.69289965986,2.2718962585,2.81917517007,2.33618197279,2.12147108844,2.34732142857,2.1575255102,2.55471938776,2.23830782313,2.34417517007,2.05046768707,1.69868197279,1.67861394558,3.1525085034,2.11534863946,2.10352891156
-1,1.53154342723,2.19322183099,2.06892605634,2.56141431925,2.67127347418,1.99134389671,2.37813967136,2.34474765258,2.28359741784,2.18166079812,2.06235328638,2.13512323944,2.03811619718,2.35742370892,2.78189553991,1.539407277,1.53054577465,3.77948943662,2.23306924883,1.87186032864
-1,1.49892241379,2.26925287356,1.87880747126,2.40775862069,2.87198275862,1.95201149425,2.2474137931,2.36429597701,2.3941091954,2.10359195402,2.11594827586,2.14489942529,1.97011494253,2.52686781609,2.34195402299,1.53670977011,1.59252873563,3.83656609195,2.04015804598,1.87543103448
-1,1.39580985915,1.95313380282,1.86806338028,2.34468309859,2.5201056338,1.99806338028,2.32468309859,2.18158450704,2.10376760563,1.92172535211,1.99764084507,1.92665492958,1.94278169014,2.01580985915,2.30447183099,1.49038732394,1.31947183099,3.64876760563,1.88214788732,1.6725
-1,1.94287084399,2.17912404092,2.21429028133,2.51205242967,2.56550511509,2.07854859335,2.35137468031,2.43686061381,2.62931585678,2.41985294118,2.34517263427,2.25182225064,2.14197570332,2.37439258312,2.53059462916,2.08903452685,1.87234654731,3.55182225064,2.28072250639,2.14926470588
-1,2.19997282609,2.5279076087,2.3154076087,2.69894021739,2.7341576087,2.11676630435,2.64649456522,2.4879076087,2.67182065217,2.35513586957,2.336875,2.34508152174,2.42763586957,2.47328804348,3.02730978261,1.90779891304,1.90095108696,3.80176630435,2.34861413043,2.03850543478
-1,4.66047077922,6.6161525974,6.15381493506,7.67962662338,5.12021103896,5.66923701299,7.36566558442,6.72556818182,5.33076298701,8.47800324675,6.62849025974,6.03660714286,5.80722402597,5.93595779221,6.8463474026,4.97832792208,4.76517857143,6.57426948052,5.15137987013,7.31355519481
-1,2.22377929688,3.08540039062,2.88540039063,3.02983398438,2.86596679688,2.40219726562,3.44741210938,3.22651367187,2.62270507813,3.56430664062,3.17358398438,2.81645507813,2.64653320313,3.03950195312,2.57553710937,2.50786132813,2.23237304687,2.97768554688,2.78256835937,2.92436523438
-1,2.26994680851,3.14361702128,3.09135638298,3.45917553191,3.42313829787,2.71050531915,3.58031914894,3.3704787234,2.9125,3.44175531915,2.8045212766,3.37632978723,3.02885638298,3.35199468085,3.54109042553,2.49481382979,2.8579787234,3.90904255319,3.28164893617,3.40984042553
-1,1.43652456647,2.20841763006,1.88775289017,2.29974710983,2.77481936416,1.85661127168,2.15704479769,2.34606213873,2.27496387283,2.12294075145,2.05523843931,2.06672687861,2.09664017341,2.50205924855,2.28081647399,1.50083092486,1.50885115607,3.5873916185,1.95487716763,1.71658236994
-1,2.56407380608,3.30586107091,3.13111432706,3.74048480463,3.06682344428,2.83574529667,3.55665701881,3.21606367583,3.06859623734,3.17293777135,3.00886396527,3.18838639653,2.64218523878,3.43147612156,3.54786541245,2.4010130246,2.31458031838,3.99442836469,2.9766642547,2.76273516643
-1,1.63507250946,2.071610971,1.94244955864,2.30001576293,2.51253152585,1.82722257251,2.15272698613,2.24500315259,2.20143442623,2.33072194199,2.15751891551,2.02775851198,1.94440416141,2.26584174023,2.35559583859,1.62905107188,1.5768442623,3.36079760404,2.03548234552,2.05118221942
-1,1.67572852761,2.46242331288,2.12062883436,2.59355828221,2.7875,2.0286809816,2.52139570552,2.39493865031,2.5476993865,2.28711656442,2.10360429448,2.27676380368,2.13197852761,2.39881134969,2.60636503067,1.70774539877,1.68374233129,3.84551380368,2.40072852761,2.07898773006
-1,1.74363772455,2.46781437126,2.69887724551,3.00172155689,2.49797904192,2.49595808383,2.80838323353,2.78046407186,2.5244760479,2.76100299401,2.65890718563,2.62604790419,2.09199101796,2.90838323353,2.72814371257,2.07724550898,1.89273952096,3.36511976048,2.70291916168,2.28076347305
-1,2.52379898862,3.23786346397,3.22146017699,3.80638432364,3.30009481669,2.7412136536,3.52756005057,3.44642857143,3.0237357775,3.66536030341,3.38280657396,3.28821112516,2.78046776233,3.31257901391,3.76242098609,2.70793299621,2.50423514539,4.29987357775,2.95328697851,3.19690265487
-1,1.95403899721,2.35201949861,2.23252089136,2.62339832869,3.01253481894,2.13729108635,2.78840529248,2.69536908078,2.37792479109,2.89933844011,2.44066852368,2.70616295265,2.33969359331,2.62151810585,2.5327994429,1.86727019499,1.79738857939,3.51852367688,2.29818941504,2.59536908078
-1,2.51023641851,3.32482394366,2.79725855131,3.59801307847,3.46969315895,2.84836519115,3.44373742455,3.50923038229,3.29781187123,3.34856639839,3.24957243461,2.87532696177,3.28986418511,3.58956237425,3.55731891348,2.51506539235,2.61858651911,4.30103118712,3.03714788732,3.10953219316
-1,2.75770697168,3.34300108932,3.18243464052,3.96914488017,3.63101851852,2.87284858388,3.49844771242,3.91304466231,3.37960239651,3.5762254902,3.15514705882,3.37159586057,2.82366557734,3.27246732026,3.97083333333,2.58194444444,2.65536492375,4.72954793028,3.16086601307,3.46402505447
-1,1.52280487805,2.20725609756,1.89347560976,2.2181097561,2.51323170732,1.81591463415,2.05536585366,2.34262195122,2.25475609756,2.0968902439,2.08603658537,2.13024390244,2.08603658537,2.15432926829,2.34298780488,1.56469512195,1.52048780488,3.7018902439,2.20359756098,1.81676829268
-1,2.13738610478,2.5986332574,2.57260820046,3.06486332574,2.90236332574,2.44319476082,2.82161161731,3.080523918,2.75475512528,2.7076594533,2.53285876993,2.69493166287,2.44712414579,2.9020501139,3.03536446469,2.06005125285,1.99496013667,4.05247722096,2.67351936219,2.5423405467
-1,2.155672748,2.71887115165,2.5657354618,3.08876852908,3.02189281642,2.44811858609,2.89096351197,3.06730330673,2.690336374,2.77189281642,2.66262827822,2.80715507412,2.4775940707,3.01297035348,3.11148802737,2.10481755986,2.09281641961,4.1090649943,2.67973204105,2.60880843786
-1,1.53031914894,2.03741134752,1.96093380615,2.35313238771,2.68906619385,1.91731678487,2.21560283688,2.28516548463,2.18510638298,2.10809692671,2.00395981087,2.0524822695,1.94367612293,2.2256501182,2.58002364066,1.4719858156,1.44604018913,3.7615248227,2.01323877069,1.77925531915
-1,3.38526951673,3.7657527881,3.52151486989,4.02551115242,3.53006505576,3.39595724907,3.30562267658,4.74335501859,3.42634758364,4.52588289963,4.18935873606,3.45999070632,3.59447026022,4.2811802974,4.11974907063,3.6875929368,3.35106877323,4.96658921933,4.2749535316,4.29855947955
-1,2.34577205882,4.05165441176,3.08106617647,3.56966911765,3.61415441176,2.54650735294,3.48033088235,4.01819852941,3.49503676471,5.20863970588,3.84319852941,3.26047794118,3.72665441176,3.92849264706,3.23841911765,2.53694852941,2.63511029412,3.54430147059,3.72922794118,4.72738970588
-1,2.33569494585,2.87967809868,2.6922833935,3.14574308063,3.24312575211,2.45940132371,3.00109807461,3.17098375451,3.08250601685,2.993877858,2.77128459687,2.96039410349,2.84324608905,3.21511732852,3.43975631769,2.16000300842,2.30786702768,4.96800541516,3.16033393502,2.86361311673
-1,1.47432033097,2.09878841608,1.85416666667,2.34949763593,2.47130614657,1.82739361702,2.20475768322,2.1381501182,2.09015957447,2.05322104019,1.94630614657,2.00144799054,1.94169621749,2.10434397163,2.53897754137,1.44725177305,1.43549054374,3.52662529551,2.14216903073,1.72763002364
-1,6.16371107266,7.56466262976,7.03923010381,7.68187716263,6.0750432526,7.48118512111,8.51621972318,7.53066608997,7.32210207612,7.8330017301,7.43758650519,7.82798442907,6.0937283737,7.31345155709,8.13282871972,6.43576989619,5.84701557093,7.05687716263,6.24355536332,6.51656574394
-1,1.75920365535,1.98361618799,2.30398172324,2.50953002611,2.75548302872,2.06037859008,1.98975195822,2.49040469974,2.3546997389,2.33224543081,2.10326370757,2.02539164491,2.10567885117,2.52251958225,3.16873368146,1.82382506527,1.7591383812,3.8251305483,2.14823759791,2.0909921671
-1,1.84583333333,2.23828947368,2.34065789474,2.88197368421,3.16223684211,2.16872807018,2.36565789474,2.53609649123,2.67346491228,2.48820175439,2.42521929825,2.23671052632,2.48135964912,2.58548245614,2.88574561404,1.83583333333,1.84793859649,4.04451754386,2.48793859649,2.23671052632
-1,2.25077380952,2.53946428571,2.47625,2.89791666667,2.75827380952,2.32886904762,2.82636904762,2.76541666667,3.06744047619,2.89053571429,2.61779761905,2.42541666667,2.51910714286,3.03339285714,3.34029761905,2.18160714286,2.26553571429,3.73625,2.69041666667,2.70470238095
-1,3.38132183908,3.7025862069,4.55833333333,6.03591954023,3.84856321839,3.63649425287,4.76896551724,4.18304597701,4.08793103448,4.33735632184,4.4316091954,3.65603448276,3.55402298851,5.13649425287,4.19712643678,3.19195402299,3.01063218391,5.66522988506,4.18017241379,3.76551724138
-1,2.31932432432,3.20175675676,3.16243243243,3.51391891892,3.42297297297,2.78202702703,3.63608108108,3.51067567568,3.14243243243,3.67040540541,3.01702702703,3.5577027027,3.03986486486,3.62972972973,3.775,2.53054054054,3.03567567568,4.11067567568,3.585,3.59486486486
-1,3.91603773585,4.99952830189,4.44752358491,5.5366745283,4.25683962264,4.50554245283,5.22523584906,5.60566037736,3.97110849057,5.23278301887,4.52134433962,5.07134433962,4.00365566038,4.43054245283,5.32700471698,3.99622641509,3.87676886792,5.05106132075,4.19127358491,4.39964622642
-1,1.67447257384,2.18678797468,1.8440664557,2.19944620253,2.81495253165,1.89034810127,2.38180379747,2.22318037975,2.02162447257,2.34219409283,2.10176687764,2.40922995781,1.93014240506,2.31371308017,2.32341772152,1.60303270042,1.53462552743,3.13858122363,2.01901371308,2.1072257384
-1,1.57271634615,2.26292067308,2.05186298077,2.59699519231,2.69050480769,1.98106971154,2.35528846154,2.26051682692,2.32908653846,2.22548076923,2.12205528846,2.10757211538,2.09008413462,2.42980769231,2.70697115385,1.53786057692,1.53816105769,3.88215144231,2.31724759615,1.87451923077
-1,6.01307189542,7.61176470588,5.9522875817,6.93962418301,5.59803921569,6.90416666667,7.84950980392,6.82598039216,6.79297385621,7.13635620915,7.11740196078,6.68995098039,5.51568627451,6.45767973856,7.37589869281,5.95669934641,5.48553921569,6.63112745098,5.47009803922,6.4137254902
-1,2.13889875666,2.71714031972,2.53761101243,3.00204262877,2.7081705151,2.31003552398,2.90954706927,2.74964476021,2.86096802842,2.59422735346,2.60128774423,2.70235346359,2.35097690941,2.76927175844,2.93769982238,2.06474245115,1.94538188277,3.93654529307,2.77349023091,2.31514209591
-1,2.57921875,3.19805803571,3.34046875,3.91622767857,3.10287946429,2.90162946429,3.31113839286,3.43515625,3.13279017857,3.37448660714,3.23805803571,3.05756696429,3.04752232143,3.56560267857,3.74962053571,2.82417410714,2.49453125,5.01979910714,3.70020089286,3.09926339286
-1,2.60860323887,3.54134615385,2.85733805668,3.74493927126,3.49488866397,2.92940283401,3.58213562753,3.56325910931,3.32651821862,3.61467611336,3.61973684211,2.94681174089,3.39423076923,3.5629048583,3.67818825911,2.59316801619,2.74185222672,4.34129554656,3.09438259109,3.3411437247
-1,2.09283707865,3.07134831461,2.91278089888,3.32176966292,3.58005617978,2.54662921348,2.99143258427,2.90435393258,2.78511235955,3.15505617978,2.78693820225,3.42345505618,2.78988764045,3.04466292135,3.23637640449,2.0345505618,1.88005617978,3.70323033708,2.5066011236,2.75997191011
-1,2.1899321267,2.62070135747,2.47315233786,3.00222473605,2.93601055807,2.30003770739,2.80863499246,2.86489441931,2.83525641026,2.7544494721,2.61300904977,2.77469834087,2.47356711916,2.87028657617,3.14328808446,2.02907239819,2.10395927602,4.09619155354,2.88080693816,2.52816742081
-1,1.71628056628,2.22728442728,2.12094594595,2.45006435006,2.73548906049,1.96367438867,2.31418918919,2.32323037323,2.34713642214,2.46756756757,2.27306949807,2.13175675676,2.1213963964,2.30563063063,2.5342985843,1.69417631918,1.69041184041,3.65077220077,2.19366151866,2.15881595882
-1,2.09956140351,2.72733918129,2.52850877193,3.51564327485,2.72251461988,2.4331871345,2.96330409357,3.01929824561,2.7350877193,3.15438596491,2.85657894737,2.82207602339,2.51725146199,2.86418128655,3.04049707602,2.12602339181,2.02046783626,3.43815789474,2.69356725146,2.70087719298
-1,2.6526734104,3.48273121387,3.62362716763,4.35773121387,3.30440751445,3.02984104046,3.79284682081,4.08244219653,3.55527456647,3.98128612717,3.2536849711,3.32911849711,2.88475433526,3.52651734104,3.93721098266,2.69617052023,2.42680635838,4.74371387283,3.54559248555,3.33186416185
-1,3.38631578947,3.49657894737,3.09736842105,4.17578947368,3.63315789474,3.15921052632,3.94973684211,3.75473684211,2.95578947368,4.45947368421,3.71631578947,3.31052631579,3.09421052632,3.21473684211,3.00078947368,2.88026315789,2.91052631579,4.24315789474,2.82657894737,3.96605263158
-1,2.06163321168,2.66099452555,2.44730839416,2.86592153285,2.5983120438,2.37919708029,2.72075729927,2.66017335766,2.7865419708,2.47664233577,2.48996350365,2.6766879562,2.27572992701,2.6052919708,2.82627737226,2.07317518248,1.88914233577,3.96427919708,2.69215328467,2.13622262774
-1,1.45383254717,2.0047759434,1.8375,2.22340801887,2.56267688679,1.75471698113,2.12865566038,2.05630896226,2.04150943396,1.95943396226,1.9014740566,1.95170990566,1.90100235849,2.09840801887,2.47087264151,1.41745283019,1.35672169811,3.58172169811,1.93425707547,1.65713443396
-1,2.55889317181,3.66908039648,2.92425660793,3.77772577093,3.43846365639,2.93526982379,3.48460903084,3.63433370044,3.34457599119,3.56026982379,3.44286894273,3.02199889868,3.2424284141,3.71621696035,3.66819933921,2.66495044053,2.67546806167,4.36935572687,3.06632709251,3.35586453744
-1,1.63455882353,1.98357843137,2.34289215686,2.60710784314,1.76446078431,1.94485294118,2.96544117647,2.21593137255,1.9556372549,2.54117647059,2.28039215686,2.12549019608,1.69730392157,2.31838235294,2.43480392157,1.85808823529,1.7112745098,2.93357843137,2.07083333333,2.19460784314
-1,3.26788793103,4.22920258621,3.80579202586,4.5560075431,4.07168642241,3.42963362069,4.29482758621,4.04431573276,4.14967672414,4.06912715517,3.86877693966,4.15573814655,3.6002424569,4.33526400862,4.60005387931,3.1877424569,3.28620689655,5.9682112069,4.30843211207,3.84102909483
-1,2.62234121123,3.34907680945,3.21698670606,3.70166174298,3.13581979321,2.88774002954,3.5635155096,3.29737813885,3.04538404727,3.15860413589,3.06314623338,3.17902511078,2.65081240768,3.49922451994,3.64073116691,2.45155096012,2.34516248154,4.14793205318,3.03822008863,2.77152880355
-1,1.82324766355,2.61612149533,2.31339563863,2.80054517134,2.81074766355,2.17200155763,2.69248442368,2.56191588785,2.61557632399,2.5640576324,2.35447819315,2.47947819315,2.22679127726,2.52390965732,2.74361370717,1.87749221184,1.81394080997,4.04201713396,2.4351635514,2.2886682243
-1,2.6504784689,3.64940191388,3.21943779904,3.83098086124,3.23259569378,3.05693779904,3.81160287081,3.80980861244,2.89007177033,3.60765550239,3.52912679426,3.59934210526,3.19862440191,3.86949760766,3.99294258373,2.6658492823,2.76238038278,4.34366028708,3.57386363636,3.15448564593
-1,4.69028571429,5.16114285714,4.62085714286,6.0285,3.979,4.61121428571,5.3805,5.22414285714,5.03592857143,5.40185714286,4.92157142857,4.7705,4.68542857143,4.40128571429,5.70521428571,4.40278571429,3.824,5.35614285714,4.23414285714,5.14464285714
-1,4.24811046512,4.51497093023,4.27834302326,5.04316860465,3.44345930233,4.27427325581,5.47427325581,4.72136627907,4.48880813953,4.57630813953,4.42281976744,4.40363372093,3.48270348837,4.42281976744,4.41671511628,3.53270348837,3.45130813953,5.08037790698,3.2449127907,4.10799418605
-1,2.00625,2.25189144737,2.08396381579,2.51554276316,2.51883223684,2.21175986842,2.8234375,2.41858552632,2.09424342105,2.38256578947,2.08856907895,2.58059210526,2.15797697368,2.29679276316,2.07623355263,1.69440789474,1.68807565789,3.10452302632,1.96529605263,2.16003289474
-1,1.54989669421,2.24046143251,1.99941460055,2.47441460055,2.46952479339,2.01208677686,2.45423553719,2.30671487603,2.22744490358,2.14383608815,2.21256887052,2.06380853994,1.96601239669,2.15320247934,2.34335399449,1.60526859504,1.41167355372,3.89452479339,2.01580578512,1.80127410468
-1,1.78004032258,2.15112327189,2.15043202765,2.60319700461,2.67180299539,1.87324308756,2.13706797235,2.15820852535,2.53205645161,2.34271313364,2.20999423963,2.04939516129,2.05786290323,2.30982142857,2.44230990783,1.66644585253,1.70187211982,3.84835829493,2.32756336406,2.00705645161
-1,5.03402061856,5.70109536082,4.75863402062,6.2012242268,4.97770618557,4.94143041237,5.74587628866,6.00947164948,5.53743556701,5.81984536082,5.57699742268,5.0587628866,4.89851804124,5.93331185567,6.07860824742,4.31088917526,4.41237113402,6.90354381443,5.49896907216,5.41333762887
-1,2.96468172485,3.88459958932,3.22161190965,4.38814168378,3.80590349076,3.14845995893,4.00841889117,3.95667351129,3.52058521561,3.47941478439,3.66042094456,3.69876796715,3.19430184805,3.65426078029,4.21293634497,2.98039014374,2.78290554415,5.20338809035,3.50077002053,3.11339835729
-1,1.69980345912,2.47216981132,2.23974056604,2.64398584906,2.74779874214,2.05283018868,2.6009827044,2.48580974843,2.55129716981,2.41124213836,2.24036949686,2.34044811321,2.16493710692,2.50695754717,2.54658018868,1.77213050314,1.7685927673,3.78384433962,2.41757075472,2.10990566038
-1,2.63366510539,3.63471896956,3.11071428571,3.90158079625,3.24730679157,3.03963700234,3.84929742389,3.77306791569,2.90901639344,3.62271662763,3.6287470726,3.50345433255,3.12324355972,3.8506440281,3.92300936768,2.63302107728,2.67166276347,4.17529274005,3.5144028103,3.26329039813
-1,6.86100157729,5.02598580442,6.32929810726,6.91865141956,5.09759463722,4.85295741325,5.03261041009,7.4219637224,5.34901419558,6.71320977918,5.51399842271,5.02046529968,5.04743690852,5.2266955836,5.73994479495,5.8733044164,5.1528785489,6.38442429022,5.70114353312,6.75934542587
-1,2.98023114355,3.95383211679,3.96192214112,4.46964720195,3.57055961071,3.51879562044,3.82177615572,4.04616788321,3.60675182482,4.25717761557,3.77889294404,4.00091240876,3.13448905109,3.48868613139,4.22055961071,3.18090024331,2.91186131387,4.77390510949,3.69385644769,3.4848540146
-1,2.21693548387,3.15564516129,3.10309139785,3.39314516129,3.49704301075,2.71142473118,3.5189516129,3.29475806452,3.00483870968,3.53400537634,2.83346774194,3.43427419355,3.14247311828,3.46639784946,3.49502688172,2.40295698925,2.8627688172,4.03413978495,3.42204301075,3.39784946237
-1,2.55003113325,3.08356164384,2.95155666252,3.5103985056,3.40940224159,2.67739726027,3.31397882939,3.3249377335,3.36481942715,3.31537982565,3.02932752179,3.20059153176,2.98449564134,3.50803237858,3.7199875467,2.40127646326,2.50768991283,5.15937110834,3.36519302615,3.12795765878
-1,2.56332417582,3.13685897436,2.97742673993,3.38914835165,3.63713369963,2.54766483516,2.88328754579,3.16652930403,3.21222527473,3.71863553114,3.31515567766,2.72577838828,2.87184065934,3.49281135531,3.53447802198,2.52907509158,2.59491758242,5.22733516484,3.0342032967,3.39445970696
-1,1.90091192171,2.89753113879,2.31278914591,2.94010231317,2.82920373665,2.28961298932,2.84072508897,2.73262900356,2.67982651246,2.75131227758,2.56519128114,2.68792259786,2.52560053381,2.93231761566,2.94379448399,1.95642793594,1.86608096085,4.41554715302,2.80540480427,2.43672153025
-1,3.42251184834,4.67369668246,4.12914691943,5.23045023697,4.02120853081,4.23483412322,4.99277251185,4.9558056872,3.78009478673,5.00450236967,4.35841232227,4.75568720379,3.77464454976,4.2268957346,4.89075829384,3.69454976303,3.53246445498,4.5663507109,4.00426540284,4.09952606635
-1,1.45896507666,2.04976575809,1.7086669506,2.15483390119,2.48979982964,1.69963798978,2.08545570698,2.09363287905,2.24094974446,1.88315587734,1.79997870528,1.81969761499,1.95470613288,2.04150340716,2.24925468484,1.46837734242,1.33762776831,3.52152896082,1.99848807496,1.67817291312
-1,6.56847014925,6.07593283582,6.70242537313,7.1796641791,5.8927238806,5.97667910448,8.06138059701,7.28675373134,6.54458955224,5.70578358209,5.1401119403,7.40055970149,4.98115671642,5.62070895522,5.66436567164,6.50055970149,5.94085820896,5.73339552239,5.74645522388,6.88376865672
-1,4.84825581395,5.09505813953,4.69447674419,5.69040697674,3.74011627907,4.83546511628,5.61511627907,5.14651162791,4.95319767442,5.00377906977,4.76453488372,5.03488372093,3.78953488372,4.69970930233,4.81918604651,3.97151162791,3.69098837209,5.27761627907,3.70494186047,4.45406976744
-1,2.68824282787,3.67523053279,2.85914446721,3.77835553279,3.5234375,2.93301741803,3.51442110656,3.63563012295,3.39679815574,3.56308913934,3.47323258197,3.05473872951,3.27430840164,3.64198258197,3.70791495902,2.63711577869,2.7346567623,4.44428790984,3.08214651639,3.24203381148
-1,2.93959643606,3.78304507338,3.21795073375,4.1338312369,3.69960691824,2.97486897275,3.73812893082,3.82450209644,3.4910115304,3.81354821803,3.66422955975,3.17607442348,3.12465932914,3.74887316562,4.36302410901,2.57869496855,2.51077044025,5.29646226415,3.51915618449,3.34279350105
-1,2.30288793103,2.86647988506,2.78757183908,3.29067528736,3.12320402299,2.57791666667,3.01073275862,3.25498563218,2.92239942529,2.88337643678,2.74122126437,2.92274425287,2.59395114943,3.12487068966,3.22191091954,2.23610632184,2.17599137931,4.25900862069,2.79510057471,2.68981321839
-1,2.49318037975,3.25713607595,3.2027056962,3.86181962025,3.21289556962,2.69821202532,3.55992088608,3.4722943038,3.03090189873,3.59393987342,3.32824367089,3.31773734177,2.7340664557,3.28194620253,3.75172468354,2.6997943038,2.47628164557,4.37476265823,2.99450949367,3.16295886076
-1,2.36642857143,3.97642857143,3.00321428571,3.395,3.53678571429,2.53571428571,3.4425,3.89821428571,3.30321428571,5.11964285714,3.66892857143,3.35,3.54071428571,3.85535714286,3.35357142857,2.46857142857,2.50607142857,3.45642857143,3.54964285714,4.5625
-1,2.63204022989,3.22097701149,2.86393678161,3.79051724138,3.30129310345,2.94171455939,3.53606321839,3.75962643678,3.20483716475,3.76283524904,3.55977011494,3.04511494253,3.11738505747,3.62744252874,3.58908045977,2.60124521073,2.78850574713,4.69372605364,3.3066091954,3.43745210728
-1,1.94929078014,2.32769503546,2.21865248227,2.64886524823,2.89262411348,2.09606382979,2.745,2.68397163121,2.46010638298,2.95276595745,2.46744680851,2.64897163121,2.40439716312,2.60294326241,2.46723404255,1.84563829787,1.81563829787,3.455,2.23982269504,2.6174822695
-1,2.59602826511,3.45299707602,2.71566764133,3.55153508772,3.63935185185,2.87936159844,3.55328947368,3.55840643275,3.3568957115,3.48082358674,3.47863060429,2.96079434698,3.31113547758,3.74057017544,3.48642787524,2.54286062378,2.66990740741,4.30796783626,3.13925438596,3.24325048733
