"Class","socnumber_0","socnumber_1","socnumber_2","socnumber_3","socnumber_4","socnumber_5","socnumber_6","socnumber_7","socnumber_8","socnumber_9","socnumber_10","socnumber_11","socnumber_12","socnumber_13","socnumber_14","socnumber_15","socnumber_16","socnumber_17","socnumber_18","socnumber_19"
1,0.358653744262,0.354365533662,0.367982432566,0.340126906096,0.351020252475,0.372944975207,0.368592397351,0.334188237148,0.357691209302,0.367503896839,9300.68360656,8750.88669951,9326.57072368,8810.03294893,8879.76237624,9358.25289256,8951.56125828,8506.88225539,8795.35880399,8622.95840266
1,0.371070074419,0.406136004662,0.346493081776,0.345589381733,0.377804807512,0.346933336471,0.370650872642,0.353284070922,0.376494374408,0.35642724228,10193.5906977,10639.4335664,9177.74299065,9421.7470726,9976.38967136,9233.99294118,9748.16273585,9870.0141844,9929.87440758,9776.304038
1,0.346272084507,0.365627618375,0.35057987234,0.350477395018,0.380819632143,0.36386690681,0.351451561151,0.351313386282,0.362166623188,0.351761345455,9750.93309859,9536.3639576,9464,8988.83629893,9722.00357143,9370.70967742,9267.07194245,9616.47292419,9478.48913043,9157.64363636
1,0.369508480565,0.384123485816,0.351803800712,0.336678757143,0.371815795699,0.354960852518,0.341756386282,0.359144130435,0.372574309091,0.348116591241,10122.9045936,9836.83687943,10012.6405694,9387.31071429,9867.37275986,9518.32733813,9407.33212996,9668.68478261,9978.49454545,9406.51459854
1,0.373072328767,0.368141264605,0.342090317241,0.364974083045,0.353900354167,0.358275181185,0.317719737762,0.334589898246,0.362647024648,0.360461770318,10192.3424658,9945.26804124,10014.0655172,9670.85121107,9323.35069444,9507.1533101,8722.44405594,9332.8877193,10058.9260563,9459.64664311
1,0.377905280597,0.367125820359,0.378422165165,0.339181626506,0.340096326284,0.368576975758,0.346181680851,0.360526210366,0.366396021407,0.366177509202,9688,9778.17065868,9632.003003,9435.76807229,9296.03323263,9698.11212121,9207.43465046,9332.80182927,9883.0764526,9366.27607362
1,0.369870748603,0.378326638655,0.353353730337,0.366771183099,0.364274429379,0.339583212465,0.313583707386,0.347049760684,0.364756014286,0.375920679083,9603.76536313,9924.59943978,9348.63202247,9661.21971831,10072.4491525,9659.71388102,8561.48579545,9414.98290598,9803.96571429,9705.05157593
1,0.394237724846,0.416244427984,0.392376513402,0.398334082645,0.391138865424,0.378419556017,0.38511260499,0.39664280625,0.376070490605,0.388456514644,9762.38603696,9887.03703704,9148.14639175,9895.29545455,9586.25879917,9990.71161826,9282.38253638,9553.86875,9311.36951983,9534.40794979
1,0.39714931746,0.414851218688,0.408101820717,0.390068764471,0.39928556,0.408975897796,0.382059026104,0.388510828974,0.409388969758,0.421162963636,9848.75595238,9548.81312127,9733.83864542,10010.2914172,9970.046,9825.60921844,9380.21084337,9517.95573441,9768.16935484,10001.440404
1,0.37798971564,0.401960409524,0.297931578947,0.334641298077,0.400943826087,0.342744854369,0.34476477561,0.354198965686,0.365355339901,0.357480475248,10174.1374408,10282.4714286,8239.5645933,9220.62019231,9762.03864734,9142.74271845,8644.07804878,9187.1372549,8808.73891626,9135.24752475
1,0.357427397196,0.383323159624,0.298135099057,0.306794137441,0.373116085714,0.335304655502,0.307318908654,0.350758845411,0.355138796117,0.335201414634,9918.15420561,10367.7464789,8429.88207547,8588.21327014,9565.24285714,9265.96172249,8864.30288462,9011.57004831,8835.20873786,8937.33170732
1,0.36104075188,0.375436087349,0.346844666667,0.34800191994,0.346167599092,0.364374239394,0.345098611533,0.34027881459,0.364520605784,0.350182483232,9918.33533835,9364.72891566,9239.40422323,9450.29607251,9264.3570348,9562.11363636,8996.91047041,8809.1443769,9893.27245053,9269.45884146
1,0.367118951735,0.362580720544,0.35351511649,0.365784290909,0.347238265554,0.343225474164,0.345696939117,0.331704542683,0.349395743511,0.346408755352,9921.06334842,9469.46827795,9640.14069592,9650.31969697,9669.53110774,9246.5775076,9530.07762557,8920.36585366,9665.17709924,9364.64678899
1,0.363032590015,0.377062462121,0.346776990895,0.359946422492,0.360838893455,0.358061657012,0.365917929771,0.354168938838,0.350488467075,0.354076081288,9927.35552194,9537.16515152,9216.323217,9779.95744681,9579.98934551,9445.85060976,9581.8778626,9068.68501529,9671.30781011,9657.06288344
1,0.385349641509,0.420037611987,0.364928825949,0.373905961905,0.385719414013,0.40045842492,0.370944028846,0.387195173633,0.389427867742,0.388672385113,10127.5440252,10574.3817035,9162.74367089,9653.40634921,10147.1305732,10124.971246,9393.67948718,9677.36012862,10210.6258065,9317.18770227
1,0.39720253944,0.396261107143,0.36768583376,0.378275792308,0.388527066838,0.401971113402,0.361045191214,0.383132261658,0.393407963636,0.366311385417,10270.1221374,10521.7984694,9844.78516624,9913.08717949,9848.99228792,9844.11082474,9504.12661499,9781.63471503,10496.2883117,9757.8984375
1,0.374967144304,0.374521959391,0.357946603053,0.366375137755,0.355073473146,0.360084907692,0.359519861183,0.373227641753,0.367873483204,0.363326660622,10130.0101266,10342.6878173,10051.6692112,10170.1326531,9856.83120205,10136.7076923,9313.55526992,9856.81958763,10253.9328165,9731.84196891
1,0.36912329471,0.368742936869,0.360444756962,0.35726435533,0.379812050891,0.376035977041,0.361239219949,0.366721089744,0.369509164524,0.375091845361,9882.68765743,10404.959596,9975.6556962,9933.00761421,9993.90839695,10238.2755102,9306.90792839,9735.62051282,10080.9151671,9883.25515464
1,0.361112104911,0.382924147651,0.367638542601,0.344064267416,0.380668675676,0.377753419865,0.392596011312,0.363814827664,0.363188170455,0.35430346697,9941.86607143,9969.29082774,9518.93497758,9538.12134831,10205.8963964,9953.6027088,9933.9841629,10239.9433107,9440.35227273,9278.29612756
1,0.386120671906,0.389385086614,0.344308978304,0.378539349802,0.378722029703,0.392622047619,0.374815228628,0.417501183267,0.368018141717,0.389347188,9811.3064833,9856.4015748,9431.9270217,9491.97826087,9454.81782178,10093.5436508,9716.4612326,9673.05179283,9774.39321357,9492.19
1,0.400754936073,0.370042279817,0.366685050691,0.38301074537,0.386148572093,0.373202042056,0.349731169014,0.357401599057,0.379616018957,0.375970785714,11117.6438356,10301.3027523,10225.7741935,10018.9814815,10564.8139535,10484.2897196,10138.258216,9928,9965.86729858,10294.6238095
1,0.367802685969,0.381684296875,0.358921241611,0.35791823991,0.386480262921,0.37768052027,0.37292020316,0.367377242081,0.367925072562,0.3746697,10197.4209354,10108.4709821,9438.69798658,9673.9058296,10228.6516854,9970.91666667,9950.72460497,10021.8552036,10104.9478458,9365.22045455
1,0.37134277951,0.376671060268,0.364642071588,0.357724903587,0.369906685393,0.385600031532,0.385143819413,0.372107337104,0.379790478458,0.380952647727,10121.3429844,10073.4709821,9514.82774049,9375.84977578,9812.36853933,10288.0045045,9673.23702032,10255.6153846,9802.07029478,9350.45909091
1,0.351138148,0.368435305221,0.339442407258,0.34633845749,0.361545170732,0.338692057143,0.370570340164,0.324666995885,0.344397793388,0.338987016598,9326.256,10519.1967871,10122.0443548,9572.62753036,9776.38617886,9866.21632653,10139.5,9590.69547325,9310.91735537,9872.36514523
1,0.340789412698,0.376565482072,0.339263816,0.361226895582,0.384786193548,0.367458769231,0.348671788618,0.353453579592,0.360700860656,0.357802069959,9591.63492063,10090.6972112,9450.224,9418.22088353,9769.40322581,9825.8097166,9562.8495935,9442.54693878,9794.5,9489.7654321
1,0.338061227092,0.361171692,0.320041369478,0.310423887097,0.348002218623,0.31791051626,0.35595517551,0.311114590164,0.302229399177,0.319719747934,10281.6095618,10733.316,10078.6947791,9584.33064516,10448.242915,10516.2601626,9981.22040816,9670.6557377,9827.81069959,9823.44628099
1,0.382173038529,0.396470570175,0.370755892794,0.366437251761,0.370312945326,0.380510641343,0.350418690265,0.367404987589,0.365935722913,0.355834425267,9879.75481611,10040.7754386,9710.6801406,9345.53873239,9886.49206349,9722.58127208,9210.19115044,9730.67730496,9877.07282416,9303.16548043
1,0.366945381786,0.385233957895,0.355159898067,0.379189471831,0.369417493827,0.37479934629,0.338384054867,0.342209035461,0.362504154529,0.334709959075,10208.9544658,10406.745614,9809.13181019,9562.22183099,10123.2574956,9944.12367491,9360.83539823,9557.35106383,10051.5026643,9486.36654804
1,0.366768519097,0.393440431304,0.362244043554,0.352609500873,0.370437333916,0.3708788669,0.350643329825,0.351764934974,0.358374568662,0.347505705467,9542.20138889,9688.01391304,9632.04355401,9423.78883072,9675.49125874,9758.64448336,9211.3754386,9154.87521968,9642.13204225,9494.99470899
1,0.354007577236,0.363716953804,0.367787425068,0.365144412568,0.358873906849,0.355064024725,0.360786501377,0.346134069061,0.348272432133,0.357998238889,8822.88346883,9502.4076087,9170.55585831,8944.36338798,9253.82465753,9219.99175824,8956.09641873,9188.92265193,9135.47645429,9066.95833333
1,0.378059496914,0.369138455108,0.338469198758,0.350277464174,0.35116406875,0.367903159875,0.361833147799,0.358340876972,0.334978759494,0.349336631746,9520.03703704,9595.08359133,9340.22049689,9395.16510903,8947.246875,9566.11912226,9178.41194969,8882.19242902,8839.75632911,8807.08888889
1,0.361883517483,0.372011285047,0.354649985948,0.359545133803,0.34840064,0.389235995283,0.381311898345,0.369607234597,0.354213695962,0.364601795238,8905.48018648,8964.55607477,8809.62763466,9049.16666667,9158.27764706,9455.79009434,9263.89834515,9058.58530806,8829.77434679,8841.26904762
1,0.333010110497,0.371370064576,0.352068303142,0.345506311111,0.354422855288,0.367947758364,0.37028855121,0.372244419776,0.359290265421,0.350362968165,8460.03130755,9033.24169742,8627.86876155,8661.51481481,9089.85343228,8876.03159851,8724.96461825,8735.67910448,8746.01121495,8604.96067416
1,0.340064377622,0.380105670561,0.354861398126,0.361599915493,0.362971298824,0.370923176887,0.373951680851,0.390279509479,0.35213304038,0.352257385714,8666.58974359,9169.99065421,8683.38173302,9202.48591549,9297.16705882,8960.75,9111.07092199,9414.59952607,8681.42517815,8883.30238095
1,0.352127978678,0.351666260684,0.355451100642,0.339220055794,0.333153754839,0.344652366379,0.322010727862,0.330179824675,0.329300982646,0.331381821739,10054.466951,9411.76068376,9406.11991435,9617.03648069,8832.86236559,9551.63577586,8588.97840173,9184.77489177,8941.9154013,9589.46521739
1,0.365128961373,0.365373972043,0.364737081897,0.356331939525,0.338737831169,0.371965893709,0.351581126087,0.347209433551,0.361335017467,0.368903719912,9819.13090129,9284.95268817,9685.70905172,9853.55507559,9059.99134199,10032.9522777,8849.72826087,9162.24836601,9168.22707424,9938.26695842
1,0.363092130621,0.369646032189,0.3574108,0.340238967672,0.343055613391,0.352465352814,0.326376438178,0.335761941304,0.351212649237,0.363017746725,10268.3811563,9774.90987124,9601.54408602,9976.79741379,9333.30453564,9805.80519481,8700.4164859,9190.00434783,9424.48148148,10167.8056769
1,0.364106681507,0.380298437393,0.346266189003,0.352428607573,0.366813501724,0.365349499136,0.331532750865,0.355460331023,0.373053545139,0.323170024348,9446.72431507,9511.67753002,9365.66666667,9633.32358003,9308.34655172,9207.91537133,8804.4982699,9296.2270364,9293.64930556,8510.36695652
1,0.364674289384,0.381158715266,0.331976652921,0.344418745267,0.37147942069,0.364637196891,0.347604065744,0.358659731369,0.384332114583,0.335789410435,9725.875,10188.8610635,9444.12714777,9611.91394148,9617.81206897,9738.61139896,9204.84256055,9409.72270364,9677.84201389,9056.1373913
1,0.392354683367,0.384508317269,0.366023476861,0.367123677419,0.384653911111,0.369062255061,0.362873024341,0.383496424797,0.367660474542,0.369289508163,9740.70140281,9551.81124498,9247.17102616,9505.96774194,10141.4848485,9190.84210526,9429.03245436,9467.86382114,9306.65376782,9358.72653061
1,0.351613696498,0.371491499025,0.363419628906,0.349091150685,0.381170286275,0.361480394892,0.367881996063,0.367302145957,0.384415464427,0.365929152475,9813.32879377,9823.75438596,10050.6972656,9733.66927593,9904.04901961,9735.68762279,9601.24212598,10088.642998,10137.2371542,9901.00792079
1,0.361484263285,0.377652070218,0.353546936893,0.373853060827,0.362984897561,0.379311892421,0.350786926471,0.371289287469,0.355200507389,0.404482118519,9624.42512077,9714.17433414,9243.5776699,9246.92457421,9189.47073171,9322.18581907,9183.98529412,8978.57002457,8885.59359606,9723.48641975
1,0.372530257282,0.377759389294,0.344079131707,0.344855154034,0.353127463235,0.362556299754,0.351603633005,0.360241037037,0.335747334158,0.386966473945,9607.94174757,9900.01946472,9551.52439024,9221.77261614,9014.06372549,9310.37837838,9287.67980296,9171.14567901,8904.77475248,9799.89081886
1,0.395767494357,0.394754776018,0.37802493424,0.383548738636,0.376455580866,0.415365171233,0.374404414188,0.36871012844,0.356019448276,0.383783799539,10665.7155756,10306.2511312,10309.9092971,10441.1204545,10681.5353075,11063.4086758,9958.6979405,9996.44495413,10031.5655172,10291.0184332
1,0.398585440181,0.400218402715,0.387296145125,0.402977184091,0.383072742597,0.42042190411,0.376029308924,0.36872659633,0.369655174713,0.403627884793,10653.4243792,10104.081448,10327.4875283,10852.95,10550.6514806,11019.7990868,10126.2128146,9963.93577982,9817.74022989,10373.1728111
1,0.382645017073,0.404663569682,0.405130022059,0.407493412776,0.369741399015,0.383369032099,0.396172559406,0.374335563275,0.378220664179,0.371153992519,9662.75609756,10171.3178484,10292.2058824,10095.1547912,9744.05418719,10008.5308642,9711.29455446,9441.45409429,9557.87064677,9234.23441397
1,0.399114757485,0.40127739039,0.399459993976,0.415110102719,0.382923054545,0.355936519757,0.380586246951,0.397511376147,0.410624745399,0.411496812308,10322.2365269,10710.3783784,10197.9427711,10288.2326284,10401.7121212,9486.27963526,9691.85060976,9721.90519878,10253.7423313,10544.3353846
1,0.38357721131,0.411963071642,0.395396233533,0.371112636637,0.362329466867,0.369165622356,0.379739727273,0.409534702128,0.400247484756,0.389303623853,9989.57738095,10660.558209,10047.4011976,9886.77777778,9624.94277108,9278.15407855,9446.23333333,10111.5440729,9745.46341463,9880.01223242
1,0.360146352298,0.358604649123,0.344561525275,0.334828215859,0.363858578366,0.340660451327,0.344278299335,0.348106302222,0.372925097996,0.36051915625,9647.58643326,9925.4122807,9946.03516484,9311.97577093,9843.90728477,9241.97345133,9187.24168514,9195.83555556,10099.6815145,9848.99776786
1,0.360168256659,0.375912633495,0.383645982968,0.34156794878,0.38307602934,0.364004210784,0.371264579853,0.366796118227,0.391788728395,0.393263767327,9936.73849879,10334.184466,10275.9148418,9360.20243902,10544.3447433,9923.79901961,9644.53808354,9567.90394089,10347.1679012,10153.8960396
1,0.383960040268,0.378277809417,0.383144393258,0.378573966216,0.376283320542,0.399376052036,0.368721798186,0.385605554545,0.354872687927,0.377290888128,10273.3333333,10308.2264574,9747.24494382,10258.7094595,10301.0790068,10608.8574661,10002.3764172,9698.99318182,9397.32118451,10080.6438356
1,0.358946442953,0.363177358744,0.370461683146,0.343343002252,0.368265009029,0.343916588235,0.347707920635,0.352696579545,0.378102949886,0.365963582192,10247.2013423,9837.91928251,10341.988764,9203.96171171,10135.51693,9680.23529412,9190.4399093,9187.30454545,10209.1116173,9679.19178082
1,0.340927294118,0.375716268852,0.345487950658,0.347681732673,0.364626884106,0.372196607973,0.34708027,0.356086779264,0.348527577181,0.378779158249,8461.14379085,9300.72786885,9086.95723684,8956.84818482,9787.09271523,9576.89368771,8950.98,8666.85618729,8585.96644295,9635.98653199
1,0.313180143322,0.364034915033,0.339811272131,0.336142552632,0.348758547855,0.362193791391,0.352190727575,0.32381712,0.34723606689,0.363084483221,8681.07166124,9582.30392157,9062.90819672,9041.39802632,9639.56765677,9459.15231788,9524.08637874,8637.36333333,8518.51170569,9523.51677852
1,0.332719488,0.345291093583,0.329830715818,0.323218895161,0.310959045822,0.332488672973,0.338222357724,0.347744130435,0.341724495913,0.336010625683,9301.224,9156.97058824,9444.57908847,8884.26344086,8956.10242588,9277.61621622,8500.94579946,9226.375,8889.32425068,9065.03005464
1,0.337045760638,0.356498381333,0.341379395722,0.337215938338,0.336889900538,0.319941070081,0.33263977027,0.356777349593,0.358311793478,0.338780013624,9108.60904255,9549.648,9300.76470588,9095.89276139,9054.1827957,8903.48787062,8839.08108108,9292.80758808,9017.82065217,9161.44141689
1,0.332891652291,0.380524405405,0.339656666667,0.325848182065,0.352860771117,0.349083693989,0.343968909589,0.348671175824,0.368847449036,0.35128991989,8977.70080863,9954.88918919,9748.7100271,9027.58152174,9702.13623978,9130.43715847,9294.15616438,9202.42032967,9307.83195592,8997.33701657
1,0.35907509589,0.39696206044,0.373820132231,0.369582024862,0.3707686759,0.376720636111,0.36285851532,0.335974648045,0.398945826331,0.404732719101,9880.80821918,10551.3598901,9883.29752066,9853.46961326,10252.601108,9709.19166667,9372.4735376,9342.0726257,10049.1792717,10347.1235955
1,0.359028323718,0.370665061093,0.352800125806,0.360190110032,0.360275863636,0.390746452769,0.350620248366,0.341656704918,0.374007782895,0.363487663366,10331.9775641,10137.659164,10335.1322581,10564.2071197,10164.0454545,10527.9185668,10205.9607843,9449.59016393,10726.7993421,10158.1353135
1,0.355095437309,0.358001717791,0.346898012308,0.365036780864,0.350173934985,0.339939835404,0.356299501558,0.3467701125,0.352494774295,0.343732172956,9847.25993884,9780.42638037,9746.43076923,10104.7160494,8976.6130031,9923.73602484,10033.9034268,9615.75,9960.0815047,9657.11949686
1,0.367578307918,0.393131423529,0.387036117994,0.341321431953,0.404699388724,0.396331747024,0.38330778806,0.367681146707,0.372346303303,0.359391138554,9261.89442815,9847.47352941,9566.65781711,8647.05621302,9959.80118694,10132.672619,10408.361194,9346.63173653,9136.28528529,8765.34036145
1,0.410010736264,0.445761488889,0.33339047191,0.389860534091,0.417872827586,0.397965546512,0.361878458824,0.37387202381,0.44051646988,0.425924,10504.5714286,11092.3666667,7870.5505618,9044.57954545,9949.16091954,8876.68604651,9624.08235294,8563.82142857,9445.02409639,9250.65853659
1,0.425619766667,0.418645764045,0.324237806818,0.392495885057,0.415665418605,0.403293623529,0.368099797619,0.37484246988,0.448572926829,0.405580506173,10689.9555556,10118.0674157,7200.18181818,9164.59770115,9538.63953488,8545.47058824,8710.13095238,9053.57831325,9583.56097561,8816.01234568
1,0.353020569444,0.350865496503,0.349474169014,0.360913666667,0.359567964286,0.354386043165,0.375637166667,0.381902510949,0.338887720588,0.350578111111,9581.45138889,9308.27272727,8502.73239437,9410.70921986,9597.18571429,9058.64748201,9744.52898551,9651.67153285,9533.88235294,8986.84444444
1,0.435393271868,0.394809883886,0.39786628266,0.364781280952,0.402445544153,0.405146906699,0.398504729017,0.370555141827,0.415315715663,0.388674717391,10268.9527187,9381.27962085,9891.99287411,8490.53095238,9467.14319809,9834.63397129,9006.08153477,8720.83894231,9600.06506024,9357.2173913
1,0.430806936321,0.391944591017,0.382085203791,0.354802631829,0.391693835714,0.404194556086,0.39170242823,0.378345743405,0.371522752404,0.414606985542,10323.2617925,9219.79432624,9557.7014218,8247.81947743,9371.10238095,9826.98090692,8605.09569378,8827.13908873,8992.11298077,9846.61445783
1,0.40776306338,0.389040910588,0.38886971934,0.350070101655,0.382033298578,0.38153364133,0.383601471429,0.367768362768,0.36860315311,0.369805640288,10542.4765258,9684.38352941,10160.0566038,8164.69976359,9337.09241706,9914.91448931,9499.54047619,8649.60381862,9202.89712919,9577.58992806
1,0.385266033141,0.385511367965,0.37790242052,0.360940696093,0.379592011594,0.388364404935,0.374136972384,0.382283931587,0.382277370262,0.384263077372,9711.19308357,9850.53823954,9445.30924855,8773.56874096,9529.32173913,9562.84615385,9382.86482558,9596.19068413,9561.13994169,9557.73868613
1,0.388075390173,0.384033114327,0.376354872464,0.346576764877,0.3832454375,0.381797098981,0.367344638484,0.370658640876,0.373212611111,0.39052247877,10006.8540462,9904.9015919,9579.14637681,8736.03773585,10020.7093023,9740.61572052,9465.68804665,9527.82919708,9630.3245614,9561.07027818
1,0.385185065029,0.380607363242,0.385206755072,0.349398824383,0.376985318314,0.384224935953,0.371221144315,0.384525108029,0.366137197368,0.390256471449,9576.4234104,9359.15050651,9391.93188406,8613.52830189,9785.57412791,9585.20378457,9431.04956268,9407.84817518,9310.9619883,9622.83894583
1,0.391107659864,0.425919324232,0.407760462329,0.358945082474,0.390856672414,0.421958356401,0.403728586806,0.405251550523,0.413610440559,0.39490325614,9392.41836735,10204.0477816,9552.11986301,8819.3161512,9689.85172414,10114.8615917,9751.78125,9314.29268293,9476.3951049,9148.19649123
1,0.381331443686,0.411873739726,0.408756233677,0.362747717241,0.392015314879,0.380785138889,0.397017557491,0.385451216783,0.382355975439,0.411467732394,9293.66894198,10249.6917808,9706.38831615,8575.53448276,9577.23529412,9693.00694444,9452.63414634,9135.3006993,9280.9754386,9537.07394366
1,0.419647630137,0.420572216495,0.419553327586,0.349718176471,0.405676149306,0.417072519164,0.411552853147,0.402585582456,0.413777059859,0.408938667845,9617.58219178,10195.0309278,9705.55862069,8183.8200692,9618.81944444,9950.20905923,9798.21678322,9435.43157895,9561.52112676,9359.18727915
1,0.387399194203,0.376954645349,0.388817262391,0.345242102339,0.379543956012,0.363766214706,0.369264241888,0.355885156805,0.381602807122,0.361443994048,9510.42608696,9466.80523256,9619.23323615,9228.04093567,9719.53079179,9422.46176471,9749.75221239,9017.93491124,9727.23738872,9030.88095238
1,0.401193211111,0.402943741573,0.346347704545,0.405076310345,0.411589372093,0.369823576471,0.327480607143,0.395470120482,0.424856012195,0.372289382716,9564.36666667,10129.1123596,8012.01136364,9556.11494253,9617.6627907,8060.88235294,8572.04761905,8926.03614458,8743.74390244,7794.44444444
1,0.366022639798,0.376417138889,0.384664572152,0.380252779188,0.387900480916,0.388401272959,0.377449445013,0.387836374359,0.3788331491,0.379237002577,9191.06297229,9166.8989899,9414.58481013,9364.84771574,9321.80661578,9275.28571429,8789.5140665,9333.81538462,8979.91773779,9341.7757732
1,0.375611580645,0.418357543478,0.412334582418,0.413262288889,0.376364191011,0.435076102273,0.407137137931,0.411595976744,0.406696270588,0.353227190476,7817.59139785,10092.5217391,10782.0549451,11223.9555556,10152.4494382,9548,8805.6091954,8530.97674419,9027.2,8643.94047619
1,0.355791903226,0.41406201087,0.380076912088,0.405213444444,0.374893865169,0.419954931818,0.378525896552,0.317877023256,0.357323152941,0.413486928571,7980.80645161,10024.7282609,10344.1318681,11285.8222222,9974.37078652,9953.85227273,8554.34482759,7297.30232558,8754.04705882,9198.14285714
1,0.313748694737,0.378902170213,0.400845688172,0.362011054348,0.381484087912,0.390543555556,0.391631224719,0.348791875,0.340224218391,0.387583534884,7606.03157895,9291.68085106,10286.8709677,9689.2173913,9235.6043956,9722.91111111,9736.28089888,8015.59090909,7741.33333333,8260.84883721
1,0.353738810056,0.359703595149,0.35508824486,0.336949835206,0.360356354597,0.35689956203,0.325595587571,0.358878292453,0.360338402647,0.387123528409,8991.66294227,9703.66044776,9139.90841121,8435.01123596,9525.88930582,9278.59022556,8546.18079096,9083.90377358,9422.15879017,9567.63257576
1,0.341912771218,0.365522253235,0.346255237037,0.340090962894,0.350911343866,0.34976186406,0.332994772388,0.351088874766,0.35900728839,0.367584249531,8871.08302583,9710.1349353,9337.99074074,8365.71985158,9208.05204461,9213.37243948,8633.18656716,8659.23738318,9365.1928839,9023.53283302
1,0.387197632836,0.364704428144,0.372602825826,0.344618900602,0.353095661631,0.358399878788,0.333936601824,0.379423820122,0.34517229052,0.355303346626,9840.91044776,9965.85329341,9235.1951952,9183.04216867,9987.10574018,9524.98484848,8750.13069909,9635.00914634,9413.86850153,8924.33742331
1,0.350724513957,0.360956269737,0.363103747941,0.348203486799,0.350542963636,0.382575607616,0.360014932007,0.343335968439,0.365350449251,0.380534993333,9581.63218391,9187.35361842,9551.53212521,8913.06270627,9056.05950413,9825.54801325,9173.64344942,8736.52325581,9183.28452579,9191.13333333
1,0.375076705314,0.399891456311,0.366840907317,0.344176053922,0.367759655172,0.400944589109,0.363986248756,0.397877565,0.397095276382,0.366192378788,10813.7246377,10976.1213592,9543.89268293,9786.45098039,10597.0197044,11464.8118812,9494.09950249,9595.015,10730.1256281,11080.0808081
1,0.396075681592,0.384818075,0.362258939698,0.357414924242,0.387251649746,0.383058622449,0.348605405128,0.403346417526,0.367202813472,0.357071354167,10073.4129353,9744.53,8954.15577889,9222.7979798,10172.7360406,10507.7857143,8215.76923077,9980.89175258,9442.10880829,10102.7916667
1,0.366255833333,0.385567350254,0.360908673469,0.369588374359,0.382896881443,0.401785440415,0.348808171875,0.392050308901,0.348245536842,0.376580634921,10168.520202,10033.0862944,9086.47959184,9341.07179487,9829.91237113,11055.4145078,8614.34375,10113.591623,9281.16315789,10236.5661376
1,0.394351369231,0.430061046875,0.376682253968,0.422940870968,0.424386491803,0.4104681,0.410609559322,0.423192603448,0.388292070175,0.407878803571,10443.9538462,9427.296875,9578.03174603,11859.5,10814.557377,10676.6166667,10702.6101695,10100,8885.1754386,9195.39285714
1,0.371452123457,0.381948198142,0.339359720497,0.369226193146,0.34926230625,0.37135062069,0.357131830189,0.350881072555,0.359716471519,0.325256653968,10118.9351852,10424.5139319,10140.8012422,9983.23364486,9903.9875,10495.0689655,9927.69811321,9878.30914826,9691.73101266,9700.33333333
1,0.360223769556,0.384107637712,0.35882133121,0.350742961702,0.391917102345,0.398057784188,0.352191430407,0.381805103004,0.364200068817,0.380888131466,10466.7653277,10588.2733051,10109.2505308,9432.24680851,10215.9168443,10726.6089744,9863.4111349,10378.7532189,9814.56989247,10544.5280172
1,0.37909808547,0.368001182857,0.332406598854,0.361667905172,0.335509927954,0.390175953757,0.337806982609,0.342895712209,0.361166355685,0.36104780117,11077.8974359,10718.0657143,10627.974212,11087.2701149,10647.7809798,11394.2803468,10830.4434783,10495.0465116,11061.6763848,10744.0467836
1,0.381985713959,0.409912724771,0.343173273563,0.360894154378,0.373462937644,0.354828363426,0.36479562181,0.367109118605,0.38597351049,0.378343453271,10003.9839817,10726.8417431,8948.46896552,9638.10829493,9911.87297921,9461.17592593,9423.27610209,10057.9093023,10126.5944056,9803.27570093
1,0.355643929577,0.373155750588,0.351193610849,0.335600794326,0.352839734597,0.33962807601,0.336362983333,0.356400188544,0.353849490431,0.372381472422,9556.33333333,10236.8023529,9635.02358491,9213.26477541,9783.91706161,8918.02850356,9194.57380952,9593.13603819,9625.49521531,9541.16067146
1,0.381928643991,0.400843361364,0.353013537585,0.348197054795,0.383700313501,0.347024821101,0.372365914943,0.355653624424,0.377588408776,0.355202708333,10091.5555556,10517.0477273,9231.9977221,9332.76484018,10173.6910755,9191.21788991,9695.38850575,9858.86175115,9804.42725173,9671.8287037
1,0.367812,0.348934596491,0.36031716129,0.326198464706,0.377611545723,0.341386470414,0.33811052819,0.340464529762,0.324856886567,0.343454814371,10011.5597668,9637.1374269,10460.973607,9383.44411765,10468.3244838,9995.70118343,9458.39169139,9604.78571429,9449.54029851,9884.31137725
1,0.335987280405,0.361161854237,0.353495755102,0.363353948805,0.362336674658,0.362085556701,0.360333303448,0.322083961938,0.3497835,0.344923947735,9382.02364865,9763.32881356,9289.68707483,9222.98976109,9929.78424658,9707.98281787,9744.44827586,9141.53633218,9350.10416667,9467.3902439
1,0.391337115385,0.372592922807,0.341552619718,0.364980275618,0.35634412766,0.376894772242,0.339514035714,0.346648358423,0.360421971223,0.354397855596,10826.6083916,9821.00350877,9786.93309859,10051.3144876,9815.32269504,10152.3701068,9031.075,9439.81003584,10207.9892086,9798.05776173
1,0.380687060606,0.383226503378,0.364285450847,0.352141397959,0.363465467577,0.370883650685,0.325498859107,0.347327241379,0.367968041522,0.388394267361,10694.8855219,10580.4121622,10748.0372881,9951.67346939,9810.778157,10350.1678082,9575.71134021,9817.46896552,10406.6955017,10267.7395833
1,0.384108752212,0.348397804734,0.35828578635,0.323652464286,0.358871910448,0.363947781437,0.339429726727,0.355740620482,0.36762294864,0.32218729697,10249.6637168,10067.056213,10255.8664688,9201.375,10395.6985075,10220.005988,9354.26126126,9970.28012048,10466.0543807,9383.78181818
1,0.358069764012,0.357228180473,0.367064121662,0.349939324405,0.344204074627,0.337904742515,0.331343567568,0.329677078313,0.370961030211,0.35899609697,9732.49557522,10052.1065089,10715.611276,9695.27678571,10107.6985075,9958.60778443,9764.48948949,9782.8253012,10065.2175227,10019.3484848
1,0.375555982143,0.388232549254,0.34743795509,0.351238696697,0.352685731928,0.351887311178,0.347209057576,0.334664662614,0.361177728659,0.369010360856,9384.31845238,9796.87164179,9019.68862275,9184.88588589,9656.73192771,9241.98187311,8840.06666667,9050.21884498,9694.37804878,9119.00917431
1,0.36972755751,0.369284070461,0.376365545455,0.349939183424,0.360319157823,0.361687550409,0.325005919509,0.358155699454,0.375651574555,0.363459950685,10045.4276049,9949.74661247,10032.6499322,9592.90081522,10037.5510204,9914.34059946,9158.75989086,9853.70628415,10111.7086183,10192.3369863
1,0.379560069612,0.381109269437,0.384094111409,0.36385694086,0.373136145357,0.366348219677,0.341776788124,0.372791441892,0.378714875507,0.355982644986,9736.42436412,9750.31233244,10062.5758389,9385.33870968,9733.27187079,9453.3490566,9009.42645074,9742.32297297,10015.7050068,9677.88753388
1,0.356385392806,0.371940469741,0.354251603175,0.357063900289,0.334426455861,0.353530813043,0.349977991292,0.353527755814,0.363440443959,0.369297333819,9652.87913669,9547.89193084,9333.47907648,9825.78034682,9217.10564399,9288.92898551,9294.57619739,9607.99273256,9471.95487627,9857.11370262
1,0.365755958702,0.387282071006,0.365431204748,0.339404702381,0.375188220896,0.372664790419,0.357945003003,0.370183930723,0.355603323263,0.386236315152,9964.97935103,10121.1923077,9836.10385757,9053.76785714,9759.86268657,10005.742515,9721.72672673,9725.85542169,9522.52567976,10037.0090909
1,0.364962992481,0.385607962312,0.363160216625,0.375842260101,0.38304921519,0.372380017766,0.364713040712,0.39368090051,0.375898496164,0.368387969231,9741.15789474,10926.6407035,10013.6146096,10230.2575758,10426.7291139,10428.0939086,9661.8346056,10008.4158163,9965.22250639,9944.48717949
1,0.393981017241,0.431381606061,0.392026095652,0.392674371179,0.425790942982,0.431417995595,0.349265415929,0.377921084444,0.419189330357,0.377502775785,10113.6767241,10192.0562771,10613.2652174,10173.5240175,10732.5219298,10624.30837,9205.54867257,9607.14666667,10014.9642857,9897.4573991
1,0.365453752784,0.373051745536,0.352216841163,0.36002835426,0.374123226966,0.373927831081,0.395526632054,0.363830821267,0.353128253968,0.358944220455,9723.3363029,10137.2209821,9307.40044743,9437.00896861,10039.5438202,10217.4842342,10046.9232506,10308.8325792,9297.30839002,9163.05227273
1,0.345611243028,0.37731842,0.359222859438,0.328767229839,0.349921068826,0.347984703252,0.381147865306,0.333397368852,0.345862106996,0.344455173554,9719.47410359,10917.488,10515.2449799,9914.08064516,10167.6032389,10145.6626016,10281.8081633,9600.15983607,10118.9218107,10096.0371901
1,0.349739249383,0.338319509901,0.358776605459,0.352236597015,0.347239339152,0.342334745,0.329950045113,0.333714175879,0.335043239295,0.334472992424,9558.68641975,8820.38613861,9003.06451613,9281.10199005,8729.62593516,8802.98,8787.56140351,8621.45728643,8827.29219144,8690.08333333
1,0.384803401198,0.377148276,0.355504709419,0.363830329317,0.383083873239,0.362155802419,0.3638656,0.374434202429,0.380497833671,0.38316445935,9839.79041916,9566.938,9191.4008016,9702.92771084,10093.6599598,9179.29637097,9610.50707071,9557.67408907,9540.34685598,9456.18089431
1,0.375079483992,0.375278089824,0.369246852923,0.357760944654,0.384115186281,0.385741494962,0.367513136736,0.367963058008,0.381463736278,0.38074851452,9649.10922787,9822.48115578,9742.13639221,9291.68742138,9732.65324103,10001.1857683,9874.32199118,9484.65952081,9798.30157729,9713.24684343
1,0.329915729642,0.361705228758,0.336540118033,0.323738927632,0.368566927393,0.380027493377,0.342037671096,0.328181313333,0.341705083612,0.353342288591,9308.21824104,9494.83660131,9312.50163934,9050.61842105,10182.5082508,10144.781457,9367.91694352,9124.87333333,8482.28428094,9316.68456376
1,0.331979145631,0.336705896104,0.337712700326,0.344981330065,0.360458436066,0.3506590625,0.320672881188,0.349681387417,0.331045870432,0.36177124,8827.25242718,8896.33441558,9177.84039088,9267.44771242,9801.91803279,9659.27960526,9074.11551155,8898.08609272,8435.72093023,9341.04333333
1,0.343655437838,0.331792498645,0.331070521739,0.319421040872,0.327042956284,0.334729090411,0.314728486264,0.321811628099,0.341606883978,0.341033232687,9556.99459459,9514.99186992,9873.60326087,9007.30517711,9243.05737705,9612.72876712,8813.07692308,9197.80165289,9552.20165746,9071.94736842
1,0.40017863142,0.401641172727,0.368528082067,0.369379807927,0.375920565749,0.387220398773,0.365915061538,0.34608712963,0.361979213622,0.357180360248,10683.9244713,10166.9727273,10140.656535,10316.929878,9289.34250765,9878.3190184,9768.83384615,9572.05246914,9683.28173375,9044.09937888
1,0.38414960119,0.389402462687,0.39011344012,0.329185777778,0.387275909639,0.376908867069,0.370346021212,0.364186206687,0.381177618902,0.352426455657,10088.875,9768.2358209,10298.4311377,9100.15915916,10088.2981928,9695.33534743,10272.2,9591.34346505,9781.83841463,9660.06727829
1,0.364902376812,0.471872228155,0.428082263415,0.30118577451,0.288453665025,0.414619460396,0.470286457711,0.36825433,0.230788718593,0.330217227273,6541.26570048,8704.21359223,7531.42439024,5912.2745098,5571.06896552,7282.5049505,8246.45273632,6791.54,4277.20100503,5717.52525253
1,0.328903248619,0.3378685,0.311063201117,0.319283589888,0.318006870056,0.324466590909,0.332678114286,0.32028483908,0.353632104046,0.343674697674,8453.23756906,8762.55555556,9143.5027933,8364.10674157,8291.52542373,9050.95454545,9104.37714286,8958.85057471,9776.32947977,9421.16860465
1,0.393994117647,0.368171415254,0.419392538462,0.365109206897,0.348661921739,0.375358780702,0.34665920354,0.369566428571,0.398865351351,0.386970327273,9470.22689076,9085.61864407,10369.4529915,8616.4137931,9836.29565217,8962.40350877,9143.4159292,9183.08035714,9822.32432432,9932.45454545
1,0.399260273118,0.392114372845,0.386079606911,0.350292203463,0.352593691974,0.38284188913,0.384489309368,0.355084639738,0.353595273523,0.365632464912,10112.2752688,9456.0862069,9290.51187905,8145.98484848,9046.07375271,9716.74782609,8831.83660131,8651.12227074,8444.34573304,8895.81140351
1,0.413350211538,0.392842837259,0.358160324034,0.355185296774,0.376190788793,0.386240088553,0.366550564935,0.365865195228,0.36726848913,0.374809474946,9738.86111111,9472.29336188,8687.4806867,8126.72043011,9175.45905172,9401.4924406,8471.39393939,8783.03470716,8430.90652174,8903.8583878
1,0.403250366743,0.408544273973,0.412256118993,0.352189694954,0.380102595402,0.396178373272,0.411287727483,0.372918856481,0.384295459397,0.378145544186,9877,9692.03424658,10011.8169336,8118.25,9090.93793103,9724.32488479,9328.56581986,8338.0625,9289.19953596,9561.04883721
1,0.400466916058,0.412805871795,0.370557452206,0.376607664207,0.379307196296,0.376191178439,0.401728955224,0.393513659176,0.39630806391,0.390256675472,9221.47810219,9574.05494505,8990.00367647,8680.37638376,9273.71481481,9108.29739777,9278.82462687,9076.40449438,9263.34586466,9161.73207547
1,0.376286137457,0.437366644828,0.404025245675,0.382173107639,0.376574787456,0.401582587413,0.373617950877,0.377642242958,0.40217564311,0.414692163121,9267.18213058,10850.6965517,9504.96193772,9008.03472222,9627.29616725,10281.0454545,9500.27017544,9289.54929577,9398.41342756,9756.61347518
1,0.383886340176,0.383129123529,0.388794250737,0.364629642012,0.35820151632,0.365861110119,0.396727337313,0.394413146707,0.360231399399,0.370708376506,9070.1202346,9215.77647059,9322.15634218,9371.26627219,8863.83382789,9090.27083333,9328.88059701,9224.42215569,8899.96096096,8750.56024096
1,0.372509511392,0.378913322335,0.361973409669,0.392887852041,0.388475964194,0.387044466667,0.371145401028,0.368043208763,0.362295465116,0.389043137306,8619.59493671,8667.94162437,8551.59541985,9049.84693878,9150.49360614,9052.91025641,8847.50128535,8876.78608247,8005.30232558,9243.41968912
1,0.371925175127,0.389130447837,0.379241339286,0.388147964194,0.387725930769,0.397447863753,0.369875417526,0.393841478036,0.384460458549,0.379483480519,8939.87055838,9220.17557252,8992.51530612,9312.59590793,9241.5974359,9099.75321337,8757.54123711,9448.52713178,8626.69948187,9187.97922078
1,0.316670393939,0.368645350254,0.359744877551,0.335395687179,0.387293902062,0.351860181347,0.33108284375,0.328087963351,0.3402551,0.349656259259,7626.38888889,8640.26395939,8121.48979592,7720.02051282,8280.55670103,8018.82901554,7492.5625,8068.12565445,8416.96315789,8412.64550265
1,0.387978410112,0.466108870056,0.377556460227,0.326616297143,0.388994902299,0.441762277457,0.383606005814,0.393347292398,0.397429105882,0.399841952663,9154.28651685,10350.7457627,8728.46022727,7746.48571429,8637.91954023,10361.7976879,9325.01744186,8594.47953216,8999.83529412,9369.75739645
1,0.340121393939,0.361115142857,0.39809442268,0.3837455625,0.377488484211,0.43158462766,0.364469677419,0.335556673913,0.389235318681,0.434159988889,8465.14141414,9072.37755102,9918.84536082,11139.3645833,9558.56842105,9306.81914894,8834.74193548,8174.91304348,9627.31868132,9784.33333333
1,0.338010622222,0.378238647495,0.350924256506,0.342662713222,0.359121753731,0.364671029907,0.332387599251,0.346936596623,0.358574449248,0.385140943503,8943.37962963,9591.58070501,9176.94795539,8402.55865922,9103.37873134,9254.34205607,8591.48876404,8763.49718574,9230.2556391,9182.48587571
1,0.34070292963,0.377987564007,0.333383280669,0.334655932961,0.352673214552,0.355538299065,0.33515979588,0.371106532833,0.382702614662,0.38207872693,8938.88518519,9912.69944341,8931.0260223,8392.69273743,9082.12686567,9390.13831776,8723.5093633,9041.53658537,9626.31390977,9341.43879473
1,0.360804804276,0.363279930807,0.355478841584,0.346395428099,0.353355509934,0.372771069652,0.350715393688,0.342391091514,0.351645833333,0.37582903172,9614.65460526,9199.84678748,9458.88283828,8966.29421488,9091.3013245,9808.99170813,8917.89368771,8894.36772047,9105.13666667,9068.83973289
1,0.361803490385,0.365497123596,0.364924167203,0.342942805153,0.360999603226,0.368565161551,0.354819556634,0.36517141329,0.340898470779,0.360211439024,9233.93589744,8780.36436597,9443.74598071,8857.12721417,8859.37741935,9287.6187399,8689.15372168,8830.6191248,8725.59253247,8889.48617886
1,0.368761233831,0.356087625,0.341363668342,0.376338267677,0.400355101523,0.371589035714,0.363481174359,0.376337582474,0.359753476684,0.350416479167,10460.2885572,9865.565,9165.55778894,9297.27777778,10665.9441624,9943.23979592,8862.96410256,9678.78865979,9755.55958549,9889.3125
1,0.407484287879,0.393647569231,0.3627640625,0.393017333333,0.399086129032,0.427947393443,0.3831397,0.364880169492,0.379907465517,0.359606877193,9788.48484848,7947.26153846,8888.234375,10124.6666667,9849.01612903,10300.5737705,10262.65,8882.45762712,8990.55172414,7865.26315789
1,0.356089846154,0.43284584375,0.364905857143,0.364941693548,0.402504,0.40633455,0.387352576271,0.398725293103,0.354207368421,0.365638946429,9164.8,9874.296875,9573.79365079,10673.983871,11080,10798.75,9975.22033898,9758.36206897,8660.1754386,9449.51785714
1,0.318948785489,0.347514392405,0.309363060317,0.325132550955,0.327069907348,0.322568339744,0.309237649518,0.327265793548,0.304711067961,0.324600821429,8485.48264984,9178.5443038,8718.84126984,8879.06687898,8990.32268371,8651.39102564,8585.97749196,8679.78064516,8337.69902913,8993.89935065
1,0.386466243902,0.415065089796,0.388114905738,0.366220843621,0.399889752066,0.402389124481,0.369954729167,0.364749828452,0.415117210084,0.400853510549,9745.37804878,10182.8244898,9843.90983607,9237.3127572,9670.70661157,10021.2655602,9779.07916667,9801.28870293,9589.08403361,9533.39240506
1,0.382755638393,0.402810215247,0.375514657658,0.377588171946,0.372912745455,0.417799579909,0.375597399083,0.352609511521,0.397489898148,0.391487493023,9332.5,9140.30941704,9225.11261261,9038.24886878,8755.57727273,9977.8630137,8777.6146789,8537.03686636,9492.5,9072.81395349
1,0.351996912387,0.346689663636,0.325135072948,0.330504036585,0.32341617737,0.310099680982,0.346837227692,0.311079342593,0.318818458204,0.333963496894,9673.00906344,9393.2,8490.79331307,9414.52134146,8805.02140673,8352.82515337,9072.28923077,8613.95061728,8427.15479876,9165.05279503
-1,0.415461799523,0.428324712919,0.396061645084,0.396364430288,0.40329386988,0.417903637681,0.398282075061,0.387138699029,0.406380917275,0.395670987805,10347.5393795,11521.8827751,10087.3333333,10727.7403846,10881.5807229,10162.1280193,9982.34140436,11033.0631068,10592.6472019,10122.5292683
-1,0.46262343662,0.360535471429,0.397385521739,0.390375867647,0.35729838806,0.404169742424,0.371201723077,0.340749734375,0.40558031746,0.311974354839,10354.0704225,8543.08571429,9819.4057971,9787.44117647,9941.79104478,9836.6969697,8864.33846154,8123.234375,8903.31746032,8905.14516129
-1,0.388841514706,0.370631728614,0.364786784024,0.353483189911,0.37202896131,0.358936474627,0.330789520958,0.379148618619,0.35000098494,0.38614844713,10912.3588235,10738.3303835,9882.4852071,10218.2195846,11243.6934524,10743.6477612,9469.14071856,11079.1711712,10168.7018072,10875.081571
-1,0.405169397196,0.420043676056,0.40159134434,0.35325364455,0.37692012381,0.383891076555,0.355625091346,0.378581434783,0.369366868932,0.36983695122,10980.5794393,11485.4694836,10498.6415094,9742.11848341,10181.952381,10492.7799043,10613.2596154,10645.4830918,10222.6699029,9354.32195122
-1,0.412648468354,0.438577330508,0.3575282,0.384855764957,0.382325206009,0.404746293103,0.393400744589,0.398603534783,0.41767119214,0.400523289474,11229.9113924,10929.5338983,9546.69361702,11167.3974359,9791.0944206,10413.4741379,10342.8701299,10608.9391304,11643.4541485,10770.8903509
-1,0.368610438392,0.359705871429,0.359757797139,0.347488401042,0.362818392438,0.352054251958,0.354205713725,0.351399362565,0.330709377457,0.356415648294,11026.3761349,11127.1935065,10443.9596879,10536.0091146,10806.2099087,10054.381201,10588.2117647,10475.5287958,10045.1965924,9956.81889764
-1,0.366436491525,0.417571179487,0.373867853448,0.345865513043,0.332255736842,0.377467159292,0.369429875,0.367343297297,0.330175681818,0.320482587156,9805.37288136,10418.2649573,9754.24137931,10349.426087,9618.85964912,10037.1327434,9329.84821429,10370.4144144,8860.7,8679.71559633
-1,0.389164970588,0.408791792899,0.40855852381,0.367628143713,0.38808603012,0.362460763636,0.364291256098,0.368738619632,0.387656759259,0.396437018634,10636.5235294,9701.57988166,10457.7619048,9366.34131737,9908.96385542,8339.72121212,9387.57317073,9013.51533742,9364.35185185,9464.78881988
-1,0.404291543624,0.402335721973,0.360590089888,0.370729984234,0.428961042889,0.385853436652,0.366390455782,0.392708386364,0.379043485194,0.374159073059,10501.6107383,10652.82287,9479.1505618,9656.25900901,10763.8419865,10250.3665158,9372.52834467,10159.0931818,9925.95444191,9349.02283105
-1,0.3835229,0.401676512563,0.399485535354,0.380290020305,0.405258678571,0.385981758974,0.421414319588,0.433964756477,0.422038708333,0.339187612565,9119.32,9384.64321608,9290.66666667,9918.44670051,9098.15816327,8911.33846154,9025.78865979,9558.04663212,9933.74479167,8803.17277487
-1,0.396286202492,0.4099320078,0.390373375,0.386478353678,0.418993206897,0.405070232339,0.385103589623,0.377696570079,0.410414466877,0.403750781991,9964.85514019,10460.6708268,10133.08125,9799.66823161,10930.0689655,10487.9905808,9790.93081761,9444.78582677,10413.6671924,10176.4344392
-1,0.395359859589,0.416006735395,0.388773937931,0.374361692042,0.379596274306,0.357648954704,0.378327479021,0.391610378947,0.400306915493,0.399057918728,9276.47945205,10233.742268,9097.61724138,8638.39100346,9120.55208333,8684.14634146,9369.27622378,9323.41754386,9138.46478873,9258.07067138
-1,0.382848335624,0.404752635321,0.383597068886,0.380186572414,0.369907453395,0.376778713134,0.37662372549,0.368543255196,0.375224447399,0.368031300926,10674.4971363,10747.4025229,10856.4397245,10293.754023,10361.2566168,10374.2361751,9852.84429066,10388.1431871,10182.6369942,10148.7893519
-1,0.391145461988,0.426118394118,0.383742597633,0.365154940476,0.393962227545,0.377166391566,0.368916006061,0.350189121951,0.346790588957,0.415342191358,11365.245614,11264.3941176,10554.0177515,10597.1845238,10471.8862275,9705.62650602,9862.8969697,10050.0182927,9500.22699387,10333.3641975
-1,0.420211223714,0.401008585202,0.406565085393,0.39444147973,0.400512880361,0.40556850905,0.388224786848,0.401603331818,0.408608013667,0.398997116438,10524.5279642,10110.5426009,10139.3730337,10006.0833333,9914.14446953,9914.14705882,10009.6326531,10108.7795455,10002.3940774,10001.6438356
-1,0.37109286809,0.364886274214,0.351954969773,0.345784428752,0.346057568182,0.358952121365,0.349739498734,0.362095707224,0.335839741117,0.359733587039,10275.531407,9981.25031447,9738.96851385,9141.79949559,9235.86237374,9528.09228824,9456.68227848,9695.64765526,8850.9784264,9822.20330368
-1,0.373705418345,0.394292366181,0.371175040359,0.381123043771,0.365736103371,0.372596100112,0.368386976351,0.365243650507,0.371461812641,0.372609249718,10999.1677852,11289.7771557,10838.9529148,10965.5274972,10630.694382,10752.367829,10429.3637387,10245.4453213,10519.0417607,10681.9661017
-1,0.387556657407,0.413544046512,0.395873593458,0.359115323944,0.397760174528,0.376526004739,0.388354361905,0.373463062201,0.371895509615,0.357198932367,10635.1990741,10611.7953488,10015.3317757,9623.01877934,10511.4528302,10382.6161137,10867.6,9976.8277512,10118.0817308,8959.79710145
-1,0.354300044776,0.358704202989,0.358026392768,0.373571679151,0.3612060625,0.362434182728,0.342677235589,0.350922027604,0.351369538945,0.353352583648,9855.21517413,9900.35367372,10014.382793,9670.24968789,9421.055,9673.72465582,9066.53508772,9569.48431619,9240.69346734,9666.17232704
-1,0.402113443124,0.394495758503,0.371401279387,0.397540904437,0.382412704274,0.4221645,0.388808454545,0.383375372852,0.381869609294,0.391360227586,10256.4431239,9841.31972789,9605.60136286,10205.0972696,9838.12991453,10568.9469178,9468.24356775,9808.50859107,9651.21858864,10058.9931034
-1,0.390747716327,0.399208462168,0.399982278689,0.412116924025,0.36989123251,0.368250973196,0.374889640496,0.411215302277,0.383513323651,0.388982891892,10262.3938776,10122.3047035,10154.0778689,10332.8870637,9602.52880658,10049.0329897,9572.25,10028.2318841,10051.2136929,9895.48856549
-1,0.394524375258,0.427123979339,0.391872865424,0.422456921162,0.409869738046,0.39272155,0.384559935282,0.404927238494,0.414815578616,0.399751178571,9486.79175258,10377.6342975,9830.18219462,9944.32780083,9590.53430353,9634.61666667,9506.49269311,9596.35774059,9957.88469602,9631.80462185
-1,0.383429627083,0.405786611691,0.386710564854,0.375826786164,0.390199298319,0.386958107368,0.384171198312,0.389659446089,0.404955633475,0.410176647558,10157.7541667,10516.8079332,10009.8054393,10091.5660377,10302.5,10264.1094737,9838.64556962,9908.50528541,10611.8877119,10004.4055202
-1,0.398734248588,0.368384193182,0.352577765714,0.378467735632,0.389756982659,0.360689232558,0.359596678363,0.357640011765,0.367197207101,0.362973422619,10401.6553672,9783.01136364,9940.33142857,9596.52873563,10298.2138728,8889.5,9814.60818713,9175.51764706,9508.01183432,9712.58928571
-1,0.338417242991,0.347072169014,0.324307075472,0.338830748815,0.326150947619,0.326692311005,0.301575009615,0.350492338164,0.362928830097,0.318415678049,10025.2429907,10404.8309859,9294.51415094,9826.92890995,9607.70952381,9793.57416268,9244.59615385,9624.51690821,10270.2427184,10003.3414634
-1,0.396465195946,0.424853306122,0.412362130137,0.373746758621,0.377518541667,0.379569902098,0.370174232394,0.384262666667,0.402230064286,0.394927165468,9192.9527027,10621.5170068,10930.130137,10848.6827586,9608.61111111,9018.04195804,9201.03521127,10404.6808511,10834.9357143,9200.97841727
-1,0.388092800948,0.397404536817,0.37314805,0.361396319809,0.392765811005,0.365054733813,0.370138432692,0.384433383133,0.378086823671,0.352392987893,10364.0047393,10763.2541568,9291.44047619,10188.699284,10351.9330144,9563.70743405,10431.96875,10361.2963855,9836.38888889,9344.14769976
-1,0.41149827933,0.387353644258,0.376490132022,0.409113239437,0.395673923729,0.408237172805,0.367606647727,0.416721014245,0.389482608571,0.370209054441,9573.72905028,9746.83473389,9075.28370787,9706.32112676,9552.62429379,10064.368272,9406.46875,10308.6780627,9679.26571429,9126.43839542
-1,0.41622599458,0.391920839674,0.381270438692,0.39222260929,0.397075663014,0.414366401099,0.369626603306,0.424691,0.367967814404,0.365687186111,8984.84552846,8711.25271739,8519.07356948,8881.01092896,8990.30410959,9910.71703297,8977.21487603,9775.51657459,9163.22160665,8721.01388889
-1,0.401354189655,0.402183618497,0.372260197674,0.417469,0.435467964706,0.385565284024,0.39603302381,0.404594365269,0.372835801205,0.418212133333,9370.04597701,9482.34104046,9764.8255814,10523.9824561,10236.4176471,9518.12426036,8622.71428571,9562.91017964,8830.59638554,9869.57575758
-1,0.371408368732,0.384559284024,0.377473566766,0.378220842262,0.393940065672,0.386466341317,0.357776603604,0.368153771084,0.378650081571,0.36696719697,9474.5339233,9843.66272189,9758.57566766,9386.96428571,9759.65671642,9702.02694611,9215.96696697,9467.44277108,9261.75528701,8966.51212121
-1,0.384429491071,0.401911844365,0.38993440681,0.380319563734,0.423193879496,0.408435181982,0.39556401083,0.359112415913,0.418573934783,0.407552344828,9469.01071429,9978.11627907,9761.22043011,9167.7540395,10175.4118705,10163.0612613,10213.2563177,9646.5244123,9819.40036232,9541.39745917
-1,0.396244147092,0.429394492009,0.388819275429,0.381405270023,0.416863262314,0.403926760321,0.376806876005,0.399819311494,0.401845993096,0.410647740783,10219.7776511,10876.56621,10074.184,10001.6086957,10761.3906071,10274.3990826,9640.652124,10114.8402299,10354.556962,10230.0195853
-1,0.405567786885,0.426393054945,0.369371872928,0.358270294444,0.394368307263,0.452625123596,0.347657152542,0.347632670455,0.422164371429,0.36663512069,9125.28415301,9225.18681319,8256.91160221,8955.28333333,8826.24022346,9918.01123596,8156.78531073,8004.02840909,9098.58285714,9064.59770115
-1,0.357631797688,0.372725794203,0.354610142442,0.322209851312,0.366281692982,0.366307249267,0.3541987,0.322355359882,0.372716985207,0.368755305638,8897.26300578,9466.48405797,9207.0377907,9113.62682216,10114.6608187,9737.62756598,9306.26176471,9147.30383481,9519.13905325,9609.70623145
-1,0.383577760462,0.404877774566,0.391805290883,0.386485197101,0.397681656023,0.409870718023,0.366031505095,0.365171555394,0.38137129927,0.382187166667,9515.02453102,9949.21098266,9371.9015919,8959.43623188,10091.8374456,9599.23982558,8872.97525473,9368.01603499,9294.72116788,9082.89327485
-1,0.36351504375,0.365908755486,0.327208336478,0.33687529653,0.331715155063,0.344284926984,0.343313907643,0.336070527157,0.34949099359,0.35146378135,10187.125,10506.1003135,9836.04716981,10072.2176656,10056.7246835,10219.1777778,9892.91401274,10359.1246006,10159.4903846,10388.7974277
-1,0.419933895105,0.425447668224,0.397555590164,0.374960366197,0.392155701176,0.418895040094,0.375316066194,0.358184424171,0.400232914489,0.405016566667,10246.5151515,10268.9042056,9696.55269321,9602.87323944,9874.88235294,9848.54481132,9441.65484634,9282.14454976,9991.76247031,9571.56666667
-1,0.373909657658,0.3486923,0.297087495413,0.378560472222,0.382868018692,0.354538735849,0.322622371429,0.362179125,0.36440931068,0.334448470588,8294.21621622,8278.37272727,7199.69724771,9487.89814815,8750.05607477,8821.4245283,8052.13333333,8727.83653846,9179.5631068,8366.70588235
-1,0.323772911315,0.32293403681,0.31981356,0.313491753086,0.334469359133,0.343728586957,0.327173996885,0.33573073125,0.343550880878,0.307931748428,10123.5168196,10780.5490798,10178.4461538,9988.78395062,11259.8328173,10863.5807453,10393.9906542,11160.825,11011.5047022,9830.33018868
-1,0.386317718427,0.403364124481,0.365637490644,0.368654554167,0.369354014614,0.375707422594,0.363755557652,0.373586418067,0.375182766316,0.370049225738,10335.8178054,10807.3941909,9622.84407484,9743.95833333,10057.2901879,9711.60251046,10160.8008386,9934.05462185,9786.49052632,9780.74472574
-1,0.380004823961,0.378230379902,0.365016619165,0.345475130542,0.346352392593,0.370717683168,0.358135540943,0.366049691542,0.349294518703,0.34967798,10035.002445,9738.67892157,9020.87223587,9353.1773399,9406.24938272,9476.9529703,9195.10173697,9385.17661692,9178.45386534,9080.18
-1,0.387461414634,0.380758584098,0.347967141104,0.341060203077,0.421434166667,0.378386095975,0.343322490683,0.363266401869,0.370975178125,0.362864905956,9996.91768293,10803.1620795,8787.37730061,9239.83692308,11049.617284,10018.2848297,9197.58074534,9655.52647975,9918.875,9368.11598746
-1,0.378760311075,0.381817988581,0.360493537582,0.362211973813,0.373680045902,0.383594348112,0.361504782895,0.34455975453,0.382735658416,0.382455828099,10311.47557,10279.721044,9675.4624183,9892.65466448,9996.17377049,9798.07389163,10008.6611842,9314.43163097,9886.91749175,10168.4528926
-1,0.394178916468,0.40001023445,0.360941707434,0.389918725962,0.389900395181,0.384102644928,0.372362966102,0.364953980583,0.384175296837,0.394019102439,10045.8400955,9718.4784689,9614.47242206,10335.5192308,10093.7831325,9549.3647343,9310.92978208,9279.02912621,9849.13381995,10130.2707317
-1,0.392816571171,0.403735131769,0.393558533454,0.37005276087,0.396832753176,0.39973286,0.370791928962,0.387939790146,0.370571034735,0.412516472527,10187.1585586,9820.26534296,10191.1410488,9220.66485507,10251.4410163,10168.3618182,9459.53187614,9757.45620438,9390.3583181,9833.30952381
-1,0.387258384749,0.369887229167,0.396196026087,0.38272733101,0.38758430192,0.38871434965,0.383718022767,0.39546115614,0.367700768014,0.380161389085,10478.5441941,9652.72743056,10293.9547826,10088.9303136,9764.66317627,10450.8531469,9959.54115587,10161.5192982,9956.74340949,10382.5140845
-1,0.368119856589,0.373402898833,0.373002964844,0.382844392157,0.394083318898,0.402338268775,0.337685936508,0.357075191235,0.3537511,0.381929686747,10187.5775194,9741.56809339,9379.33203125,9469.75686275,10637.484252,9898.79051383,9075.09920635,9352.89243028,9532.136,8873.8875502
-1,0.352990065116,0.391592060748,0.341510159624,0.313777698113,0.382524706161,0.33152942381,0.355272440191,0.358859475962,0.381457014493,0.369299106796,9145.6372093,9840.47663551,9798.22065728,8128.88679245,9891.48341232,8022.05238095,8968.77033493,9375.74519231,9982.32850242,8651.81067961
-1,0.351258559387,0.390679426923,0.368480880309,0.362167523256,0.356142455253,0.40109753125,0.35394512549,0.328642562992,0.353461806324,0.378439079365,10065.8084291,10953.1346154,10096.3861004,9266.16666667,9635.92996109,10587.09375,9709.92156863,9716.28740157,9967.01976285,10423.0198413
-1,0.392936561321,0.387234369668,0.353703680952,0.34594091866,0.373654254808,0.386917381643,0.348502213592,0.369900087805,0.354342382353,0.353677763547,11111.9198113,11338.9241706,10395.6666667,10419.6794258,10632.7067308,11543.9951691,10299.2087379,10234.9560976,10612.8578431,9919.70935961
-1,0.38017182491,0.428740455696,0.40738104529,0.380221328494,0.400877058182,0.419432846995,0.373164193431,0.399069117002,0.388775027473,0.408097785321,9458.52166065,9954.17540687,9896.32971014,9069.79491833,9740.13818182,9927.38797814,8642.62591241,9447.23583181,9563.11721612,9730.15412844
-1,0.421849357143,0.420620259669,0.402753388889,0.341054988827,0.42888288764,0.364661853107,0.3922775,0.411177634286,0.405271862069,0.394973739884,10584.2582418,10276.9226519,10619.2,9272.23463687,10516.8539326,9887.16384181,10466.5284091,10177.6228571,10730.9655172,9895.97109827
-1,0.395301909091,0.446989165541,0.400103084746,0.363273772109,0.409997935154,0.405491958904,0.396548233677,0.396003406897,0.394727148789,0.394341993056,9050.14478114,10030.2837838,10059.1728814,9418.93877551,10394.2935154,9697.99315068,9459.1580756,9432.89310345,9829.94809689,9625.52430556
-1,0.318654541667,0.372768986014,0.350537239437,0.331508787234,0.356138907143,0.389249503597,0.34797242029,0.374775167883,0.371247845588,0.386885407407,10380.3958333,10808.013986,10781.8943662,10276.3262411,10531.35,10680.1798561,10589.3985507,11206.9635036,10472.2205882,10316.0222222
-1,0.368509071429,0.398988624,0.369075153226,0.338207861789,0.37026142623,0.355683214876,0.372388558333,0.333605109244,0.412018694915,0.361272623932,9116.05555556,9091.032,8837.59677419,8396.08943089,9529.51639344,8552.96694215,9765.01666667,7710.69747899,10151.4322034,9184.48717949
-1,0.334976827103,0.366980652582,0.34578279717,0.339901772512,0.320416580952,0.327529703349,0.350711865385,0.311817531401,0.333652145631,0.313335263415,8979.51401869,10211.4694836,9336.72169811,9800.63507109,9799.32380952,10088.0287081,9697.04326923,9531.28502415,9617.15533981,9046.98536585
-1,0.345474840909,0.340993479087,0.337718225191,0.365428796935,0.356081376923,0.362526397683,0.356286639535,0.347211494163,0.368068265625,0.371570207843,9742.97348485,9764.94296578,10166.3587786,10588.7816092,10302.75,9578.97683398,9824.77131783,9612.67315175,9454.8984375,9899.56470588
-1,0.351318355422,0.360064193353,0.326794593939,0.325953960486,0.352025926829,0.350303437309,0.322263990798,0.339984590769,0.341395953704,0.329261226006,10486.7018072,10926.6253776,10040.1606061,10042.2978723,10311.4603659,10982.7675841,9429.82208589,10489.8276923,10554.9135802,10090.628483
-1,0.38332558046,0.393630420749,0.384200222543,0.374362310145,0.374477741279,0.397801358601,0.372430254386,0.38810529912,0.412663470588,0.372770041298,10882.0086207,10845.4755043,9765.80924855,10191.7884058,10277.877907,10607.8483965,9121.53216374,10395.9354839,11287.3294118,10007.1415929
-1,0.380126362854,0.40349291133,0.370642508015,0.381244788889,0.385085307787,0.38869397401,0.373701763321,0.369773688586,0.386210751553,0.401162105721,9996.91266913,10065.9581281,9900.48212084,9902.37160494,9783.66872682,10036.8316832,9496.72738538,9515.0707196,9642.0757764,9802.460199
-1,0.387252691525,0.395706343537,0.392770726962,0.374535195205,0.392470917526,0.387732944828,0.40090516263,0.365927527778,0.412022170732,0.379779618881,9662.36610169,10217.0034014,9864.01023891,9598.00342466,9813.29209622,9905.90344828,10195.200692,9221.27777778,9835.31358885,9302.22377622
-1,0.401255672131,0.391306593897,0.388989588235,0.406076082547,0.373623931442,0.383850123223,0.357753992874,0.386198988095,0.36909177327,0.387733047847,10057.9929742,9893.35915493,9386.14588235,10111.7712264,10006.0874704,9823.03317536,9218.3111639,10182.3095238,10054.5918854,9765.58851675
-1,0.406932584527,0.374339103448,0.377544198847,0.378510407514,0.368301947826,0.376435569767,0.388623440233,0.369584248538,0.385231513196,0.376031047059,10509.9570201,10312.8735632,9483.35158501,9739.21387283,9727.8173913,9948.32848837,9446.5335277,8825.9619883,10168.9090909,9832.98823529
-1,0.413407553371,0.377691250704,0.392014062147,0.363303985836,0.383038224432,0.394079296296,0.3772111,0.385914034384,0.379887448276,0.369141412104,9992.63764045,9432.66478873,9609.06214689,8642.08215297,9620.51704545,9894.99430199,9291.74857143,9990.1747851,9377.78448276,9165.90201729
-1,0.365108816327,0.403035086957,0.374571107692,0.36112437018,0.367699507732,0.369446317829,0.359999246114,0.397321722078,0.335430317708,0.361993874674,10117.1020408,11056.3452685,10503.8435897,10106.4267352,10476.2396907,10497.5891473,10653.3264249,10408.8,9271.59114583,10742.8694517
-1,0.362518140998,0.36652711087,0.354035816993,0.342895722707,0.34871212035,0.348897006579,0.321095162637,0.327203405286,0.346888399558,0.345127061947,9342.43383948,9775.43043478,9671.49673203,9333.35152838,9851.58205689,9489.12719298,8928.41538462,9373.44493392,9089.5584989,9191.43362832
-1,0.376116574194,0.371320772727,0.377881633987,0.378915144737,0.428498304636,0.3722217,0.388498483221,0.35143027027,0.370872102041,0.301479650685,9765.35483871,9514.03246753,9195,9538.21710526,10951.6622517,9240.7,9269.04026846,9289.40540541,9035.38095238,8228.79452055
-1,0.372787404669,0.393736042969,0.358804301961,0.36259273622,0.363777889328,0.383101150794,0.371083713147,0.383601152,0.355059116466,0.375995895161,9771.11284047,10620.9492188,9736.94901961,9259.34645669,9553.56521739,10279.3253968,9357.88844622,9720.22,9373.20481928,9664.5766129
-1,0.379774396825,0.391276117021,0.413457636364,0.428583166667,0.384739037838,0.419306896739,0.388212939891,0.363994945055,0.347634900552,0.377889066667,9731.04232804,9768.12765957,10068.3208556,10464.8010753,9401.33513514,10183.2934783,9465.30054645,8761.83516484,8653.45856354,8807.35555556
-1,0.394741835735,0.40302616474,0.397520072464,0.420610680233,0.395517195335,0.373476520468,0.392480460411,0.381417779412,0.407606085546,0.386213372781,10711.0403458,10497.0115607,9694.66086957,10044.375,9506.43148688,10310.6461988,9306.55131965,9254.99117647,10655.3746313,10150.3579882
-1,0.365655475434,0.397712513748,0.379714827536,0.373709911466,0.385050347384,0.390626011645,0.347197779883,0.375184573723,0.384388570175,0.387718765739,9410.58815029,10160.9652677,9377.78550725,9101.49782293,9877.92151163,9441.72925764,8666.60495627,9469.86861314,9522.34356725,9475.38506589
-1,0.386919814861,0.411858110971,0.376191853535,0.364734778761,0.388117474684,0.410693690748,0.388266459391,0.358826939009,0.37069719084,0.395806477707,9768.87783375,9979.20933165,9207.91287879,9007.68773704,9475.77974684,10018.4879594,9584.08629442,9075.88055909,9326.45038168,9977.77579618
-1,0.37792693415,0.391717,0.397132158218,0.388792269231,0.389465620955,0.393018592593,0.37009457187,0.376193317337,0.368363790698,0.400439868012,9500.94946401,9765.16717791,10093.0399386,9920.52461538,10013.3328197,10138.6527778,9580.23183926,9103.93343653,9270.35193798,10132.6630435
-1,0.383358274627,0.391808023952,0.392166870871,0.411242096386,0.416491392749,0.401099015152,0.387026674772,0.399585439024,0.386256929664,0.408619828221,10501.0149254,10152.4640719,10551.4714715,9856.83433735,10475.6072508,10458.8787879,9874.95440729,9881.21036585,9757.617737,10830.9233129
-1,0.383138445707,0.392298465234,0.3757024,0.371779054499,0.395163573604,0.372798505718,0.37596480916,0.383703324841,0.363349399235,0.380329229885,11220.2563131,10986.2414665,10790.6873418,10304.6692015,10737.1408629,10451.3481576,10394.0165394,10523.5031847,10161.7653061,10667.5657727
-1,0.38312125452,0.381610045961,0.353767075314,0.375191054469,0.381380881119,0.367162232493,0.353467085554,0.364691060393,0.355612644163,0.369825771831,9405.49374131,9318.52506964,8716.08089261,8848.00977654,9413.11888112,8962.78291317,8847.84712482,8816.62219101,8791.64838256,9110.38591549
-1,0.4117672751,0.424954408451,0.385358,0.393628185859,0.413089402834,0.408683115619,0.403921526423,0.409623315682,0.400618622449,0.396693601227,9788.98995984,10265.0503018,8933.41935484,9240.29292929,9875.48380567,9394.84381339,9326.97357724,9517.17718941,9440.39795918,9481.58282209
-1,0.369529493478,0.379344867102,0.344980781659,0.358966809628,0.349365276316,0.35073278022,0.335506632159,0.352958293598,0.356135285398,0.33935110643,10326.1326087,10659.8344227,9691.76855895,10329.3719912,9870.11622807,9883.65274725,9683.53964758,9840.89845475,9936.66814159,9921.36141907
-1,0.407697048662,0.414054470732,0.398079660147,0.372969404412,0.393390737101,0.402406369458,0.403812879012,0.403208742574,0.380050992556,0.392262004975,9387.16058394,9287.52682927,9131.83618582,8629.00735294,9522.22113022,8724.98275862,9661.46666667,9084.0519802,9042.72456576,8943.82338308
-1,0.382948971559,0.402663291572,0.368423711517,0.376346601598,0.379526105143,0.388412679634,0.372454024055,0.381794344037,0.377157722158,0.377224428736,9548.40273038,9919.6833713,9388.38768529,9260.06849315,9602.83771429,9692.60755149,9300.63459336,9111.65711009,9566.57520092,9311.17586207
-1,0.398466175399,0.427134019384,0.369684743151,0.393120651429,0.420594287185,0.401899537228,0.380567768349,0.393094988519,0.409363764368,0.406274315305,10412.3063781,10915.8266819,9747.53767123,10212.7474286,10885.8203661,10436.6609393,9627.94151376,9980.4695752,10655.062069,10224.83084
-1,0.409305853774,0.410234172577,0.380998424171,0.414653446556,0.394069938095,0.407304966587,0.400566473684,0.388680736211,0.415933319712,0.406488139759,10129.0660377,10527.5437352,9531.00473934,10251.4133017,10476.9333333,9912.59427208,10140.4665072,9873.65467626,10131.9375,10339.8337349
-1,0.35543197037,0.352869289963,0.368679044776,0.342048715356,0.299468620301,0.332070313208,0.337364545455,0.356730003802,0.349616931298,0.347854,9588.56296296,11015.4498141,10685.4626866,9382.51310861,8355.44736842,9757.49811321,9609.79166667,9739.73003802,9979.66412214,9901.93103448
-1,0.478280304348,0.404757676471,0.443082537313,0.445341863636,0.355825323077,0.409678109375,0.429941920635,0.404121032258,0.462456622951,0.341683983333,9902.7826087,9497.57352941,11418.8208955,10345.2878788,8972.66153846,10157.265625,9557.88888889,9394.56451613,8841.47540984,8936.95
-1,0.375181379808,0.400107651023,0.369786561446,0.370620428227,0.380588571256,0.394360550181,0.377373245763,0.376129187879,0.389966826456,0.3771696452,9746.11658654,9810.09626955,9629.04096386,9288.68395657,9623.96135266,9603.88512696,9932.15496368,9498.47757576,9433.52548544,9436.39611179
-1,0.376747726415,0.3846873026,0.381904014218,0.421881947743,0.404458428571,0.381185983294,0.382704755981,0.374936633094,0.367730173077,0.401096033735,9383.99056604,9144.29550827,9151.61374408,10278.4038005,9549.42857143,10032.4486874,9077.38038278,9362.43884892,9012.12980769,9226.43373494
-1,0.383306496552,0.40916966782,0.393715930556,0.399416616725,0.409215213287,0.384619596491,0.367606003521,0.385971466431,0.397305117021,0.366694615658,10444.9965517,10723.3183391,10688.0972222,10688.6864111,11071.2447552,10085.3122807,10049.7147887,9742.04946996,10390.4361702,10085.2348754
-1,0.371396309896,0.388737767624,0.407363856021,0.405105112861,0.375858902632,0.386990781003,0.401959542328,0.365276360743,0.387641664894,0.362435136,9687.046875,9689.14360313,10470.6832461,9962.78215223,9947.61578947,10194.5356201,10008.8465608,9413.66312997,9343.5106383,9599.81333333
-1,0.380926986014,0.357777863158,0.378593933099,0.364430106007,0.399591631206,0.396083957295,0.373420410714,0.370574587814,0.372903107914,0.353663956679,10172.4965035,9763.76491228,9804.03521127,10849.6996466,10254.8475177,10978.8932384,9897.32857143,9711.21146953,9607.45323741,9146.28519856
-1,0.343256265403,0.334872038095,0.339279483254,0.342607346154,0.334890246377,0.306433043689,0.312663643902,0.339547534314,0.3222421133,0.351381455446,9575.48815166,10099.5809524,9626.74641148,9509.56730769,9468.25120773,9252.06796117,8997.18536585,9599.55882353,8812.88669951,9992
-1,0.404989488636,0.420254712644,0.364775093023,0.358967835294,0.43704552381,0.387229722892,0.332472219512,0.383237814815,0.43167355,0.408909493671,11061.0454545,11645.4712644,10160.5581395,10188,12636.6904762,10791.8192771,10033.5853659,10674.8024691,11051.4375,11770.3164557
-1,0.414727833333,0.350445383784,0.380053228261,0.395927961749,0.391188906593,0.400163016575,0.355145211111,0.345550558659,0.351475410112,0.340864627119,9732.53763441,8441.21621622,9775.64130435,9830.22404372,10027.978022,9615.9281768,8548.71666667,8611.5698324,8392.93820225,8656.11864407
-1,0.349237779343,0.368004438679,0.344026146919,0.288091419048,0.360988392344,0.339819355769,0.338303966184,0.338511640777,0.328391882927,0.346674166667,9626.8028169,11065.2028302,10476.3601896,9977.85714286,10803.0430622,11000.7980769,10716.2705314,11225.9029126,10480.2878049,10465.5343137
-1,0.379861406744,0.373050087553,0.368532081309,0.370397642706,0.384059487831,0.379424362288,0.373814551432,0.374165194268,0.379155297556,0.385838703191,8593.41833509,8686.63291139,8433.65364308,8265.18287526,8839.17248677,8769.17372881,8435.1961824,8700.41507431,8712.77364506,8799.74255319
-1,0.383580352518,0.3877945625,0.3543118,0.393693785024,0.383416331719,0.343043725728,0.35639243309,0.361670587805,0.385879870416,0.386388544118,10787.2853717,10346.8389423,10244.626506,10272.9396135,10700.125908,10558.288835,9576.77615572,10750.9365854,10946.1662592,10694.629902
-1,0.353520488599,0.358503846405,0.349398206557,0.363799490132,0.356862194719,0.403450927152,0.363890857143,0.375306796667,0.361110137124,0.348204050336,9359.23452769,9515.96732026,9483.09180328,9818.59539474,8775.61056106,10256.3211921,9368.1461794,10154.71,9835.01003344,9092.81543624
-1,0.408263051418,0.433903825933,0.375994683274,0.388503090909,0.404080042857,0.399399729875,0.380311292115,0.375072951526,0.402103480216,0.396164783784,10883.9237589,10774.5204263,9974.71174377,10129.8912656,10372.6642857,10239.9087657,10046.7473118,10072.3482944,10104.5989209,10227.8846847
-1,0.413900372549,0.436522975,0.396142797853,0.405537184588,0.410378131059,0.424415829137,0.397274972973,0.391938380866,0.422571898734,0.38395665942,10050.42959,10232.9035714,9363.10554562,10416.188172,10226.5332136,10039.9028777,9488.04684685,10065.5703971,10112.5244123,10172.7807971
-1,0.418492242424,0.416510534413,0.378647028398,0.392690922764,0.391610759674,0.3770416,0.386331856851,0.376228954918,0.399106747433,0.387738590535,10133.9434343,9742.91902834,9064.61663286,9313.47154472,9862.08961303,9097.4244898,9204.49079755,9220.83196721,9749.50718686,9192.1255144
-1,0.42029522905,0.424201792135,0.412725717514,0.4354291875,0.456012777143,0.401536247126,0.397028890173,0.378877947674,0.390434684211,0.435566841176,10204.7765363,9435.73033708,9746.05084746,10083.9829545,10317.8857143,10040.545977,8565.31213873,10003.872093,9029.07602339,10737.3764706
-1,0.367090384036,0.392366912519,0.375081119335,0.366225966717,0.370038727273,0.368299552352,0.358340344985,0.357564958904,0.382932640244,0.391650752672,9769.65963855,10311.678733,10038.4773414,9755.1633888,9732.43030303,9754.84977238,9479.38449848,9210.13546423,10046.5152439,10239.6335878
-1,0.380232730077,0.405191953668,0.388900055412,0.363174393548,0.400648577519,0.397163557568,0.379967468912,0.375551156939,0.378195244156,0.404147425228,9518.28277635,9609.6036036,8889.98195876,9017.7883871,9628.4625323,9308.82535576,8965.09067358,9217.22957198,9007.68051948,9643.81404421
-1,0.419796988372,0.400285643275,0.369593982353,0.388827307692,0.422237708333,0.378531185629,0.33751613253,0.385613763636,0.382561573171,0.40491906135,11091.0872093,10434.122807,10306.1941176,10178.9585799,10097.7202381,8945.44311377,8763.18674699,9989.53939394,10129.195122,10556.5705521
-1,0.413672724138,0.388655635838,0.37027597093,0.336387789474,0.387386035294,0.398911088757,0.389012630952,0.384715389222,0.381508554217,0.384774654545,12668.8735632,11074.5953757,12093.4476744,10871.5263158,11056.5647059,11713.9940828,10972.5654762,12676.0838323,11721.1927711,11592.5272727
-1,0.41313265625,0.394513652632,0.356530393617,0.357508537634,0.375497673913,0.390676263736,0.336531177778,0.303034022472,0.346849,0.375356862069,10948.1041667,10462.4842105,9185.9787234,9082.2688172,10242.1304348,11315.3626374,8794.7,8313.38202247,9239.54545455,9895.88505747
-1,0.378248349727,0.3650615,0.373410206581,0.351722827839,0.380454077064,0.378622101103,0.350554073665,0.351996232472,0.353748341959,0.372114203704,10218.2859745,10200.8740876,10254.4753199,9560.12637363,10232.8110092,10629.2113971,10127.3314917,9551.63284133,9637.6155268,9707.32222222
-1,0.391115644706,0.375504716981,0.364875621749,0.391016483412,0.378325615202,0.378634311905,0.366388973747,0.363520813397,0.378491213429,0.380515903846,10629.8376471,10038.2806604,10127.9125296,10739.2867299,10446.3301663,10203.2095238,9925.44152745,10313.4808612,10397.6019185,10417.6610577
-1,0.36810701978,0.350973414097,0.376966523179,0.372145513274,0.378739097561,0.352633113333,0.347185712695,0.364529303571,0.346623659955,0.378406616592,10094.8483516,9677.9185022,10401.8300221,10103.0331858,10570.7716186,9744.74,9550.74610245,10598.4084821,10055.5100671,10388.8139013
-1,0.418519135922,0.395868539216,0.402998178218,0.41484567,0.44793910101,0.396683653061,0.384667164948,0.390743666667,0.368769989474,0.349012808511,9815.85436893,9147.67647059,9660.22772277,9371.86,11149.1212121,10327.8571429,10101.9587629,9638.34375,9513.65263158,8186.88297872
-1,0.3870525662,0.39007053125,0.375546605178,0.37704749676,0.39510495027,0.380822987013,0.356938111593,0.372723079176,0.362615027144,0.383471817391,10355.5941873,10166.4471983,9960.78856526,9771.66522678,10373.2897297,9924.68722944,9475.46478873,9590.20281996,9404.63409338,9858.7173913
-1,0.376174756637,0.38748028065,0.374991201183,0.365081235556,0.383840219585,0.383701962853,0.35799672619,0.339261621461,0.364526716418,0.364949040359,9735.30530973,10387.1432792,9563.63609467,9226.84444444,10136.0311573,9528.50520059,8925.10714286,9238.2414307,9556.75522388,9245.39461883
-1,0.39729681182,0.42247417134,0.413778822153,0.385397392187,0.4222277277,0.421564543887,0.408339682889,0.387562511006,0.391781788976,0.410169484227,9961.4681182,10067.953271,10109.2215289,9558.6046875,10426.9201878,10287.9106583,9696.32182104,9487.86477987,9190.57165354,9683.92744479
-1,0.386873801909,0.412120351675,0.408844726619,0.401219408654,0.377178195181,0.401271673913,0.375431043584,0.373521317961,0.388246673966,0.355500182927,9844.85441527,10330.3086124,10626.4916067,10501.25,9806.65542169,10100.4227053,9826.16707022,10392.5485437,10115.6009732,9058.24878049
-1,0.344187290598,0.349290085714,0.344343318052,0.324142178161,0.341429945245,0.36213400289,0.343970524638,0.351840593023,0.361306836735,0.356007736842,9678.83475783,9384.67428571,9294.56733524,9071.32471264,9997.4610951,9719.69942197,9464.19130435,9503.97674419,9574.62682216,9389.15497076
-1,0.369524195402,0.37250577907,0.342646258824,0.264700678571,0.326889686747,0.333815853659,0.31226162963,0.30274235,0.32963978481,0.335737653846,9780.25287356,8798.36046512,8748.04705882,8800.22619048,9018.72289157,8471.95121951,8247.75308642,8384.4875,9053.5443038,9613.12820513
-1,0.366485622951,0.414347855263,0.383151429043,0.359044251656,0.419945222591,0.410988566667,0.415399869565,0.378250318792,0.38467783165,0.398501371622,9966.49180328,10382.9967105,10416.0660066,9674.47682119,10839.5614618,10580.2333333,10688.9264214,10122.7818792,10030.1414141,9813.52027027
-1,0.426847892857,0.385665090909,0.379771469613,0.394780869806,0.378055963889,0.419933030641,0.345787477654,0.389820672269,0.379587089888,0.356271307042,10721.6923077,10138.9586777,9187.80662983,9200.90858726,9881.05833333,10632.7966574,9002.00837989,9866.08683473,9825.71067416,8868.29295775
-1,0.382385043678,0.397164965438,0.373718147806,0.379515141204,0.38459612297,0.389209106977,0.364865016317,0.397013820093,0.399986494145,0.379137422535,10912.1057471,10962.6935484,10236.1662818,10767.8101852,10375.4060325,10582.4837209,10040.6759907,10217.5257009,10641.4730679,10336.1784038
-1,0.386491473008,0.374122621134,0.377931782946,0.355852341969,0.377994218182,0.389349223958,0.372760916449,0.359876099476,0.32848832021,0.377617439474,10365.3624679,9889.04639175,10433.7571059,10125.1709845,10009.5688312,10652.9296875,9692.55874674,9719.41099476,9357.87401575,9841.53947368
-1,0.40739204918,0.428920811088,0.374652251029,0.402416606186,0.39940203719,0.396521925466,0.400021188797,0.397132844075,0.409632610417,0.409420649269,9856.84016393,10236.4414784,9485.15843621,9624.79587629,9296.54545455,9724.32919255,9557.63900415,9265.07692308,10129.2041667,9654.39039666
-1,0.406058362637,0.411192022013,0.398279192126,0.396252809148,0.412553453397,0.419768140823,0.392328719493,0.374687669841,0.383886578696,0.409577351911,10253.6985871,9793.47798742,10406.3653543,9384.32492114,10307.92891,10325.8797468,9948.58161648,9466.16666667,9480.59300477,9882.81687898
-1,0.407744579439,0.392469032787,0.377971384977,0.374799816471,0.389838846698,0.397890777778,0.375358559242,0.375729826603,0.404029733333,0.391460634845,10497.1962617,10072.4028103,9656.81690141,9839.19058824,10109.0707547,9867.26950355,10065.6777251,9718.31353919,10198.4214286,10170.3317422
-1,0.35032122956,0.359465176656,0.329840977848,0.33218071746,0.343602197452,0.344089380192,0.36230075641,0.380355106109,0.318414264516,0.346344469256,9457.94968553,9843.12618297,9320.4335443,9495.91746032,10021,9938.37060703,10012.4711538,10599.221865,9045.70322581,9599.09061489
-1,0.359966662621,0.3940863309,0.391860260976,0.367249831296,0.398089468137,0.382186921376,0.365412635468,0.35733514321,0.349091089109,0.378199181141,10565.2038835,10629.8272506,10743.6243902,10271.2542787,11183.5882353,9913.70761671,9707.42118227,9589.21234568,9692.80445545,10353.439206
-1,0.376735245989,0.367635301075,0.40571807027,0.383151315217,0.346098344262,0.409219186813,0.387989110497,0.341706122222,0.34546072067,0.370099662921,9980.62032086,10179.5860215,10917.7945946,10223.6086957,9215.43715847,10524.1923077,9481.14917127,9580.03333333,8510.8603352,9489.96067416
-1,0.37320464801,0.371834501868,0.391180462594,0.363019825218,0.3678850325,0.371249340426,0.369779938596,0.372817239649,0.370602395729,0.365086930818,10251.9278607,10144.750934,10754.1882793,9594.10486891,10086.7725,10184.0300375,10157.6666667,9921.30238394,9929.82035176,10017.9735849
-1,0.394451890511,0.379966849817,0.387715599265,0.372400424354,0.410600733333,0.414493884758,0.373406496269,0.3779222397,0.34939856391,0.40504405283,9823.82116788,10154.1245421,9479.1875,9517.22878229,9518.42592593,10011.9070632,9280.04104478,9251.98501873,8934.55639098,9788.73962264
-1,0.390757420959,0.382037571174,0.381533634581,0.371551025,0.403031633274,0.388315625448,0.390154357271,0.377976564748,0.390102133333,0.394412624549,9754.76198934,9601.41103203,9597.56327986,9615.70535714,9791.26654741,9328.72580645,9756.19748654,9558.13669065,9944.72792793,9610.78519856
-1,0.379755896226,0.401537744076,0.368951995238,0.363510062201,0.387334879808,0.397710067633,0.391170165049,0.364302019512,0.377999215686,0.366264837438,10234.25,10871.7867299,10214.4857143,10754.784689,11002.7788462,11666.647343,10822.1213592,10002.7073171,10567.1421569,10445.3152709
-1,0.394912596939,0.401722971039,0.3912495,0.382547517949,0.379318732877,0.392907768439,0.390308269759,0.387008650602,0.367988517241,0.398268419689,10124.297619,9863.54344123,10108.0750853,9847.40854701,9894.87671233,10025.3653516,9838.44845361,9685.7555938,9442.76206897,9463.62348877
-1,0.445465955882,0.392127089552,0.346697,0.355219753846,0.34801721875,0.382113142857,0.307832387097,0.334724868852,0.346653,0.429472305085,13663.9852941,10550.119403,9545.42424242,11018.4307692,10558.59375,11783.2539683,9353.62903226,11723,9575.93333333,11618.3559322
-1,0.332393701149,0.352443197674,0.333412494118,0.305886571429,0.336178614458,0.33076454878,0.299049790123,0.3306173125,0.345337898734,0.341782576923,9152.09195402,10114.1395349,9019.25882353,8009.72619048,9227.95180723,9965.36585366,8083.60493827,8731.775,10067.556962,9381.51282051
-1,0.387167453988,0.392762514344,0.375019320329,0.380232407407,0.374720513402,0.368589714876,0.359739554865,0.353252858921,0.369410099792,0.377382064583,10043.4314928,9856.44467213,9517.52566735,9328.19753086,10174.3670103,9857.50413223,9175.04347826,9681.35892116,9617.47401247,10095.1145833
-1,0.398969171548,0.449606251572,0.407256394958,0.403111385263,0.407320540084,0.414843179704,0.381944877119,0.386815747346,0.392452951064,0.42024533049,10631.3117155,11685.6624738,10825.2163866,10415.6463158,10800.6075949,11389.5200846,9918.77330508,10490.2186837,10544.9042553,10572.5820896
-1,0.381369211251,0.396798511494,0.365250571922,0.382054940092,0.377634431373,0.384564196305,0.35749149711,0.37491999537,0.365803377752,0.378644509281,9666.23306544,10029.7126437,9568.75489068,9557.07834101,9841.90426759,9872.24364896,9429.06127168,9472.00925926,9589.32097335,9471.76914153
-1,0.400757274336,0.388756275949,0.397434577947,0.384452256345,0.383048442186,0.39078912341,0.362546095541,0.378180517857,0.372615238825,0.382960996164,10826.4538559,10567.0455696,10549.851711,10050.1916244,10366.7369759,10080.0203562,9783.12484076,10124.1543367,10013.9821201,10313.9897698
-1,0.498166535211,0.420149228571,0.454744797101,0.422719544118,0.339963492537,0.450835984848,0.4127864,0.404143921875,0.463721,0.324275758065,10380.4225352,9277.58571429,10227.1014493,10232.25,7935.53731343,10682.8030303,9047.10769231,10195.234375,10080.0634921,7493.14516129
-1,0.370995156788,0.404054488506,0.379339099808,0.384728253846,0.384008111753,0.382454212355,0.384973595745,0.379090761628,0.390980782524,0.382484126459,9795.00573614,10345.2164751,9654.07485605,9546.95384615,9940.09055877,9845.09459459,9836.43907157,9151.56976744,9424.69708738,9662.4922179
-1,0.388614160057,0.389995815603,0.368810913352,0.369398987198,0.381115149573,0.385434754636,0.377808041429,0.359636856938,0.401636375358,0.379671284075,9677.05524079,9648.19574468,8873.11647727,9183.17069701,9495.22649573,9257.7232525,9124.53571429,8865.50643777,9678.06160458,9348.16499283
-1,0.411942653696,0.431167816764,0.393749994141,0.404856917808,0.413850729412,0.380065298625,0.392967769685,0.393294891519,0.382744304348,0.401405924752,10248.1459144,10394.1734893,9453.54101562,9207.41291585,9874.83529412,9685.6345776,9180.99212598,9717.74556213,9916.58102767,9547.93267327
